Title,Book Blurb,Tone
A Mystery of Errors,"Symington Smythe, a would-be thespian, and fledgling dramatist Will Shakespeare meet at a tavern on the road to London and become travel companions and fast friends. Once in London, they wheedle their way into a company of players and wind up in the middle of romance, mystery, and intrigue.",Suspenseful
Chasing Slow,"Chasing Slow models HGTV star Erin Loechner's journey to help you break out of the faster-better-stronger trap and make small changes to refresh your perspective, renew your priorities, and shift your focus to what matters most. You're here, but you want to be there. So you spend your life narrowing this divide, and you call this your race, your journey, your path. You live your days tightening your boot straps, wiping the sweat from your brow, chasing undiscovered happiness just around the bend. And on and on you run. Viral sensation and HGTV.com star Erin Loechner knows about the chase. Before turning 30, she'd earned the title ""The Nicest Girl Online"" as she was praised for her authentic voice and effortless style. Her HGTV web show garnered over one million fans worldwide, and her client list includes Walt Disney World, IKEA, Martha Stewart and Home Depot. The New York Times applauded her, her friends and church admired her, and her husband and baby adored her. She had arrived at the ultimate destination. So why did she feel so lost? Through a series of steep climbs--her husband's brain tumor, bankruptcy, family loss, and public criticism--Erin learns just how much strength it takes to surrender it all, and to veer right into grace. In Chasing Slow, Erin upgrades her life through downsizing--her stuff, her obligations, her fears, her personal metric of ""perfect."" And ultimately, her invitation becomes yours: to turn away from the fast and frenzy, and find freedom in a new-fashioned lifestyle defined by grace. Life's answers are not always hidden where they seem. It's time to venture off the beaten path to see that we’ve already been given everything we need. We've already arrived. You see? You'll see.",Inspirational
Crime Hits Home,"Everyone comes from someplace. Everyone has somewhere they feel safe. Some people have found their home and are content where they are. Others feel trapped and yearn to go somewhere else. Many are somewhere else and yearn to go back. But evenin these safest of places, sometimes…crime hits home. What happens then? In this volume, MWA brings together some of today’s biggest crime writers—and some of our most exciting new talents—to consider this question. Each writer has defined home as they see fit: a place, a group, a feeling. The crime can come from without or within. What happens when crime hits home? ",Suspenseful
Dark Knights of Steel (2021-) #1,"An entire medieval world will be forever changed when a spaceship crash-lands from a doomed planet. Monarchs will die, kingdoms will rise, and what seemed the end of the world for many…was only the beginning! An epic high-fantasy story set in a DC Universe where nothing is what it seems.",Suspenseful
Death on Tap,"When Sloan Krause walks in on her husband, Mac, screwing the barmaid, she gives him the boot. Sloan has spent her life in Leavenworth, Washington becoming an expert in brewing craft beer, and she doesn’t have time to be held back by her soon-to-be ex-husband. She decides to strike out on her own, breaking away from the Krause family brewery, and goes to work for Nitro, the hip new nano-brewery in the Bavarian-themed town. Nitro’s owner, brewmaster Garrett Strong, has the brew-world abuzz with his newest recipe, “Pucker-Up IPA.” This place is the new cool place in town, and Mac can’t help but be green with envy at their success. But just as Sloan is settling in to her new gig, she finds one of Nitro’s competitors dead in the fermenting tub, clutching the secret recipe for the IPA. When Mac, is arrested, Sloan knows that her ex might be a cheater, but a murderer? No way. Danger is brewing in Beervaria and suddenly Sloan is on the case.",Suspenseful
Depth of Field,"Photographer Tom McCall’s only regret about accepting an assignment from the beautiful Anna Waverley to photograph her boat for a potential buyer is that he has double-booked himself and needs to hand the assignment over to his partner, Bobbi. Little does he know how much of a regret it will become. En route to the assignment, Bobbi is brutally beaten and left for dead. As his partner lies in a coma, Tom searches for an explanation for the attack. Learning that Anna Waverley doesn’t actually own the boat she was supposedly interest in selling, and in fact that the woman claiming to be Anna Waverley may have been an imposter, Tom believes he knows where to start his investigation.",Suspenseful
Don Quixote as Children's Literature,"Cervantes is regarded as the author of the first novel and the inventor of fiction. From its publication in 1605, Don Quixote--recently named the world's best book by authors from 54 countries--has been widely translated and imitated. Among its less acknowledged imitations are stories in children's literature. In context of English adaptation and critical response this book explores the noble and ""mad"" adventures retold for children by distinguished writers and artists in Edwardian books, collections, home libraries, schoolbooks and picture books. More recent adaptations including comics and graphic novels deviate from traditional retellings. All speak to the knight-errant's lasting influence and appeal to children.",Informative
Educated,"Tara Westover was seventeen when she first set foot in a classroom. Instead of traditional lessons, she grew up learning how to stew herbs into medicine, scavenging in the family scrap yard and helping her family prepare for the apocalypse. She had no birth certificate and no medical records and had never been enrolled in school. Westover’s mother proved a marvel at concocting folk remedies for many ailments. As Tara developed her own coping mechanisms, little by little, she started to realize that what her family was offering didn’t have to be her only education. Her first day of university was her first day in school—ever—and she would eventually win an esteemed fellowship from Cambridge and graduate with a PhD in intellectual history and political thought.",Inspirational
F*ck Feelings,"The only self-help book you'll ever need, from a psychiatrist who will help you put aside your unrealistic wishes, stop trying to change things you can't change, and do the best with what you can control--the first steps to solving all of life's impossible problems",Inspirational
Fahrenheit 451,"Guy Montag is a fireman. His job is to destroy the most illegal of commodities, the printed book, along with the houses in which they are hidden. Montag never questions the destruction and ruin his actions produce, returning each day to his bland life and wife, Mildred, who spends all day with her television “family.” But when he meets an eccentric young neighbor, Clarisse, who introduces him to a past where people didn’t live in fear and to a present where one sees the world through the ideas in books instead of the mindless chatter of television, Montag begins to question everything he has ever known.",Suspenseful
Film Genre for the Screenwriter,"Film Genre for the Screenwriter is a practical study of how classic film genre components can be used in the construction of a screenplay. Based on Jule Selbo’s popular course, this accessible guide includes an examination of the historical origins of specific film genres, how and why these genres are received and appreciated by film-going audiences, and how the student and professional screenwriter alike can use the knowledge of film genre components in the ideation and execution of a screenplay. Explaining the defining elements, characteristics and tropes of genres from romantic comedy to slasher horror, and using examples from classic films like Casablanca alongside recent blockbuster franchises like Harry Potter, Selbo offers a compelling and readable analysis of film genre in its written form. The book also offers case studies, talking points and exercises to make its content approachable and applicable to readers and writers across the creative field.",Informative
Firestar,"In the 21st Century, a woman philanthropist launches a private space program aimed at developing new technologies to improve life on Earth. But as with every innovation, this one steps on some people's toes and they resort to violence to stop her. A work of imagination in space technologies.",Suspenseful
Flesh and Fantasy,"The classiest, most outrageous, most intelligent Hollywood book ever assembled, Flesh and Fantasy reveals the wonderful unreality that made ""Hollywood,"" America's greatest contribution to popular world culture. A witty and stylish panorama of the Star System and the Great American Dream Machine, lavishly illustrated with over 1,000 rare and unusual photographs, Flesh and Fantasy is the ultimate Hollywood book. From the history of the Hollywood cleavage to the history of Hollywood reportage, Penny Stallings shows us how stars were made, how they spent their money in the pre-income tax era, how Oscars were won, what happened to the Lights That Failed, and much, much more. A fun, entertaining, intelligent, and unique book with quizzes, games and gossip galore (did you know Clark Gable was slated to be the original Tarzan?) No one who loves the movies and lives for the Late Show should miss Flesh and Fantasy.",Informative
Gender and Women's Leadership,"These volumes provide an authoritative reference resource on leadership issues specific to women and gender, with a focus on positive aspects and opportunities for leadership in various domains.",Informative
Gild,"Locked away in King Midas' kingdom, I have never known freedom. They say it's for my own safety, but now I'm not so sure. Because when political upheaval sees me sent to travel across kingdoms, everything I thought I knew about King Midas is shattered . . . The world has only ever heard his story. Now it's time to hear mine.",Suspenseful
Go Big Now,"Transform Aspirational Thoughts into Life-Changing Results What’s the biggest challenge you face if you want to accomplish great things? It’s getting and keeping the right mindset, according to the hundreds of high achievers Julia Pimsleur has interviewed and worked with as a business coach. In Go Big Now, Pimsleur distills two decades of studying complex mindset practices into eight essential “mindset keys” that can be used by anyone to get the Go Big Mindset and achieve ambitious professional and life goals. Pimsleur shares personal stories of how she used these keys to raise venture capital and build multimillion-dollar companies, and illustrates each key with an example from a leader, CEO, or celebrity whose mindset catapulted them to success. You’ll learn to reframe perceived setbacks, replace unhelpful thoughts and limiting beliefs with empowering ones, and stay motivated to pursue your big goal, even in the face of massive hurdles. With the Go Big Mindset, you’ll boost your mental resilience and discover how to think your way to bigger, better results.",Inspirational
Go Get Your Everything,"This book is about you, and living on your own terms. No anecdotes. No activity sheets or exercises. Just life advice in gritty short takes. Hope you like it rough.",Pessimistic
Golden Chaos,"Life isn't a fairytale, but for a few days I got to pretend it was. Now I'm back in my childhood bedroom in New York, eating breakup ice cream and listening to early 2000s emo music. Whatever, this was the wake-up call I needed. It's time for Ria 2.0. No more bailouts. No more half-baked projects. No more impulsive decisions. Simple, right? Except my ex-boyfriend wants to drop the ex part, the three bears aren't so willing to let their Goldilocks go, and their mother is more Wicked Witch than Mama Bear. How am I supposed to pull it together when chaos follows everywhere I go? ",Optimistic
Handbook of the American Novel of the Nineteenth Century,"This handbook offers students and researchers a compact introduction to the nineteenth-century American novel in the light of current debates, theoretical concepts, and critical methodologies. The volume turns to the nineteenth century as a formative era in American literary history, a time that saw both the rise of the novel as a genre, and the emergence of an independent, confident American culture. A broad range of concise essays by European and American scholars demonstrates how some of America‘s most well-known and influential novels responded to and participated in the radical transformations that characterized American culture between the early republic and the age of imperial expansion. Part I consists of 7 systematic essays on key historical and critical frameworks ― including debates aboutrace and citizenship, transnationalism, environmentalism and print culture, as well as sentimentalism, romance and the gothic, realism and naturalism. Part II provides 22 essays on individual novels, each combining an introduction to relevant cultural contexts with a fresh close reading and the discussion of critical perspectives shaped by literary and cultural theory.",Informative
Help Me,"A hilarious and heartwarming rampage through the world of self-care Marianne Power was a self-help junkie. For years she lined her bookshelves with dog-eared copies of definitive guide after definitive guide on how to live your best life. Yet one day she woke up to find that the life she dreamed of and the life she was living were not miles but continents apart. So she set out to make a change. Or, actually, to make every change. Marianne decided to finally find out if her elusive perfect life—the one without debt, anxiety, hangovers or Netflix marathons, the one where she healthily bounced around town with perfect teeth to meet the cashmere-sweater-wearing man of her dreams—lay in the pages of those books. So for a year she vowed to test a book a month, following its advice to the letter, taking the surest road she knew to a perfect Marianne. As her year-long plan turned into a demented roller coaster where everything she knew was turned upside down, she found herself confronted with a different question: Self-help can change your life, but is it for the better?",Humorous
Her Last Mistake (A Rachel Gift FBI Suspense Thriller—Book 7),"As beautiful women turn up dead, killed in an eerily peaceful way, FBI Special Agent Rachel Gift recognizes the signature of a serial killer—and knows she has little time left if she is to save the next victim. FBI Agent Rachel Gift, 33, unparalleled for her ability to enter the minds of serial killers, is a rising star in the Behavioral Crimes Unit—until a routine doctor visit reveals she has but a few months left to live. Not wishing to burden others with her pain, Rachel decides, agonizing as it is, not to tell anyone—not even her boss, her partner, her husband, or her seven-year-old daughter. She wants to go down fighting, and to take as many serial killers with her as she can. As she races against time to catch the killer, Rachel’s skills are put to the test like never before. Can she connect all the dots before it’s too late? Or will another victim disappear—forever? ",Suspenseful
"Historicizing the Enlightenment, Volume 2","Enlightenment critics from Dryden through Johnson and Wordsworth conceived the modern view that art and especially literature entails a double reflection: a reflection of the world, and a reflection on the process by which that reflection is accomplished. Instead “neoclassicism” and “Augustanism” have been falsely construed as involving a one-dimensional imitation of classical texts and an unselfconscious representation of the world. In fact these Enlightenment movements adopted an oblique perspective that registers the distance between past tradition and its present reenactment, between representation and presence. Two modern movements, Romanticism and modernism, have appropriated as their own these innovations, which derive from Enlightenment thought. Both of these movements ground their error in a misreading of “imitation” as understood by Aristotle and his Enlightenment proponents. Rightly understood, neoclassical imitation, constitutively aware of the difference between what it knows and how it knows it, is an experimental inquiry that generates a range of prefixes—“counter-,” “mock-,” “anti-,” “neo-”—that mark formal degrees of its epistemological detachment. Romantic ideology has denied the role of the imagination in Enlightenment imitation, imposing on the eighteenth century a dichotomous periodization: duplication versus imagination, the mirror versus the lamp. Structuralist ideology has dichotomized narration and description, form and content, structure and history. Poststructuralist ideology has propounded for the novel a contradictory “novel tradition”—realism, modernism, postmodernism, postcolonialism—whose stages both constitute a sequence and collapse it, each stage claiming the innovation of the stage that precedes it.",Informative
How to Help Yourself With Self-Help,"Are Self-Help Books Good for Anything? Have you ever bought a self-help book, read it cover to cover, only to find that nothing changed for you? How many hours have you wasted this way, expecting to improve your life by simply being inspired by something you read? The hard truth is that it’s easy to read self-help, but difficult to implement it in real life. First you need to figure out what exactly to read, and then you need to know what exactly to do with the advice you find inside. The world of self-help has a lot of traps, and throughout my years as a voracious reader, I’ve fallen into probably all of them. Now, as both a reader and an author of self-help books, I’d like to share with you some advice on how to use self-help books in a way that will actually help you achieve real-world results. Here are some of the topics I cover in my short guide How to Help Yourself With Self-Help: - The 5 most common pitfalls of self-help and how to avoid them (you’ve probably fallen victim to most of them). - Tips on how to identify what specific area of your life you should target first in order to benefit the most from reading self-help. - What confirmation bias is, why it’s dangerous, and how to escape it to stay flexible and enjoy consistent personal growth. - How to interpret the advice you get from a book and tailor it to your life circumstances (cookie-cutter approaches don’t work). - Why it’s sometimes better to skip self-help books and what to read instead to help you achieve your goals and become a better person. Don’t let another self-help title become just another book on your shelf. Learn how to read in a more strategic way and, more importantly, act on the advice you get. This short guide can be your first step toward the new you.",Inspirational
How to Write a Mystery,"From 70 of the most successful mystery writers in the business, an invaluable guide to crafting mysteries—from character development and plot to procedurals and thrillers—“this is a writing guide that readers and writers will turn to again and again” (Booklist, starred review). Mystery Writers of America (MWA) is known for providing unparalleled resources on the craft, art, and business of storytelling, helping writers of all levels improve their skills for nearly a century. Now, this handbook helps authors navigate the ever-shifting publishing landscape—from pacing, plotting, the business side of publishing, to the current demand for diversity and inclusivity across all genres, and more. Featuring essays by a new generation of bestselling experts on various elements of the craft and shorter pieces of crowd-sourced wisdom from the MWA membership as a whole, the topics covered can be categorized as follows: —Before Writing (rules; genres; setting; character; research; etc.) —While Writing (outlining; the plot; dialogue; mood; etc.) —After Writing (agents; editors; self-pub; etc.) —Other than Novels (short stories; true crime; etc.) —Other Considerations (diverse characters; legal questions; criticism) Also included is a collection of essays from MWA published authors—including Jeffery Deaver, Tess Gerritsen, and Charlaine Harris—selected by bestselling authors Lee Child and Laurie King and arranged thematically answering, “What piece of writing advice do you wish you’d had at the beginning of your career?” “Everything you wanted to know about how to plan, draft, write, revise, publish, and market a mystery” (Kirkus Reviews), this inclusive manual provides practical, current, easily digestible advice for new and established authors alike.",Informative
How to Write a Short Story,"You always wanted to write short stories but you have no idea where to begin.Do you want to become better at writing fiction?Perhaps you find it hard to come up with ideas for a story or to devise a plot. Maybe you have difficulty developing your own style or is your dialogue rusty.N.A. Turner is here to help you navigate the land of short story writing from outlining your story to attracting readers. Every aspiring writer dreams of people reading his or her work. Short story writing is a way of both developing your writing style and to introduce your talent to potential readers. At the start of their career, the likes of Stephen King and Charles Bukowski made a name for themselves by writing and publishing short stories.Learn more about N.A. Turner's writing tips based on his experience and research.This guide teaches you: - How to write well-structured short stories- How to determine your theme- How to plot your story- How to create engaging, interesting characters- How to build a fictional world- How to write scenes and clear dialogue- How to get to that first draft and edit your story- How to publish your short stories in the current market- And much moreThis guidebook will show you a step-by-step process to successfully write and publish short stories. From developing an idea to attracting readers online. This comprehensive, step-by-step guide is all you need to get started.",Informative
In Ashes Lie,"ABOVE It is the seventeenth century. For twenty years, the City of London has been torn apart: by war, by plague, by fire. BELOW The Onyx Court is London's faerie shadow. Dedicated to co-existence with mortals, it struggles to survive against rival courts who oppose everything it stands for. BETWEEN Now, when these two realms are at their most divided, they face a threat neither can defeat alone. The Great Fire ravaging London is more than mere flames. While the city's human residents struggle to halt the inexorable blaze, the fae must defeat a stranger foe: the embodiment of the fire itself, a monstrous Dragon that seeks to devour London both above and below. If the faerie queen Lune and her mortal consort cannot bring the two worlds together, the city itself may not survive . . . .",Suspenseful
Initiation into the Mysteries of the Ancient World,"The ancient Mysteries have long attracted the interest of scholars, an interest that goes back at least to the time of the Reformation. After a period of interest around the turn of the twentieth century, recent decades have seen an important study of Walter Burkert (1987). Yet his thematic approach makes it hard to see how the actual initiation into the Mysteries took place. To do precisely that is the aim of this book. It gives a ‘thick description’ of the major Mysteries, not only of the famous Eleusinian Mysteries, but also those located at the interface of Greece and Anatolia: the Mysteries of Samothrace, Imbros and Lemnos as well as those of the Corybants. It then proceeds to look at the Orphic-Bacchic Mysteries, which have become increasingly better understood due to the many discoveries of new texts in the recent times. Having looked at classical Greece we move on to the Roman Empire, where we study not only the lesser Mysteries, which we know especially from Pausanias, but also the new ones of Isis and Mithras. We conclude our book with a discussion of the possible influence of the Mysteries on emerging Christianity. Its detailed references and up-to-date bibliography will make this book indispensable for any scholar interested in the Mysteries and ancient religion, but also for those scholars who work on initiation or esoteric rituals, which were often inspired by the ancient Mysteries.",Informative
"Jordan Peterson, God, and Christianity","Jordan Peterson's lectures and writings on psychology, philosophy, and religion have been a cultural phenomenon. Yet Peterson's own thought is marked by a tensive suspension between archetype and reality--between the ideal of Christ and the God who acts in history. Jordan Peterson, God, and Christianity: The Search for a Meaningful Life is the first systematic analysis, from a Christian perspective, of both Peterson's biblical series on YouTube and his bestselling book 12 Rules for Life, with an epilogue examining its sequel, Beyond Order. Christopher Kaczor and Matthew R. Petrusek draw readers into the depths of Peterson's thought on Scripture, suffering, and meaning, exploring both the points of contact with Christianity and the ways in which faith fulfills Peterson's project.",Informative
Landslide,"There ought to be a law that Gabe Shaw - hippie lumberjack, Viking with a man bun - should never be allowed to hold tiny infants against his broad, muscular chest. Celebrity makeup artist Josie Torres has three rules when it comes to men: No spending the night. No second dates. No falling in love. Her rules protect her still-healing heart and leave Josie free to chase her true love: the electric nights of Los Angeles. But when she arrives in funky, bohemian Big Sur for a photo shoot, those rules are no match for the small town's sexy bar owner. Gabe Shaw has a good life in Big Sur. Surrounded by family and friends, he's the third-generation-owner of The Bar, the only place where quirky locals can escape the tourists and drink in peace. He's in love with his hometown and its verdant beauty, but he still yearns for one thing: his soul mate. After one night of searing passion, Josie intends to run... like she always does. But a storm as strong as their attraction unleashes on Big Sur, leaving her trapped. Gabe has the funniest feeling he's found what he was missing. But it's only been a week - and the last person that made Josie feel this much destroyed her world. She can't-she won't-make the sacrifices Gabe is asking her to make.",Optimistic
Legacy of Ash,"Legacy of Ash is an unmissable fantasy debut--an epic tale of intrigue and revolution, soldiers and assassins, ancient magic and the eternal clash of empires. A shadow has fallen over the Tressian Republic. Ruling families -- once protectors of justice and democracy -- now plot against one another with sharp words and sharper knives. Blinded by ambition, they remain heedless of the threat posed by the invading armies of the Hadari Empire. Yet as Tressia falls, heroes rise. Viktor Akadra is the Republic's champion. A warrior without equal, he hides a secret that would see him burned as a heretic. Josiri Trelan is Viktor's sworn enemy. A political prisoner, he dreams of reigniting his mother's failed rebellion. And yet Calenne Trelan, Josiri's sister, seeks only to break free of their tarnished legacy; to escape the expectation and prejudice that haunts the family name. As war spreads across the Republic, these three must set aside their differences in order to save their home. Yet decades of bad blood are not easily set aside. And victory -- if it comes at all -- will demand a darker price than any of them could have imagined.",Informative
Living the Creative Life,"How DO they do it? If you could ask your favorite artist or crafter only one question, chances are you'd ask about creativity: Where do your ideas come from? How did you get started? What are your tricks for overcoming blocks? In Living the Creative Life, author Ricë Freeman-Zachery has compiled answers to these questions and more from 15 successful artists in a variety of mediums—from assemblage to fiber arts, beading to mixed-media collage. Creativity is different for everyone, and these artists share their insights on the muse (if you believe in her), keeping a sketchbook (or not), and prioritizing your art, whether you aspire to create solely for your own pleasure or to become a full-time artist. • Try your hand at creative jumpstarts straight from the pros. • Glimpse the artists' innermost thoughts and works in progress as you peruse pages from their journals and notebooks. • Share textile artist Sas Colby's triumph over creative block during an exotic art retreat. • Learn how internationally acclaimed artist James Michael Starr uses experience from his former ""day job"" to fuel his creation today. • Explore the work of Michael deMeng, Claudine Hellmuth, Melissa Zink and the other artists right alongside their insights. No crafter or artist should live the creative life without Living the Creative Life! The inspiration is contagious.",Informative
Long Walk to Freedom,"Nelson Mandela was one of the great moral and political leaders of his time: an international hero whose lifelong dedication to the fight against racial oppression in South Africa won him the Nobel Peace Prize and the presidency of his country. After his triumphant release in 1990 from more than a quarter-century of imprisonment, Mandela was at the center of the most compelling and inspiring political drama in the world. As president of the African National Congress and head of South Africa's antiapartheid movement, he was instrumental in moving the nation toward multiracial government and majority rule. He is still revered everywhere as a vital force in the fight for human rights and racial equality. Long Walk to Freedom is his moving and exhilarating autobiography, destined to take its place among the finest memoirs of history's greatest figures. Here for the first time, Nelson Rolihlahla Mandela told the extraordinary story of his life -- an epic of struggle, setback, renewed hope, and ultimate triumph. The book that inspired the major motion picture Mandela: Long Walk to Freedom.",Inspirational
Makeup and Murder,"Beauty consultant Ziva Diaz is a girl boss who doesn't back down from anyone. When she's attacked inside a client's home and wakes to find a dead body, she gives up the safety of selling lipsticks for the dangerous role of detective. The dead man was her top client's husband, and it turns out he used his money to buy more than happiness. With suspects piling up, a killer on the loose and her own life threatened, Ziva vows to solve the case and digs her high heels in even deeper. The last thing she expected is finding another dead body - or befriending the murderer!",Suspenseful
Modern Scottish Diaspora,"Explores the connectedness of the diaspora to the homeland from a variety of different perspectives. This book explores a range of different perspectives on the Scottish diaspora, reflecting a growing interest in the subject from academics, politicians and policy makers and coinciding with Scotland's second year of homecoming in 2014. The Scottish Government has actively developed a diaspora strategy, not least in order to encourage 'roots tourism', as those individuals of Scots descent come back to visit their 'homeland' diaspora. Key FeaturesExamines the importance of links within the Scottish diaspora for Scots both at home and abroad.Multi-disciplinary perspectives from literature to sportOf interest to policy makers, genealogists, tourism bodies, politicians and general publicThe Scots form one of the world's largest diasporas, with around 30 million people worldwide claiming a Scottish ancestry. There are few countries around the globe without a Caledonian Society, a Burns Club, a Scottish country dance society, or similar organisation. The diaspora is therefore of interest to politicians, to public policy makers and to Scottish business; as well as to those working in the media, in sport, in literature and in music.",Informative
Move on Motherf*cker,"Your negative inner voice is a total assh*le. Tell it to f*ck off with this irreverent, laugh-out-loud guide! I’m not good enough. This shouldn’t be happening. Things never work out for me. When we’re anxious, stressed, or fearful, the negative voice in our heads can be extremely powerful. It tells us we’re not smart or attractive enough. It berates us for our mistakes. And it keeps us feeling stuck in an endless loop of worry, shame, and hopelessness. But there is a way to shut it down. Blending evidence-based cognitive behavioral therapy (CBT), mindfulness, and profanity, this unexpected guide will show you how to respond to your negative inner voice with one very important phrase: Move on, mother*cker (MOMF)! With MOMF, you’ll learn to manage worry and anxiety, put a stop to unhelpful internal dialogue, and approach new situations with humor, levity, and perspective. You’ll also find real tools to help you: Set personal and professional boundaries Identify toxic or codependent relationships Become assertive without being aggressive Stop seeking perfection This book also includes journaling and other self-awareness exercises to help you put MOMF to work every day. So, stop letting your inner voice tear you down. With this fun and effective guide, you’ll learn how to take control of your negative thoughts and get back to living your best life.",Humorous
Murder at the Brightwell,"“It’s more terrible than you think, Mrs. Ames. It appears that Mr. Howe was murdered.” Amory Ames, a wealthy young woman questioning her marriage to her notoriously charming playboy husband, Milo, is looking for a change. She accepts a request for help from her former fiancé, Gil Trent, not knowing that she’ll soon become embroiled in a murder investigation that will not only test her friendship with Gil, but also will upset the status quo with her husband. Amory accompanies Gil to the luxurious Brightwell Hotel in an attempt to circumvent the marriage of his sister, Emmeline, to Rupert Howe a disreputable ladies man. There is more than her happiness at stake, however, when Rupert is murdered and Gil is arrested for the crime. Matters are further complicated by Milo’s unexpected arrival, and as the line between friend and foe becomes less clear, Amory must decide where her heart lies and catch the killer before she, too, becomes a victim. ",Suspenseful
Murder in the Bookshop,"Balfour is a successful man who is passionate about collecting rare books. Balfour is married to Allie, whom he neglects in favor of his passion. He employs Keith Ramsey to manage his enterprise. When Balfour is informed that John Sewell has a pair of rare Lewis Carroll volumes for his collection, he goes to Sewell's Bookstore with Keith, however, the store is closed. He breaks in with Keith, and they begin searching the bookshelves for Lewis Carroll's volumes. The light goes out, and Philip is murdered. While Keith is chloroformed. Sewell realizes he needs to invite an old friend, Detective Fleming Stone to solve the murder mystery.",Suspenseful
Neil Patrick Harris,"Seeking an exciting read that puts the “u” back in “aUtobiography”? Look no further than Neil Patrick Harris: Choose Your Own Autobiography! In this entertaining and innovative memoir, Neil Patrick Harris shares intimate and hilarious stories about everything from his early days in LA, life on the How I Met Your Mother set, secrets from backstage at award shows, and family life with David, Harper, and Gideon. In a fresh spin on the typical celebrity narrative, he lets you, the reader, choose which path you want him to follow. All this plus magic tricks, cocktail recipes, embarrassing pictures from his time as a child actor, and even a closing song!",Humorous
Nona the Ninth,"Her city is under siege. The zombies are coming back. And all Nona wants is a birthday party. In many ways, Nona is like other people. She lives with her family, has a job at her local school, and loves walks on the beach and meeting new dogs. But Nona's not like other people. Six months ago she woke up in a stranger's body, and she's afraid she might have to give it back. The whole city is falling to pieces. A monstrous blue sphere hangs on the horizon, ready to tear the planet apart. Blood of Eden forces have surrounded the last Cohort facility and wait for the Emperor Undying to come calling. Their leaders want Nona to be the weapon that will save them from the Nine Houses. Nona would prefer to live an ordinary life with the people she loves, with Pyrrha and Camilla and Palamedes, but she also knows that nothing lasts forever. And each night, Nona dreams of a woman with a skull-painted face.",Suspenseful
Open,"From Andre Agassi, one of the most beloved athletes in history and one of the most gifted men ever to step onto a tennis court, a beautiful, haunting autobiography. Agassi’s incredibly rigorous training begins when he is just a child. By the age of thirteen, he is banished to a Florida tennis camp that feels like a prison camp. Lonely, scared, a ninth-grade dropout, he rebels in ways that will soon make him a 1980s icon. He dyes his hair, pierces his ears, dresses like a punk rocker. By the time he turns pro at sixteen, his new look promises to change tennis forever, as does his lightning-fast return. And yet, despite his raw talent, he struggles early on. We feel his confusion as he loses to the world’s best, his greater confusion as he starts to win. After stumbling in three Grand Slam finals, Agassi shocks the world, and himself, by capturing the 1992 Wimbledon. Overnight he becomes a fan favorite and a media target. Agassi brings a near-photographic memory to every pivotal match and every relationship. Never before has the inner game of tennis and the outer game of fame been so precisely limned. Alongside vivid portraits of rivals from several generations—Jimmy Connors, Pete Sampras, Roger Federer—Agassi gives unstinting accounts of his brief time with Barbra Streisand and his doomed marriage to Brooke Shields. He reveals a shattering loss of confidence. And he recounts his spectacular resurrection, a comeback climaxing with his epic run at the 1999 French Open and his march to become the oldest man ever ranked number one. In clear, taut prose, Agassi evokes his loyal brother, his wise coach, his gentle trainer, all the people who help him regain his balance and find love at last with Stefanie Graf. Inspired by her quiet strength, he fights through crippling pain from a deteriorating spine to remain a dangerous opponent in the twenty-first and final year of his career. Entering his last tournament in 2006, he’s hailed for completing a stunning metamorphosis, from nonconformist to elder statesman, from dropout to education advocate. And still he’s not done. At a U.S. Open for the ages, he makes a courageous last stand, then delivers one of the most stirring farewells ever heard in a sporting arena.",Inspirational
Ready Player One,"A world at stake. A quest for the ultimate prize. Are you ready? In the year 2045, reality is an ugly place. The only time Wade Watts really feels alive is when he’s jacked into the OASIS, a vast virtual world where most of humanity spends their days. When the eccentric creator of the OASIS dies, he leaves behind a series of fiendish puzzles, based on his obsession with the pop culture of decades past. Whoever is first to solve them will inherit his vast fortune—and control of the OASIS itself. Then Wade cracks the first clue. Suddenly he’s beset by rivals who’ll kill to take this prize. The race is on—and the only way to survive is to win. ",Suspenseful
Shared Fantasy,"This classic study still provides one of the most acute descriptions available of an often misunderstood subculture: that of fantasy role playing games like Dungeons & Dragons. Gary Alan Fine immerses himself in several different gaming systems, offering insightful details on the nature of the games and the patterns of interaction among players—as well as their reasons for playing.",Informative
Teaching Tainted Lit,"Popular American fiction has now secured a routine position in the higher education classroom despite its historic status as culturally suspect. This newfound respect and inclusion have almost certainly changed the pedagogical landscape, and Teaching Tainted Lit explores that altered terrain. If the academy has historically ignored, or even sneered at, the popular, then its new accommodation within the framework of college English is noteworthy: surely the popular introduces both pleasures and problems that did not exist when faculty exclusively taught literature from an established “high” canon. How, then, does the assumption that the popular matters affect teaching strategies, classroom climates, and both personal and institutional notions about what it means to study literature? The essays in this collection presume that the popular is here to stay and that its instructive implications are not merely noteworthy, but richly nuanced and deeply compelling. They address a broad variety of issues concerning canonicity, literature, genre, and the classroom, as its contributors teach everything from Stephen King and Lady Gaga to nineteenth-century dime novels and the 1852 best-seller Uncle Tom’s Cabin. It is no secret that teaching popular texts fuels controversies about the value of cultural studies, the alleged relaxation of aesthetic standards, and the possible “dumbing down” of Americans. By implicitly and explicitly addressing such contentious issues, these essays invite a broader conversation about the place of the popular not only in higher education but in the reading lives of all Americans.",Informative
Tell No One,"For Dr. David Beck, the loss was shattering. And every day for the past eight years, he has relived the horror of what happened. The gleaming lake. The pale moonlight. The piercing screams. The night his wife was taken. The last night he saw her alive. Everyone tells him it’s time to move on, to forget the past once and for all. But for David Beck, there can be no closure. A message has appeared on his computer, a phrase only he and his dead wife know. Suddenly Beck is taunted with the impossible—that somewhere, somehow, his wife is alive…and he’s been warned to tell no one. ",Suspenseful
Telling the Stories of Life through Guided Autobiography Groups,"Telling the Stories of Life through Guided Autobiography Groups, based on James Birren's 25 years of conducting autobiography groups, discusses all the topics an organizer faces while developing a program for adults who want to recall and write down their life histories. This book is ideal for adult education programs, church groups, social workers, psychologists, gerontologists, and others who work with adults who might be interested in exploring, recording, or sharing their personal histories. It helps professionals and trained workshop leaders at community centers, senior centers, schools and other settings guide group participants in exploring major themes of their lives so that they can organize and write their stories and share them in a group with others on the same journey. This exercise is rewarding for adults of any age in a period of transition or with interest in gaining insight from their own stories. Personal development and a feeling of connection to other participants and their stories is a natural outcome of this process. This book provides background material and detailed lesson plans for those who wish to develop and lead an autobiography group. The authors explain the concept of guided autobiography, discuss the benefits to the group participants, and provide logistical information on how to plan, organize, and set up a group. An appendix provides exercises, handouts, and suggested adaptations for specific groups. The book also explains a systematic method of priming memories, including the history of family and of one's life work, the role of money, health and the body, and ideas about death. At a time when rapid change has created a widespread yearning to write down and exchange personal accounts, sharing life stories can reveal a great deal about how we have come to be the persons we are. Telling the Stories of Life through Guided Autobiography Groups shows how to organize, record, and share life experiences through a proven and effective technique.",Informative
The Barrow,"To find the Sword, unearth the Barrow. To unearth the Barrow, follow the Map. When a small crew of scoundrels, would-be heroes, deviants, and ruffians discover a map that they believe will lead them to a fabled sword buried in the barrow of a long-dead wizard, they think they've struck it rich. But their hopes are dashed when the map turns out to be cursed and then is destroyed in a magical ritual. The loss of the map leaves them dreaming of what might have been, until they rediscover the map in a most unusual and unexpected place. Stjepan Black-Heart, suspected murderer and renegade royal cartographer; Erim, a young woman masquerading as a man; Gilgwyr, brothel owner extraordinaire; Leigh, an exiled magus under an ignominious cloud; Godewyn Red-Hand, mercenary and troublemaker; Arduin Orwain, scion of a noble family brought low by scandal; and Arduin's sister Annwyn, the beautiful cause of that scandal: together they form a cross section of the Middle Kingdoms of the Known World, united by accident and dark design, on a quest that will either get them all in the history books...or get them all killed. ",Suspenseful
The Black Cauldron,"The peaceful land of Prydain is under threat. The evil Lord of Annuvin is using the dark magic of the Black Cauldron to create a terrifying army of deathless warriors. The Cauldron must be destroyed, and Taran joins Prince Gwydion and his faithful knights, Ellidyr and Adaon, in this perilous quest. Taran is desperate to wear his first sword and prove his worth amongst such noble men. But their adventure will demand great sacrifices, as each warrior fulfils his destiny in totally unexpected ways. ",Suspenseful
The Cambridge Companion to Fantasy Literature,This is the first introduction to the whole field of modern fantasy literature in the English-speaking world.,Informative
The End of Self-Help,"The self-help genre is replete with books telling people how to be happier and more fulfilled. And books with a spiritual or mindfulness perspective suggest that being present is the solution. But no book provides the precise and constructive guidance needed to discover that happiness is truly possible in any moment. Until now. Using clear language and useful examples, ""The End of Self-Help: Discovering Peace and Happiness Right at the Heart of Your Messy, Scary, Brilliant Life"" describes how personal suffering is a case of mistaken identity. The book starts with common, entrenched psychological experiences such as unresolved problems from the past, worries about the future, feelings of inadequacy, compulsive behaviors, and confusing emotions. In skillful detail, it illuminates the shift of attention required for true happiness. Explorations in each chapter bring the material alive in the reader's own experience, essential to challenge decades of conditioning.The book walks alongside readers as they become experts in how their thoughts and feelings bring about suffering and realize the simple fact of peaceful, aware presence that is always here and available. It describes that this infinite, spacious presence is the truth of who we are, that we're not limited to our thoughts and feelings. The book illustrates how to live this insight in the moments of everyday life.",Inspirational
The Hercules Text,"From a remote corner of the galaxy a message is being sent. The continuous beats of a pulsar have become odd, irregular…artificial. It can only be a code. Frantically, a research team struggles to decipher the alien communication. And what the scientists discover is destined to shake the foundations of empires around this world—from Wall Street to the Vatican…",Suspenseful
The Hidden Mysteries,"The creation of the world which consist of humans, the universe which comprises of all the existing matter and space as a whole is still a mystery which mankind has not been able to give a concrete answer to. Simply put a mystery is best described as something that is difficult or impossible to understand or explain. It can also be looked at as something beyond the comprehension of man. The Bible tells us that the mystery of God is Jesus Christ now revealed in us: Colossians 2:-3 KJV: “ In whom are hid all the treasures of wisdom and knowledge. From the perspective of the Bible a mystery is something that was hidden at one time but has been made known to the children of God. Unravelling the mystery of God is something that is beyond the comprehension of man. It is mind blowing and explosive for man to want to unravel it by their own human understanding, knowledge, or intelligence. This can only be achieved through the help of the Holy Spirit. That is why when Jesus was talking to his disciples about his impending crucifixion and resurrection in John 16 verse 13 & 14 “Howbeit when he, the Spirit of truth, is come, he will guide you into all truth: for he shall not speak of himself; but whatsoever he shall hear, that shall he speak: and he will shew you things to come. He shall glorify me: for he shall receive of mine and shall shew it unto you. So this book The Hidden Mystery focus on what aspect of God’s word could be termed as mysteries:- The mystery of conception and birth both physical and spiritual: The mystery of Faith: The mystery of marriage: The mystery of the Word: The mystery of Prayer: the Mystery of Life; The mystery of the cross etc. When it comes to the mysteries of God and the truth surrounding the creation of mankind, there is a constant battle going on in man’s mind. The raging battle is centered around “belief and unbelief” Such battles can only be won by submitting totally to the will of God.",Informative
The Icarus Hunt," Jordan McKell has a problem with authority. Unfortunately for him, the iron-fisted authority of the powerful Patthaaunutth controls virtually every aspect of galactic shipping. In order to survive, Jordan ekes out a living dabbling in interstellar smuggling for outlaw concerns that represent the last vestiges of free trade in the galaxy. So when Jordan and his partner, Ixil--an alien with two ferret-like ""outhunters"" linked to his neural system--are hired by a mysterious gentleman to fly a ship and its special cargo to Earth, they jump at the job. Caution has never been one of Jordan's strong suits. But this time he may have taken on more than even he can handle. The ship, Icarus, turns out to be a ramshackle hulk, the ragtag crew literally picked up off the street, and the cargo so secret, it's sealed in a special container that takes up most of the cramped and ill-designed ship. As if that weren't bad enough, it looks like the authorities already suspect something is afoot, there's a saboteur aboard, and the Icarus appears to be shaking apart at the seams. It doesn't seem as if things could get any worse. That is, until a beautiful crew member helps McKell uncover the true nature of the cargo he's carrying. With his enemies closing in on the lumbering Icarus, the unknown saboteur still aboard, and authorities on Earth pressured to turn them in, McKell and Ixil become fugitives. Their only chance is to stay one step ahead of their pursuers as they try to make it home. A bold and epic novel filled with unrelenting action and a good dose of humor, The Icarus Hunt is a wild hyperspace romp through the galaxy.",Suspenseful
The Impossible David Lynch,"Todd McGowan studies Lynch's talent for blending the bizarre and the normal to emphasise the odd nature of normality itself. In Lynch's movies, fantasy becomes a means through which the viewer is encouraged to build a revolutionary relationship with the world.",Informative
The Marriage Game,"A high stakes wager pits an aspiring entrepreneur against a ruthless CEO in this sexy romantic comedy. After her life falls apart, recruitment consultant Layla Patel returns home to her family in San Francisco. But in the eyes of her father, who runs a Michelin starred restaurant, she can do no wrong. He would do anything to see her smile again. With the best intentions in mind, he offers her the office upstairs to start her new business and creates a profile on an online dating site to find her a man. She doesn’t know he’s arranged a series of blind dates until the first one comes knocking on her door… As CEO of a corporate downsizing company Sam Mehta is more used to conflict than calm. In search of a quiet new office, he finds the perfect space above a cozy Indian restaurant that smells like home. But when communication goes awry, he's forced to share his space with the owner's beautiful yet infuriating daughter Layla, her crazy family, and a parade of hopeful suitors, all of whom threaten to disrupt his carefully ordered life. As they face off in close quarters, the sarcasm and sparks fly. But when the battle for the office becomes a battle of the heart, Sam and Layla have to decide if this is love or just a game.",Humorous
The Mystery of Edwin Drood,"Edwin Drood is contracted to marry orphan Rosa Bud when he comes of age, but when they find that duty has gradually replaced affection, they agree to break off the engagement. Shortly afterwards, in the middle of a storm on Christmas Eve, Edwin disappears, leaving nothing behind but some personal belongings and the suspicion that his jealous uncle John Jasper, madly in love with Rosa, is the killer. And beyond this presumed crime there are further intrigues: the dark opium dens of the sleepy cathedral town of Cloisterham, and the sinister double life of Choirmaster Jasper, whose drug-fuelled fantasy life belies his respectable appearance. Dickens died before completing The Mystery of Edwin Drood, leaving its tantalising mystery unsolved and encouraging successive generations of readers to turn detective.",Suspenseful
The No-Self Help Book,"It’s time to get over your self! Written by a clinical psychologist and student of Eastern philosophy, this handy little guide offers a radical solution to anyone struggling with self-doubt, self-esteem, and self-defeating thoughts: “no-self help.” By breaking free of your own self-limiting beliefs, you’ll discover your infinite potential. There is an insidious, global identity theft occurring that has robbed people of their very recognition of their true selves. The culprit—indeed the mastermind of this crisis—has committed the inside job of creating and promoting the idea that we are all a separate self, which is the chief source of our daily distress and dissatisfaction. No more than a narrative of personhood pieced together from disparate neural activations, the self we believe ourselves to be in our own minds—although quite capable of being affirming, inspiring, and constructive—often spews forth a distressing flow of worry and second-guessing, blaming and shaming, regret and guilt. This book offers an antidote to this epidemic of stolen identity, isolation, and self-deprecation: no-self (a concept known in Buddhist philosophy as anatta or anatman). The No-Self Help Book turns the idea of self-improvement on its head, arguing that the key to well-being lies not in the relentless pursuit of bettering one’s self but in the recognition of the self as a false identity born in the mind. Rather than identifying with a small, relative sense of self, this book encourages you to embrace a liberating alternative—an expansive awareness that is flexible and open to experiencing life as an ongoing and ever-changing process, without attachment to personal outcomes or storylines. To help you make this leap from self to no-self, the book provides forty bite-sized chapters full of clever and inspiring insights based in positive psychology and non-duality—a philosophy that asserts there is no real separation between any of us. So, if you’re tired of “self-help” and you’re ready to explore who you are beyond the self, let The No-Self Help Book be your guide.",Inspirational
The Running Girl,"It is supposed to be a fine February weekend: cold and crisp, with clear sunny skies. The forecasts do not mention murder... Jean-Claude Keyes, following his furniture to his new house in Stratford, is driving west with his Toronto editor when a savage blizzard begins. Seeking shelter with a motley crew of strangers forced off the highway by the blowing snow, Keyes is trapped in the centre of a different kind of storm: the storm around a murder at the Blue Bayou Motel. Who pulls the trigger on that deadly little gun? The motel’s cook and co-owner, mysterious Oswald Feist? Itinerant musician Moanin’ Joe McKendricks? Or is the real murderer stalking the rooms of the Blue Bayou, hidden by the ice-white swirling wind and frigid darkness?",Suspenseful
The Self-Help Myth,"The Self-Help Myth reveals how philanthropy maintains systems of inequality by attracting attention to the behaviors and responsibilities of poor people while shifting the focus away from structural inequities and relationships of power that produce poverty. The book features foundation investments in addressing migrant poverty in California's Central Valley, simultaneously one of the wealthiest agricultural production regions in the world and home to the poorest people in the United States. The case studies show how compromises between foundation staff and community organizers produce programs that ask farmworkers to help themselves while excluding strategies that address the role of industrial agriculture in creating and maintaining regional poverty. Through archival and ethnographic case studies of foundation investments leading up to the historic Farm Worker Movement, to large scale foundation-driven initiatives to improve conditions in agricultural communities during the 1990s and 2000s, foundations set firm boundaries around definitions of self-help - excluding labor organizing, immigrant rights, and advocacy approaches that hold industry accountable for the enduring abuses of farmworkers and immigrants. Processes of professionalization and institutionalization required to maintain philanthropic relationships further frustrate nonprofit organizational staff increasingly accountable to foundations and not to the people they aim to represent and serve.",Informative
The Shame Factor,"A popular clinical psychologist explores an often misunderstood and unrecognized emotion that's the root cause of many self-defeating and harmful behaviors.Emotional paralysis, a distorted view of self, a feeling of being a fraud, lack of trust in others, fear of criticism resulting in underdeveloped talents, and a chronic sense of being worthless, invisible, or disposable—these are typical symptoms of shame. In this book, psychologist Stephan B. Poulter delves into this ""primary emotional wound."" Distinguishing it from commonplace guilt over a particular moral failing, he describes this toxic emotion as a pervasive but largely unrecognized ""emotional cancer,"" with the power of undermining many aspects of life.Dr. Poulter guides the reader through exercises that teach one to expose this ""big secret"" and to recognize the triggers in daily life that arouse fears and other negative emotions. Beyond these first steps, he shows how we can continue the healing process of self-acceptance, self-forgiveness, empathy, and a new sense of inner well-being.Based on thirty years of experience with patients of all ages and from many walks of life, this is a book full of insight and understanding, one that can help most of us discover and realize our full potentials.",Inspirational
The Sittaford Mystery,"In a remote house in the middle of Dartmoor, six shadowy figures huddle around a table for a seance. Tension rises as the spirits spell out a chilling message: ""Captain Trevelyan . . . dead . . . murder."" Is this black magic or simply a macabre joke? The only way to be certain is to locate Captain Trevelyan. Unfortunately, his home is six miles away and, with snowdrifts blocking the roads, someone will have to make the journey on foot. . . .",Suspenseful
The Tao Is Silent,"The Tao Is Silent Is Raymond Smullyan's beguiling and whimsical guide to the meaning and value of eastern philosophy to westerners. ""To me,"" Writes Smullyan, ""Taoism means a state of inner serenity combined with an intense aesthetic awareness. Neither alone is adequate; a purely passive serenity is kind of dull, and an anxiety-ridden awareness is not very appealing."" This is more than a book on Chinese philosophy. It is a series of ideas inspired by Taoism that treats a wide variety of subjects about life in general. Smullyan sees the Taoist as ""one who is not so much in search of something he hasn't, but who is enjoying what he has."" Readers will be charmed and inspired by this witty, sophisticated, yet deeply religious author, whether he is discussing gardening, dogs, the art of napping, or computers who dream that they're human.",Poetic
The Unwanted Wife,"Delicate, titian-haired Theresa Noble has met her father's associates in the past, but the gorgeous, Italian-born Sandro De Lucci leaves her speechless. Eighteen months into their marriage, however, Sandro has turned to ice. Desperate to escape a relationship that has proven to be as stubbornly passionate as it is cold and hateful, Theresa summons up the courage to ask for a divorce. But before he'll grant her request, Sandro demands something from Theresa: a son. The stalemate sickens her. Never mind that Sandro has yet to introduce Theresa to the large family that means so much to him. Or that Theresa overhears her husband on the phone with a mystery woman. Most damning is that Theresa senses, in Sandro's treatment of her, the behind-the-scenes machinations of Jackson Noble, her cruel father. From the depths of her anxiety, Theresa must seek an empowering truth about the husband who calls her, with such cold affection, his cara, his beloved.",Suspenseful
The War of the Worlds,"At the turn of the twentieth century, few would believe that mankind is being watched from above. But millions of miles from Earth, the lords of the Red Planet prepare their armies for invasion, waiting for the moment to strike. When they land in the English countryside, baffled humans approach, waving white flags, and the Martians burn them to a crisp. The war has begun, and mankind doesn’t stand a chance. As Martian armies roll across England, one man fights to keep his family safe, risking his life—and his sanity—on the front lines of the greatest war in galactic history. ",Suspenseful
The Winning Clue,"Enid Withers is found dead and amateur detective Lawrence Bristow takes up on a challenge to solve the mystery of her murder. But after hitting few dead ends, Bristow is joined by a professional investigator Samuel Braceway. Both have their unique ways and different theories, and believe the other one is on the wrong trail. ",Suspenseful
The Zones of Regulation,"... a curriculum geared toward helping students gain skills in consciously regulating their actions, which in turn leads to increased control and problem solving abilities. Using a cognitive behavior approach, the curriculum's learning activities are designed to help students recognize when they are in different states called ""zones,"" with each of four zones represented by a different color. In the activities, students also learn how to use strategies or tools to stay in a zone or move from one to another. Students explore calming techniques, cognitive strategies, and sensory supports so they will have a toolbox of methods to use to move between zones. To deepen students' understanding of how to self-regulate, the lessons set out to teach students these skills: how to read others' facial expressions and recognize a broader range of emotions, perspective about how others see and react to their behavior, insight into events that trigger their less regulated states, and when and how to use tools and problem solving skills. The curriculum's learning activities are presented in 18 lessons. To reinforce the concepts being taught, each lesson includes probing questions to discuss and instructions for one or more learning activities. Many lessons offer extension activities and ways to adapt the activity for individual student needs. The curriculum also includes worksheets, other handouts, and visuals to display and share. These can be photocopied from this book or printed from the accompanying CD.",Informative
You Are Not a Rock,"Mental health is . . . being yourself. A prescriptive and positive guide, illustrated with line drawings, making the case that mental well-being, like physical health, can be strengthened over time and with specific techniques We all want to feel less anxiety, guilt, anger and sadness. We want to obsess less and be less lonely, free ourselves from our demons, compulsive habits, and stress. But as humans (unlike rocks) we experience all of these. And paradoxically, trying to avoid and control them only makes things worse. Having struggled with serious mental illness for many years himself, Mark Freeman has become a dedicated mental-health advocate and coach. He makes the case that instead of trying to feel less and avoid pain and stress, we need to build emotional fitness, especially our capacity for strength, balance and focus. With wit, compassion, and depth of experience and anecdotes, he shows that we can recover from many mental disorders, from mild to very serious, at all ages and stages of life, and even if other methods have failed. Freeman's innovative approach makes use of a range of therapeutic techniques, mindfulness training, peer support, humor, and common sense.",Inspirational
A Good Girl's Guide to Murder,"This is the story about an investigation turned obsession, full of twists and turns and with an ending you'll never expect. Everyone in Fairview knows the story. Pretty and popular high school senior Andie Bell was murdered by her boyfriend, Sal Singh, who then killed himself. It was all anyone could talk about. And five years later, Pip sees how the tragedy still haunts her town. But she can't shake the feeling that there was more to what happened that day. She knew Sal when she was a child, and he was always so kind to her. How could he possibly have been a killer? Now a senior herself, Pip decides to reexamine the closed case for her final project, at first just to cast doubt on the original investigation. But soon she discovers a trail of dark secrets that might actually prove Sal innocent . . . and the line between past and present begins to blur. Someone in Fairview doesn't want Pip digging around for answers, and now her own life might be in danger.",Suspenseful
A Wish Upon a Dress,"A very special wedding gown leads two women to find the love they always wished for The dress was made many years ago, and it came with a promise: the first man you meet is the man you'll marry. Shelly Hansen is horrified when her great-aunt's wedding dress arrives. Because according to family legend, she's destined to marry the next man she meets. So when she trips on an escalator and falls into Mark Brady's arms, she tells him--and herself--that she isn't interested in marriage. But then she starts seeing him everywhere. Is it coincidence...or destiny? After her own wedding, Shelly sends her best friend, Jill Morrison, the dress--which is delivered to Jill's hotel in Hawaii. But at least the man Jill sat beside on the plane--gorgeous grouch Jordan Wilcox--can't be the man in question, can he? She met him before she got the dress. But the gown always ends up in a wedding! ",Optimistic
ALEX FERGUSON: My Autobiography,"For over two decades Sir Alex Ferguson dominated the Premier League, overseeing a sustained and unparalleled period of success with Manchester United. He was a visionary, able to move with the times and build title-winning teams both on and off the pitch. He was a man-manager of phenomenal skill, and increasingly he had to deal with global stars. His relationship with Cristiano Ronaldo, for instance, was excellent and David Beckham has described Sir Alex as a father figure. In his bestselling autobiography, Sir Alex reflects on the highlights of his extraordinary career and reveals his remarkable story, from his very early days in the tough shipyard areas of Govan to winning the Champions league in Moscow in 2008. Revised and updated, this edition offers reflections on events at Manchester United since his retirement and offers fresh insights and details on his final years as United's manager. ",Inspirational
Agatha Christie: An Autobiography,"From early childhood at the end of the 19th century, through two marriages and two World Wars, and her experiences both as a writer and on archaeological expeditions with her second husband, Max Mallowan, this book reveals the true genius of her legendary success with real passion and openness.",Informative
Assassins in Love,When one killer falls for another Agent:Misha Profile:Highly trained in every method the assassins guild has to offer. Always goes by the book. Agent: Rikki Profile:Rogue assassin who kills only to rid the world of hardened criminals. Hates organizations. Always does it her way. Love becomes a matter of life and death Misha's mission is to get Rikki to join the guild or give up her guns. He completely underestimated the effect she would have on him...and what heat and chaos they could bring to each other...,Suspenseful
Building a Second Brain,"Building a second brain is getting things done for the digital age. It's a ... productivity method for consuming, synthesizing, and remembering the vast amount of information we take in, allowing us to become more effective and creative and harness the unprecedented amount of technology we have at our disposal",Informative
Chicken Soup for the Veteran's Soul,"Chicken Soup for the Veteran's Soul will inspire and touch any veterans and their families, and allow others to appreciate the freedom for which they fought.",Inspirational
Communication and Sport,"Offering the most comprehensive and diverse approach to the study of communication and sport currently available at the undergraduate level, this book helps readers understand sports media, rhetoric, culture, and organizations from both micro and macro perspectives. Espistemologically diverse and theoretically grounded, the book explores youth, amateur, and professional sports through the lens of mythology, community, and identity.",Informative
Crime Hits Home,"Everyone comes from someplace. Everyone has somewhere they feel safe. Some people have found their home and are content where they are. Others feel trapped and yearn to go somewhere else. Many are somewhere else and yearn to go back. But evenin these safest of places, sometimes…crime hits home. What happens then? In this volume, MWA brings together some of today’s biggest crime writers—and some of our most exciting new talents—to consider this question. Each writer has defined home as they see fit: a place, a group, a feeling. The crime can come from without or within. What happens when crime hits home? ",Suspenseful
David Suzuki,"David Suzuki’s autobiography limns a life dedicated to making the world a better place. The book expands on the early years covered in Metamorphosis and continues to the present, when, at age 70, Suzuki reflects on his entire life — and his hopes for the future. The book begins with his life-changing experience of racism interned in a World War II concentration camp, and goes on to discuss his teenage years, his college and postgraduate experiences in the U.S., and his career as a geneticist and then as the host of The Nature of Things. With characteristic candor and passion, he describes how he became a leading environmentalist, writer, and thinker; the establishment of the David Suzuki Foundation; his world travels and meetings with luminaries like Nelson Mandela and the Dalai Lama; and the abiding role of nature and family in his life. David Suzuki is an intimate and inspiring look at a modern-day visionary.",Inspirational
Death on Tap,"When Sloan Krause walks in on her husband, Mac, screwing the barmaid, she gives him the boot. Sloan has spent her life in Leavenworth, Washington becoming an expert in brewing craft beer, and she doesn’t have time to be held back by her soon-to-be ex-husband. She decides to strike out on her own, breaking away from the Krause family brewery, and goes to work for Nitro, the hip new nano-brewery in the Bavarian-themed town. Nitro’s owner, brewmaster Garrett Strong, has the brew-world abuzz with his newest recipe, “Pucker-Up IPA.” This place is the new cool place in town, and Mac can’t help but be green with envy at their success. But just as Sloan is settling in to her new gig, she finds one of Nitro’s competitors dead in the fermenting tub, clutching the secret recipe for the IPA. When Mac, is arrested, Sloan knows that her ex might be a cheater, but a murderer? No way. Danger is brewing in Beervaria and suddenly Sloan is on the case.",Suspenseful
Disrupt Yourself,"Whitney Johnson wants you to consider this simple, yet powerful, idea: disruptive companies and ideas upend markets by doing something truly different--they see a need, an empty space waiting to be filled, and they dare to create something for which a market may not yet exist. As president and cofounder of Rose Park Advisors' Disruptive Innovation Fund with Clayton Christensen, Johnson used the theory of disruptive innovation to invest in publicly traded stocks and private early-stage companies. In Disrupt Yourself, she helps you understand how the frameworks of disruptive innovation can apply to your particular path, whether you are: a self-starter ready to make a disruptive pivot in your business a high-potential individual charting your career trajectory a manager looking to instill innovative thinking amongst your team a leader facing industry changes that make for an uncertain future We are living in an era of accelerating disruption; no one is immune. Johnson makes the compelling case that managing the S-curve waves of learning and mastery is a requisite skill for the future. If you want to be successful in unexpected ways, follow your own disruptive path. Dare to innovate. Do something astonishing. Disrupt yourself.",Inspirational
Dragonsbane,"An idealistic young prince convinces an aging warrior and a struggling witch to help him kill the dragon that is terrorizing his kingdom/. As a vicious dragon stalks the Southlands, Crown Prince Gareth ventures to the forbidding North in search of the only man who can kill it. He is Lord Aversin, the Dragonsbane, whose dragon-slaying days have won him renown across the land. But when Gareth finds Lord Aversin, he discovers the mighty hero is squat and bespectacled, the ruler of a mud-village who admits that he killed the dragon not with a lance, but with ignoble poison. Still, he’ll have to do. Gareth and Aversin set off in company with Jenny Waynest, a witch with great ambitions but disappointingly puny powers—a ragtag crew destined to become legendary, or die in the attempt. ",Humorous
Fantasy Life,"Includes new chapters with small, easy-to-understand words. Bestselling words! Fantasy football, fantasy baseball, fantasy basketball, even fantasy sumo wrestling: the world of fantasy sports is huge, and still growing. Today, more than 35 million people in the United States and Canada spend hours upon hours each week on their fantasy sports teams. And as the Senior Fantasy Sports Analyst for ESPN, Matthew Berry is on the front lines of what has grown from a niche subculture into a national pastime. In his New York Times-bestselling Fantasy Life, Berry celebrates every aspect of the fantasy sports world. Brilliant trash talk. Unbelievable trophies. Insane draft day locations. Shake-your-head-in-disbelief punishments. Ingenious attempts at cheating. And surprisingly uplifting stories that remind us why we play these games in the first place. Written with the same award-winning style that has made Berry one of the most popular columnists on ESPN.com, Fantasy Life is a book for both hard-core fantasy players and people who have never played before. Between tales of love and hate, birth and death, tattoos and furry animal costumes, the White House Situation Room and a 126-pound golden pelican, Matthew chronicles his journey from a fourteen-year-old fantasy player to the face of fantasy sports for the largest sports media company in the world. Fantasy will save your life. Fantasy will set you free. And fantasy life is most definitely better than real life. You’ll see.",Humorous
Feeling Great,"Do you sometimes feel . . . Down, depressed, or unhappy? Anxious, panicky, or insecure? Guilty, inadequate, or worthless? Lonely, unwanted, or alone? For decades, we've been told that ""negative"" feelings like depression and anxiety are the result of what's wrong with us, which creates feelings of shame and makes it sound like we're broken and need to be ""fixed."" But what if we have it all backwards? What if our negative moods do not result from what's wrong with us but, rather, what's right with us? This is the revolutionary mind shift you will find in Feeling Great. Written by Dr. David Burns, a pioneer of cognitive therapy and author of the national bestseller Feeling Good: The New Mood Therapy, this book describes a groundbreaking high-speed treatment for depression and anxiety based on one simple notion: Our struggles actually reflect what is most beautiful about us. And when we can see our negative thoughts and feelings from this radically different perspective, recovery becomes possible--sometimes even in the blink of an eye! Based on Dr. Burns's 40+ years of research and more than 40,000 hours treating individuals with severe mood issues, Feeling Great is filled with inspiring real-life case studies and more than 50 actionable tools to crush the negative thoughts that rob you of happiness and self-esteem. You can change the way you feel. In fact, you owe it to yourself to feel GREAT!",Inspirational
Gothic Science Fiction 1980-2010,"Gothic fiction's focus on the irrational and supernatural would seem to conflict with science fiction's rational foundations. However, as this novel collection demonstrates, the two categories often intersect in rich and revealing ways. Analyzing a range of works—including literature, film, graphic novels, and trading card games—from the past three decades through the lens of this hybrid genre, this volume examines their engagement with the era's dramatic changes in communication technology, medical science, and personal and global politics.",Informative
Hardy Boys 01: The Tower Treasure,"A dying criminal confesses that his loot has been stored ""in the tower."" Both towers of the looted mansion are searched in vain. It remains for the Hardy boys to make an astonishing discovery that clears up the mystery and clears the name of a friend’s father.",Suspenseful
Her Last Mistake (A Rachel Gift FBI Suspense Thriller—Book 7),"As beautiful women turn up dead, killed in an eerily peaceful way, FBI Special Agent Rachel Gift recognizes the signature of a serial killer—and knows she has little time left if she is to save the next victim. FBI Agent Rachel Gift, 33, unparalleled for her ability to enter the minds of serial killers, is a rising star in the Behavioral Crimes Unit—until a routine doctor visit reveals she has but a few months left to live. Not wishing to burden others with her pain, Rachel decides, agonizing as it is, not to tell anyone—not even her boss, her partner, her husband, or her seven-year-old daughter. She wants to go down fighting, and to take as many serial killers with her as she can. As she races against time to catch the killer, Rachel’s skills are put to the test like never before. Can she connect all the dots before it’s too late? Or will another victim disappear—forever? ",Suspenseful
Hooked,"Once upon a time, there was a little boy. His belly full of laughter, his life full of joy. Until one day, something changed; stripped his innocence away. The hole inside making space for the devil to come and play. His dreams gone forever, he grew up way too fast. An endless night of crocodiles, and watches made of glass. He grew into a villain, the taste of vengeance on his tongue. Craving to make his enemies pay for the misdeeds they had done. Instead he found a Darling girl, and refused to let her go. For what better way to make the man pay, than to steal his little shadow.",Poetic
How to Get Your Sh!t Together: Overcome Anxiety - Defeat Depression - Move on from Trauma - Get Organised - Find Meaning - Follow Your Dreams,"THE LAST SELF-HELP BOOK YOU WILL EVER NEED. In his personal, realistic, and down to earth style, Zachary Phillips shares what it takes to survive the impact of mental illness and childhood trauma. To go from a place of barely surviving, to passionately thriving. Drawing from his lived experience with mental illness, childhood trauma and the recovery process, Zachary Phillips provides practical advice, tips and techniques for: - Overcoming Anxiety - Defeating Depression - Moving On From Trauma - Getting Organised - Finding Meaning - Following Your Dreams How To Get Your Sh!t Together has the potential to turn your life around, to improve your mental state, functionality and overall health. Zachary Phillips is a writer, podcaster, vlogger, teacher, mental health advocate, motivational speaker and martial artist. He uses these platforms to promote mental health awareness, personal development and self-discovery.",Inspirational
Ignite Me,"With Omega Point destroyed, Juliette doesn't know if the rebels, her friends, or even Adam are alive. But that won't keep her from trying to take down The Reestablishment once and for all. Now she must rely on Warner, the handsome commander of Sector 45. The one person she never thought she could trust. The same person who saved her life. He promises to help Juliette master her powers and save their dying world . . . but that's not all he wants with her. ",Suspenseful
In My Own Way,"In this new edition of his acclaimed autobiography — long out of print and rare until now — Alan Watts tracks his spiritual and philosophical evolution. A child of religious conservatives in rural England, he went on to become a freewheeling spiritual teacher who challenged Westerners to defy convention and think for themselves. Watts's portrait of himself shows that he was a philosophical renegade from early on in his intellectual life. Self-taught in many areas, he came to Buddhism through the teachings of Christmas Humphreys and D. T. Suzuki. Told in a nonlinear style, In My Own Way combines Watts's brand of unconventional philosophy with wry observations on Western culture and often hilarious accounts of gurus, celebrities, and psychedelic drug experiences. A charming foreword by Watts's father sets the tone of this warm, funny, and beautifully written story. Watts encouraged readers to “follow your own weird” — something he always did himself, as this remarkable account of his life shows.",Inspirational
Love and Other Puzzles,"Rory's life is perfectly predictable, ordered and on track – just the way she likes it. She walks her 12,000 steps a day, writes her to-do list and each night she prepares her breakfast chia pods and lays out her clothes for the next day. She's doing everything right. So why does everything feel so wrong? Deep down, she knows her life and career – not to mention her relationship – are going nowhere, and so Rory, in a moment of desperation, takes an uncharacteristic step: letting the clues of The New York Times crossword puzzle dictate all her decisions for a week. Just for a week, she reasons. Just to shake things up a bit. What's the worst that could happen? ",Humorous
Love on the Lake,"Teagan Firestone has always been the dutiful daughter, especially since her mom died. But as her father finally begins to move on, it's her turn to do the same. Her destination: Pearl Lake, a close-knit community with an entrepreneurial spirit and secrets of its own. One of them is Aaron Saunders, who dropped out of college to work construction for Pearl Lake's upper class. He's a mystery and has a playboy reputation--that is, until he meets Teagan. Neither one of them is looking for love, but in a town this small, it's hard not to let your heart get involved. As their romance heats up, Aaron's elusive past comes to light, and Teagan is there for him, bringing them even closer together. But when Teagan is forced to face her own demons, her inability to accept the support of friends and family threatens the life she's worked so hard to build. Can Aaron love her, even when she can't love herself?",Informative
Low Town,"Drug dealers, hustlers, brothels, dirty politics, corrupt cops . . . and sorcery. Welcome to Low Town. In the forgotten back alleys and flophouses that lie in the shadows of Rigus, the finest city of the Thirteen Lands, you will find Low Town. It is an ugly place, and its cham­pion is an ugly man. Disgraced intelligence agent. Forgotten war hero. Independent drug dealer. After a fall from grace five years ago, a man known as the Warden leads a life of crime, addicted to cheap violence and expensive drugs. Every day is a constant hustle to find new customers and protect his turf from low-life competition like Tancred the Harelip and Ling Chi, the enigmatic crime lord of the heathens. The Warden’s life of drugged iniquity is shaken by his dis­covery of a murdered child down a dead-end street . . . set­ting him on a collision course with the life he left behind. As a former agent with Black House—the secret police—he knows better than anyone that murder in Low Town is an everyday thing, the kind of crime that doesn’t get investi­gated. To protect his home, he will take part in a dangerous game of deception between underworld bosses and the psy­chotic head of Black House, but the truth is far darker than he imagines. In Low Town, no one can be trusted. ",Pessimistic
Mail-Order Mysteries,"Rediscover your sense of wonder! Generations of comic book readers remember the tantalizing promises of vintage novelty advertisements that offered authentic laser-gun plans, x-ray specs, and even 7-foot-tall monsters (with glow-in-the-dark eyes!). But what would you really get if you entrusted your hard-earned $1.69 to the post office? Mail-Order Mysteries answers this question, revealing the amazing truths (and agonizing exaggerations) about the actual products marketed to kids in the ‘60s, ‘70s, and ‘80s. Pop-culture historian Kirk Demarais shares his astonishing collection, including: 100 Toy Soldiers in a Footlocker Count Dante’s World’s Deadliest Fighting Secrets GRIT Hercules Wrist Band Hypno-Coin Life-Size Monsters Mystic Smoke Sea Monkeys Soil From Dracula’s Castle U-Control Ghost Ventrilo Voice Thrower ...and many, many more! With more than 150 extraordinary, peculiar, and downright fraudulent collectibles, Mail-Order Mysteries is a must-have book comic book fans everywhere. Trust us.",Humorous
Manta's Gift,"When Matt Raimey had his accident, he thought his life was over. He never dreamed, in his wildest fantasies, that he'd end up in a spot like this. In the toxic atmosphere of Jupiter, born into the body of an enormous creature that looked like a cross between a manta ray and a dolphin, he is living a new life, unlike any humankind had previously experienced. An unbelievable turn of events, it gave him a reason to live, to survive, no matter what happened . . . but every second chance comes with conditions and responsibilities. And as those who brought him to this strange destiny have their authority stripped from them and he discovers the truth that only he can know about the giant alien creatures he now calls family, this man reborn as the one they now call Manta suddenly isn't sure he wasn't better off before. . . .",Suspenseful
My Lady Jane,"In My Lady Jane, coauthors Cynthia Hand, Brodi Ashton, and Jodi Meadows have created a one-of-a-kind YA fantasy in the tradition of The Princess Bride, featuring a reluctant king, an even more reluctant queen, a noble steed, and only a passing resemblance to actual history—because sometimes history needs a little help. At sixteen, Lady Jane Grey is about to be married off to a stranger and caught up in a conspiracy to rob her cousin, King Edward, of his throne. But those trifling problems aren’t for Jane to worry about. Jane gets to be Queen of England. Like that could go wrong. ",Humorous
My Way,"A teen idol of the 1950s who virtually invented the singer/songwriter/heartthrob combination that still tops pop music today, Paul Anka rocketed to fame with a slew of hits-from ""Diana"" to ""Put Your Head on my Shoulder""-that earned him a place touring with the major stars of his era, including Chuck Berry, Jerry Lee Lewis, and Buddy Holly. He wrote Holly's last hit, and just missed joining the rocker on his final, fatal plane flight. Anka also stepped in front of the camera in the teen beach-party movie era, scoring the movies and romancing their starlets, including Annette Funicello. When the British invasion made his fans swoon for a new style of music-and musician--Anka made sure he wasn't conquered. A rapier-canny businessman and image-builder who took his career into his own hands-just as he had from the very beginning, swiping his mother's car at fourteen to drive himself, underage, to his first gigs in Quebec-Anka toured the world until he could return home in triumph. A charter member of the Rat Pack, he wrote the theme music for The Tonight Show as well as his friend Frank Sinatra's anthem ""My Way"". By the 1970s, a multi-decade string of pop chart-toppers, including ""Puppy Love"" and ""(You're) Having My Baby"", cemented his status as an icon. My Way is bursting with rich, rollicking stories of the business and the people in Anka's life: Elizabeth Taylor, Dodi Fayed, Tom Jones, Michael Jackson, Adnan Khashoggi, Little Richard, Brooke Shields, Johnny Roselli, Sammy Davis, Jr., Brigitte Bardot, Barnum & Bailey Circus acrobats, and many more. Anka is forthcoming, funny and smart as a whip about the business he's been in for almost six decades. My Way moves from New York to Vegas, from the casino stage to backstages all over the world. It's the most entertaining autobiography of the year.",Informative
Mystery," Why is mystery so compelling? What draws us to the unknown? Jonah Lehrer sets out to answer these questions in a vividly entertaining and surprisingly profound journey through the science of suspense. He finds that nothing can capture a person’s attention as strongly as mystery, and that mystery is the key principle in how humans view and understand the world. Whenever patterns are broken, we are hard-wired to find out why. Without our curiosity driving us to pursue new discoveries and solve stubborn problems, we would never have achieved the breakthroughs that have revolutionized human medicine, technology—and culture. From Shakespeare’s plays to the earliest works of the detective genre, our entertainment and media have continually reinvented successful forms of mystery to hook audiences. Here, Lehrer interviews individuals in unconventional fields—from dedicated small-business owners to innovative schoolteachers—who use mystery to challenge themselves and to motivate others to reach to new heights. He also examines the indelible role of mystery in our culture, revealing how the magical world of Harry Potter triggers the magic of dopamine in our brains, why the baseball season is ten times longer than the football season, and when the suspect is introduced in each episode of Law & Order. Fascinating, illuminating, and fun, Mystery explores the many surprising ways in which embracing a sense of awe and curiosity can enrich our lives.",Informative
Mystery of the Night Watchers,"MAY, 1910. As the blazing Halley's comet draws close to the earth, Nancy is uprooted to start a new life in Suffolk with a grandfather she has never met. With every curtain drawn shut, Nancy is forbidden from leaving her grandfather's house: no one must know that her or her mother are there. Yet, when Nancy discovers the house's secret observatory, she watches her mother and grandfather creep out every night... Where are they going? And why mustn't any of them be seen? As the mysteries pile up, Nancy has to bring dark secrets from the past to light - even if doing so will put her own life at risk.",Suspenseful
Pariah's Lament,"When an attempt is made on the life of Ashara, Keeper of Yurr, his young, hapless advisor Edvar must uncover and stop those behind it. With enemies in the capital city and the belligerent Tesh, Keeper of neighbouring nation Karrabar stirring trouble in the Borderlands, can Edvar hold together Ashara's brittle reign? The troubles ripple throughout Yurr, affecting an ancient race of people known as the Amast, who in their time of utmost need, turn to pariah Isy for salvation. Rejected by society, kith and kin, can Isy guide the Amast to safety during the greatest turmoil Yurr has known since the War of the Damned?",Suspenseful
Postcolonial Francophone Autobiographies,"Bringing a comparative perspective to the study of autobiography, Edgard Sankara considers a cross-section of postcolonial francophone writing from Africa and the Caribbean in order to examine and compare for the first time their transnational reception. Sankara not only compares the ways in which a wide selection of autobiographies were received locally (as well as in France) but also juxtaposes reception by the colonized and the colonizer to show how different meanings were assigned to the works after publication. Sankara’s geographical and cultural coverage of Africa and its diaspora is rich, with separate chapters devoted to the autobiographies of Hampâté Bâ, Valentin Mudimbé, Kesso Barry, Patrick Chamoiseau, Raphaël Confiant, and Maryse Condé. The author combines close reading, reception study, and postcolonial theory to present an insightful survey of the literary connections among these autobiographers as well as a useful point of departure for further exploration of the genre itself, of the role of reception studies in postcolonial criticism, and of the stance that postcolonial francophone writers choose to take regarding their communities of origin. Modern Language Initiative",Informative
Reading Jackie,"Jacqueline Kennedy Onassis never wrote a memoir, but she told her life story and revealed herself in intimate ways through the nearly 100 books she brought into print as an editor at Viking and Doubleday during the last two decades of her life. Many Americans regarded Jackie as the paragon of grace, but few knew her as the woman sitting on her office floor laying out illustrations, or flying to California to persuade Michael Jackson to write his autobiography. William Kuhn provides a behind-the-scenes look at Jackie at work: commissioning books and nurturing authors, helping to shape stories that spoke to her. Based on archives and interviews with her authors, colleagues, and friends, Reading Jackie reveals the serious and the mischievous woman underneath the glamorous public image.",Informative
Red Velvet Cupcake Murder,"This summer has been warmer than usual in Lake Eden, Minnesota, and Hannah Swensen is trying to beat the heat both in and out of her bakery kitchen. But she’s about to find out the hard way that nothing cools off a hot day like a cold-blooded murder. At the grand opening of a local hotel, a police department employee nearly dies falling from a penthouse—and then another woman, with whom Hannah has a less-than-friendly relationship, winds up dead. Hannah is the prime suspect—and to clear her own name, she’s got to find out who iced the victim.",Suspenseful
"Robert Louis Stevenson, Science, and the Fin de Siècle","In this fascinating book, Reid examines Robert Louis Stevenson's writings in the context of late-Victorian evolutionist thought, arguing that an interest in 'primitive' life is at the heart of his work. She investigates a wide range of Stevenson's writing, including Dr Jekyll and Mr Hyde and Treasure Island as well as previously unpublished material from the Stevenson archive at Yale. Reid's interpretation offers a new way of understanding the relationship between his Scottish and South Seas work. Her analysis of Stevenson's engagement with anthropological and psychological debate also illuminates the dynamic intersections between literature and science at the fin de siècle.",Informative
Rod,"The extraordinary life and career of music legend Rod Stewart, in his own words for the first time. With his soulful and singular voice, narrative songwriting, and passionate live performances Rod Stewart has paved one of the most iconic and successful music careers of all time. He was the charismatic lead singer for the trailblazing rock and roll bands The Jeff Beck Group and The Faces, and as a solo artist, the author of such beloved songs as ""Maggie May,"" ""Tonight’s the Night,"" ""Hot Legs,"" ""Da Ya Think I’m Sexy?,"" ""Young Turks,"" ""Forever Young,"" and ""You Wear It Well."" Now after more than five decades in the spotlight, he is finally ready to take a candid and romping look back at his life both on and off the stage. From his humble British roots to his hell-raising years on tour with his bandmates, not forgetting his great loves (including three marriages and eight children) and decades touring the world, Rod delivers a riveting ride through one of rock's most remarkable lives.",Inspirational
"Sari, Not Sari","Manny Dogra is the beautiful young CEO of Breakup, a highly successful company that helps people manage their relationship breakups. As preoccupied as she is with her business, she’s also planning her wedding to handsome architect Adam Jamieson while dealing with the loss of her beloved parents. For reasons Manny has never understood, her mother and father, who were both born in India, always wanted her to become an “All-American” girl. So that’s what she did. She knows next to nothing about her South Asian heritage, and that’s never been a problem—until her parents are no longer around, and an image of Manny that’s been Photoshopped to make her skin look more white appears on a major magazine cover. Suddenly, the woman who built an empire encouraging people to be true to themselves is having her own identity crisis. But when an irritating client named Sammy Patel approaches Manny with an odd breakup request, the perfect solution presents itself: If they both agree to certain terms, he’ll give her a crash course in being “Indian” at his brother’s wedding. What follows is days of dancing and dal, masala and mehndi as Manny meets the lovable, if endlessly interfering, aunties and uncles of the Patel family, and, along the way, discovers much more than she could ever have anticipated.",Optimistic
Science Fiction and Philosophy,"A timely volume that uses science fiction as a springboard to meaningful philosophical discussions, especially at points of contact between science fiction and new scientific developments. Raises questions and examines timely themes concerning the nature of the mind, time travel, artificial intelligence, neural enhancement, free will, the nature of persons, transhumanism, virtual reality, and neuroethics Draws on a broad range of books, films and television series, including The Matrix, Star Trek, Blade Runner, Frankenstein, Brave New World, The Time Machine, and Back to the Future Considers the classic philosophical puzzles that appeal to the general reader, while also exploring new topics of interest to the more seasoned academic",Informative
Sea of Roses,"Captain Alister Paine has always had his good eye set on treasure, murder, and sinking ships. His fame as a ruthless, blood-thirsty pirate has spread across the Seven Seas. The Howling Death, his precious warship, is the deadliest ship on the ocean waters, striking fear into the hearts of all those who see it. So when a deceitful yet sensual woman steals his bloody ship from him, he wants nothing but revenge! AND REVENGE CAN COME IN MANY FORMS... His anger holds no bounds. He wants to punish her, but there is something about Rosetta Silver that has Alister drowning beneath the waves of his carnal desires. Despite her tricky nature, he foolishly ends up wanting her. SHE'S LIKE THE SEA, AND LIKE THE UNTAMABLE SEA, HE WANTS TO DOMINATE HER. However, Rosetta isn't what she seems, and Alister must decide if his desire for this captivating woman is strong enough to fight against her dark secrets.",Suspenseful
Self-Compassion,"Kristin Neff, Ph.D., says that it’s time to “stop beating yourself up and leave insecurity behind.” Self-Compassion: Stop Beating Yourself Up and Leave Insecurity Behind offers expert advice on how to limit self-criticism and offset its negative effects, enabling you to achieve your highest potential and a more contented, fulfilled life. More and more, psychologists are turning away from an emphasis on self-esteem and moving toward self-compassion in the treatment of their patients—and Dr. Neff’s extraordinary book offers exercises and action plans for dealing with every emotionally debilitating struggle, be it parenting, weight loss, or any of the numerous trials of everyday living.",Inspirational
Starship Troopers,"Johnnie Rico never really intended to join up—and definitely not the infantry. But now that he’s in the thick of it, trying to get through combat training harder than anything he could have imagined, he knows everyone in his unit is one bad move away from buying the farm in the interstellar war the Terran Federation is waging against the Arachnids. Because everyone in the Mobile Infantry fights. And if the training doesn’t kill you, the Bugs are more than ready to finish the job.",Suspenseful
Story,"What is the essence of story? How does the storyteller convey meaning? Leading scholar Harold Scheub tackles these questions and more, demonstrating that the power of story lies in emotion. While others have focused on the importance of structure in the art of story, Scheub emphasizes emotion. He shows how an expert storyteller uses structural elements—image, rhythm, and narrative—to shape a story's fundamental emotional content. The storyteller uses traditional images, repetition, and linear narrative to move the audience past the story’s surface of morals and ideas, and make connections to their past, present, and future. To guide the audience on this emotional journey is the storyteller’s art. The traditional stories from South African, Xhosa, and San cultures included in the book lend persuasive support to Scheub’s. These stories speak for themselves, demonstrating that a skilled performer can stir emotions despite the obstacles of space, time, and culture.",Informative
The Alchemist ,"""My heart is afraid that it will have to suffer,"" the boy told the alchemist one night as they looked up at the moonless sky."" Tell your heart that the fear of suffering is worse than the suffering itself. And that no heart has ever suffered when it goes in search of its dreams.""
The Alchemist is the magical story of Santiago, an Andalusian shepherd boy who yearns to travel in search of a worldly treasure as extravagant as any ever found. From his home in Spain he journeys to the markets of Tangiers and across the Egyptian desert to a fateful encounter with the alchemist. The story of the treasures Santiago finds along the way teaches us, as only a few stories have done, about the essential wisdom of listening to our hearts, learning to read the omens strewn along life's path, and, above all, following our dreams.",Poetic
The Autobiography,"From pirate radio to Buckingham Palace and an MBE, Johnnie Walker tells the amazing story of how he came to be one of the best known and most loved broadcasters in Britain, with a voice recognised by millions. Obsessed with music, the young Johnnie longed to move the crowd with the kind of beats he found irresistible. Deejaying in local dance halls and pubs around his childhood home in Solihull gave him a taste for playing his beloved music, and his success showed he had real talent. A great future beckoned. With luck and not a little front, he swung himself a slot on the newly launched pirate radio station Radio England, and Johnnie Walker's incredible career began. Now he tells the full and extraordinary story.",Inspirational
The Autobiography of Gucci Mane,"For the first time Gucci Mane tells his story in his own words. It is the captivating life of an artist who forged an unlikely path to stardom and personal rebirth. Gucci Mane began writing his memoir in a maximum-security federal prison. Released in 2016, he emerged radically transformed. He was sober, smiling, focused, and positive—a far cry from the Gucci Mane of years past. Born in rural Bessemer, Alabama, Radric Delantic Davis became Gucci Mane in East Atlanta, where the rap scene is as vibrant as the dope game. His name was made as a drug dealer first, rapper second. His influential mixtapes and street anthems pioneered the sound of trap music. He inspired and mentored a new generation of artists and producers: Migos, Young Thug, Nicki Minaj, Zaytoven, Mike Will Made-It, Metro Boomin. Yet every success was followed by setback. Too often, his erratic behavior threatened to end it all. Incarceration, violence, rap beefs, drug addiction. But Gucci Mane has changed, and he’s decided to tell his story. In his extraordinary autobiography, the legend takes us to his roots in Alabama, the streets of East Atlanta, the trap house, and the studio where he found his voice as a peerless rapper. He reflects on his inimitable career and in the process confronts his dark past—years behind bars, the murder charge, drug addiction, career highs and lows—the making of a trap god. It is one of the greatest comeback stories in the history of music.",Inspirational
The Autobiography of a Transgender Scientist,"A leading scientist describes his life, his gender transition, his scientific work, and his advocacy for gender equality in science. Ben Barres was known for his groundbreaking scientific work and for his groundbreaking advocacy for gender equality in science. In this book, completed shortly before his death from pancreatic cancer in December 2017, Barres (born in 1954) describes a life full of remarkable accomplishments—from his childhood as a precocious math and science whiz to his experiences as a female student at MIT in the 1970s to his female-to-male transition in his forties, to his scientific work and role as teacher and mentor at Stanford. Barres recounts his early life—his interest in science, first manifested as a fascination with the mad scientist in Superman; his academic successes; and his gender confusion. Barres felt even as a very young child that he was assigned the wrong gender. After years of being acutely uncomfortable in his own skin, Barres transitioned from female to male. He reports he felt nothing but relief on becoming his true self. He was proud to be a role model for transgender scientists. As an undergraduate at MIT, Barres experienced discrimination, but it was after transitioning that he realized how differently male and female scientists are treated. He became an advocate for gender equality in science, and later in life responded pointedly to Larry Summers's speculation that women were innately unsuited to be scientists. Privileged white men, Barres writes, “miss the basic point that in the face of negative stereotyping, talented women will not be recognized.” At Stanford, Barres made important discoveries about glia, the most numerous cells in the brain, and he describes some of his work. “The most rewarding part of his job,” however, was mentoring young scientists. That, and his advocacy for women and transgender scientists, ensures his legacy.",Inspirational
The Clockwork Dynasty,"When a young anthropologist specializing in ancient technology uncovers a terrible secret concealed in the workings of a three-hundred-year-old mechanical doll, she is thrown into a hidden world that lurks just under the surface of our own. With her career and her life at stake, June Stefanov will ally with a remarkable traveler who exposes her to a reality she never imagined, as they embark on an around-the-world adventure and discover breathtaking secrets of the past… Russia, 1725: In the depths of the Kremlin, the tsar’s loyal mechanician brings to life two astonishingly humanlike mechanical beings. Peter and Elena are a brother and sister fallen out of time, possessed with uncanny power, and destined to serve great empires. Struggling to blend into pre-Victorian society, they are pulled into a legendary war that has raged for centuries. The Clockwork Dynasty seamlessly interweaves past and present, exploring a race of beings designed to live by ironclad principles, yet constantly searching for meaning. As June plunges deeper into their world, her choices will ultimately determine their survival or extermination. ",Suspenseful
The Cost of Living,"""Life falls apart. We try to get a grip. We try to hold it together. And then we realize that we don't want to hold it together."" Crystalline, witty and audacious, The Cost of Living addresses itself to the dual experiences of writing and of womanhood, examining what is essential in each. Following the acclaimed Things I Don't Want to Know, which reflected deeply on the nature of gender politics and a life in letters, The Cost of Living returns to the same subject and to the same life, to find a writer in radical flux. If a woman dismantles her life, expands it and puts it back together in a new shape, how might she describe this new composition? ""Words have to open the mind. When words close the mind you can be sure that someone has been reduced to nothingness."" In this elegiac second instalment of her ""living autobiography"", Deborah Levy considers what it means to live with value and meaning and pleasure. The Cost of Living is a vital and astonishing testimony, as distinctive, wide-ranging and original as Levy's acclaimed novels.",Poetic
The Cruel Prince,"Of course I want to be like them. They're beautiful as blades forged in some divine fire. They will live forever. And Cardan is even more beautiful than the rest. I hate him more than all the others. I hate him so much that sometimes when I look at him, I can hardly breathe. Jude was seven years old when her parents were murdered and she and her two sisters were stolen away to live in the treacherous High Court of Faerie. Ten years later, Jude wants nothing more than to belong there, despite her mortality. But many of the fey despise humans. Especially Prince Cardan, the youngest and wickedest son of the High King. To win a place at the Court, she must defy him--and face the consequences. In doing so, she becomes embroiled in palace intrigues and deceptions, discovering her own capacity for bloodshed. But as civil war threatens to drown the Courts of Faerie in violence, Jude will need to risk her life in a dangerous alliance to save her sisters, and Faerie itself.",Suspenseful
The Dragon's Path,"All paths lead to war. . . Marcus' hero days are behind him. He knows too well that even the smallest war still means somebody's death. When his men are impressed into a doomed army, staying out of a battle he wants no part of requires some unorthodox steps. Cithrin is an orphan, ward of a banking house. Her job is to smuggle a nation's wealth across a war zone, hiding the gold from both sides. She knows the secret life of commerce like a second language, but the strategies of trade will not defend her from swords. Geder, sole scion of a noble house, has more interest in philosophy than in swordplay. A poor excuse for a soldier, he is a pawn in these games. No one can predict what he will become. Falling pebbles can start a landslide. A spat between the Free Cities and the Severed Throne is spiraling out of control. A new player rises from the depths of history, fanning the flames that will sweep the entire region onto The Dragon's Path -- the path to war. ",Suspenseful
The Eye of Argon,"This is not a hoax. Jim Theis was a real person, who wrote The Eye of Argon in all seriousness as a teenager, and published it in a fanzine, Osfan in 1970. But the story did not pass into the oblivion that awaits most amateur fiction. Instead, a miracle happened, and transcribed and photocopied texts began to circulate in science fiction circles, gaining a wide and incredulous audience among both professionals and fans. It became the ultimate samizdat, an underground classic, and for more than thirty years it has been the subject of midnight readings at conventions, as thousands have come to appreciate the negative genius of this amazing Ed Wood of prose.",Informative
The Fellowship of the Ring,"One Ring to rule them all, One Ring to find them, One Ring to bring them all and in the darkness bind them. In ancient times the Rings of Power were crafted by the Elven-smiths, and Sauron, the Dark Lord, forged the One Ring, filling it with his own power so that he could rule all others. But the One Ring was taken from him, and though he sought it throughout Middle-earth, it remained lost to him. After many ages it fell into the hands of Bilbo Baggins, as told in The Hobbit. In a sleepy village in the Shire, young Frodo Baggins finds himself faced with an immense task, as his elderly cousin Bilbo entrusts the Ring to his care. Frodo must leave his home and make a perilous journey across Middle-earth to the Cracks of Doom, there to destroy the Ring and foil the Dark Lord in his evil purpose.",Suspenseful
The Happiness Mindset,"There are some things in life nobody ever tells you. Things that you somehow just figure out on your own as you grow up, through life experience or observations of how other people handle things, or otherwise through seeking professional help. For example, dealing with a relationship breakup; facing rejection at school or at job interviews; being betrayed by a friend or a lover; suffering a financial loss; or falling seriously ill. These are universal experiences that everyone goes through. No one is immune to them. Do you sometimes wish someone had told you how to prevent these negative events, or at least shown you how to recover quickly from setbacks, losses or pain so you could quickly bounce back, focus on the things you love and live a happier, more successful life? This book includes 12 life strategies designed to guarantee a happier and more rewarding life and teach you how to create a ""winning"" mind set so that no matter what life throws at you, you can experience happiness and success and go from strength to strength.",Inspirational
The House in the Cerulean Sea,"Linus Baker leads a quiet, solitary life. At forty, he lives in a tiny house with a devious cat and his old records. As a Case Worker at the Department in Charge Of Magical Youth, he spends his days overseeing the well-being of children in government-sanctioned orphanages. When Linus is unexpectedly summoned by Extremely Upper Management he's given a curious and highly classified assignment: travel to Marsyas Island Orphanage, where six dangerous children reside: a gnome, a sprite, a wyvern, an unidentifiable green blob, a were-Pomeranian, and the Antichrist. Linus must set aside his fears and determine whether or not they’re likely to bring about the end of days. But the children aren’t the only secret the island keeps. Their caretaker is the charming and enigmatic Arthur Parnassus, who will do anything to keep his wards safe. As Arthur and Linus grow closer, long-held secrets are exposed, and Linus must make a choice: destroy a home or watch the world burn. An enchanting story, masterfully told, The House in the Cerulean Sea is about the profound experience of discovering an unlikely family in an unexpected place—and realizing that family is yours.",Optimistic
The Lacemaker's Secret,"Greed, Uncertainty, and Death Get Tangled in the Mystery of a Rare Piece of Belgian Lace Curator Chloe Ellefson needs distraction from the unsettling family secret she's just learned. It doesn't help that her boyfriend, Roelke McKenna, has been troubled for weeks and won't say why. Chloe hopes a consulting job at Green Bay's Heritage Hill Historical Park, where an old Belgian-American farmhouse is being restored, will be a relaxing escape. Instead she discovers a body in a century-old bake oven. Chloe's research suggests that a rare and valuable piece of lace made its way to nearby Door County, Wisconsin, with the earliest Belgian settlers. More importantly, someone is desperate to find it. Inspired by a courageous Belgian woman who survived cholera, famine, and the Great Fire, Chloe must untangle clues to reveal secrets old and new...before the killer strikes again.",Suspenseful
The Lathe Of Heaven,"During a time racked by war and environmental catastrophe, George Orr discovers his dreams alter reality. George is compelled to receive treatment from Dr. William Haber, an ambitious sleep psychiatrist who quickly grasps the immense power George holds. After becoming adept at manipulating George’s dreams to reshape the world, Haber seeks the same power for himself. George—with some surprising help—must resist Haber’s attempts, which threaten to destroy reality itself. ",Suspenseful
The Mystery Book Mystery,"When seventeen-year-old Libby Clark signed up for the Piedmont Foothills Writers’ Conference, her idea was to take the Mystery Workshop, conducted by Hamlyn Brent, the expert on mysteries. She never expected to find a ready-made plot: the murder of Carlton Gillespie, famous columnist, slick magazine writer, the intended star speaker at the Awards dinner. Could she write a mystery story about a real murder, just as if it were fiction? In the process of trying to write her book, Libby finds herself involved with an assortment of strange characters, each connected with the victim in some way, each with a seemingly credible motive. And then, scarcely a day after the inquest—another victim! ",Suspenseful
The Nowhere Emporium,"When the mysterious Nowhere Emporium arrives in Glasgow, orphan Daniel Holmes stumbles upon it quite by accident. Before long, the 'shop from nowhere' -- and its owner, Mr Silver -- draw Daniel into a breathtaking world of magic and enchantment. Recruited as Mr Silver's apprentice, Daniel learns the secrets of the Emporium's vast labyrinth of passageways and rooms -- rooms that contain wonders beyond anything Daniel has ever imagined. But when Mr Silver disappears, and a shadow from the past threatens everything, the Emporium and all its wonders begin to crumble. Can Daniel save his home, and his new friends, before the Nowhere Emporium is destroyed forever? ",Suspenseful
The Prairie Thief,"In late 19th-century Colorado, Louisa's father is erroneously arrested for thievery and, while under the charge of the awful Smirch family, Louisa and a magical friend must find a way to prove his innocence.",Suspenseful
The Running Girl,"It is supposed to be a fine February weekend: cold and crisp, with clear sunny skies. The forecasts do not mention murder... Jean-Claude Keyes, following his furniture to his new house in Stratford, is driving west with his Toronto editor when a savage blizzard begins. Seeking shelter with a motley crew of strangers forced off the highway by the blowing snow, Keyes is trapped in the centre of a different kind of storm: the storm around a murder at the Blue Bayou Motel. Who pulls the trigger on that deadly little gun? The motel’s cook and co-owner, mysterious Oswald Feist? Itinerant musician Moanin’ Joe McKendricks? Or is the real murderer stalking the rooms of the Blue Bayou, hidden by the ice-white swirling wind and frigid darkness?",Suspenseful
The Shadow of the Wind,"Barcelona, 1945: A city slowly heals in the aftermath of the Spanish Civil War, and Daniel, an antiquarian book dealer’s son who mourns the loss of his mother, finds solace in a mysterious book entitled The Shadow of the Wind, by one Julián Carax. But when he sets out to find the author’s other works, he makes a shocking discovery: someone has been systematically destroying every copy of every book Carax has written. In fact, Daniel may have the last of Carax’s books in existence. Soon Daniel’s seemingly innocent quest opens a door into one of Barcelona’s darkest secrets—an epic story of murder, madness, and doomed love.",Suspenseful
The Technique of the Mystery Story Illustrated,"All the world loves a mystery; perhaps that is why Emerson declared the same to be true of a lover. Since time out of mind, a clear and open page has ever lacked the fascination of the veiled meaning.",Poetic
This Alien Shore,"It is the second stage of human colonization—the first age, humanity’s initial attempt to people the stars, ended in disaster when it was discovered that Earth’s original superluminal drive did permanent genetic damage to all who used it—mutating Earth’s far-flung colonists in mind and body. Now, one of Earth’s first colonies has given humanity back the stars, but at a high price—a monopoly over all human commerce. And when a satellite in Earth’s outer orbit is viciously attacked by corporate raiders, an unusual young woman flees to a ship bound for the Up-and-Out. But her narrow escape does not mean safety. For speeding across the galaxy pursued by ruthless, but unknown adversaries, this young woman will discover a secret which is buried deep inside her psyche—a revelation the universe may not be ready to face . . .",Suspenseful
This Is How,"If you're fat and fail every diet, if you're thin but can't get thin enough, if you lose your job, if your child dies, if you are diagnosed with cancer, if you always end up with exactly the wrong kind of person, if you always end up alone, if you can't get over the past, if your parents are insane and ruining your life, if you really and truly wish you were dead, if you feel like it's your destiny to be a star, if you believe life has a grudge against you, if you don't want to have sex with your spouse and don't know why, if you feel so ashamed, if you're lost in life. If you have ever wondered, How am I aupposed to survive this? This is How.",Pessimistic
This Time Next Year,"Their lives began together, but their worlds couldn't be more different. After thirty years of missed connections, they're about to meet again... Minnie Cooper knows two things with certainty: that her New Year's birthday is unlucky, and that it's all because of Quinn Hamilton, a man she's never met. Their mothers gave birth to them at the same hospital just after midnight on New Year's Day, but Quinn was given the cash prize for being the first baby born in London in 1990--and the name Minnie was meant to have, as well. With luck like that, it's no wonder each of her birthdays has been more of a disaster than the one before. When Minnie unexpectedly runs into Quinn at a New Year's party on their mutual thirtieth birthday, she sees only more evidence that fortune has continued to favor him. The gorgeous, charming business owner truly seems to have it all--while Minnie's on the brink of losing her pie-making company and her home. But if Quinn and Minnie are from different worlds, why do they keep bumping into each other? And why is it that each fraught encounter leaves them both wanting more? ",Humorous
To Sleep in a Sea of Stars,"Kira Navárez dreamed of life on new worlds. Now she's awakened a nightmare. During a routine survey mission on an uncolonized planet, Kira finds an alien relic. At first she's delighted, but elation turns to terror when the ancient dust around her begins to move. As war erupts among the stars, Kira is launched into a galaxy-spanning odyssey of discovery and transformation. First contact isn't at all what she imagined, and events push her to the very limits of what it means to be human. While Kira faces her own horrors, Earth and its colonies stand upon the brink of annihilation. Now, Kira might be humanity's greatest and final hope.",Suspenseful
What about Murder?,Identifies and annotates 239 books about mystery and detective fiction published through the end of 1981.,Informative
Writing Memoir (Lit Starts),"Focus on a single aspect of the craft of writing with help from the San Francisco Writers' Grotto. Writing Memoir starts with a foreword by New York Times bestselling author Julie Lythcott-Haims, who offers pointers for crafting a compelling narrative from your own experiences. The rest of the book consists of prompts and space to write, providing opportunities to reframe aspects of your life in thoughtful and interesting ways. Among other ideas, you'll be asked to write: a virtual tour of your hometown a description of what's in your purse or wallet right now a list of all the lies you've told an account of a historical event from your own lifetime, in a way that reveals something significant about yourself Perfectly sized to take to a café, on vacation, or on your morning commute, this book is designed for practicing your creative writing a little bit at a time. Special Features Paperback with textured cover stock, flaps, and a lay-flat binding Advice from a published writer, followed by fill-in prompts and space to write Part of the Lit Starts series, a collection of single-subject writing prompt books by the San Francisco Writers' Grotto Check out the other books in this series: Writing Action, Writing Character, Writing Dialogue, Writing Humor, and Writing Sci-fi and Fantasy.",Optimistic
Young Adult Science Fiction,"At the close of the nineteenth century, American youths developed a growing interest in electricity and its applications, machines, and gadgetry. When authors and publishers recognized the extent of this interest in technology, they sought to create reading materials that would meet this market need. The result was science fiction written especially for young adults. While critics tended to neglect young adult science fiction for decades, they gradually came to recognize its practical and cultural value. Science fiction inspired many young adults to study science and engineering and helped foster technological innovation. At the same time, these works also explored cultural and social concerns more commonly associated with serious literature. Nor was young adult science fiction a peculiarly American phenomenon: authors in other countries likewise wrote science fiction for young adult readers. This book examines young adult science fiction in the U.S. and several other countries and explores issues central to the genre. The first part of the book treats the larger contexts of young adult science fiction and includes chapters on its history and development. Included are discussions of science fiction for young adults in the U.S. and in Canada, Great Britain, Germany, and Australia. These chapters are written by expert contributors and chart the history of young adult science fiction from the nineteenth century to the present. The second section of the book considers topics of special interest to young adult science fiction. Some of the chapters look at particular forms and expressions of science fiction, such as films and comic books. Others treat particular topics, such as the portrayal of women in Robert Heinlein's works and representations of war in young adult science fiction. Yet another chapter studies the young adult science fiction novel as a coming-of-age story and thus helps distinguish the genre from science fiction written for adult readers. All chapters reflect current research, and the volume concludes with extensive bibliographies.",Informative
A Death at the University,"Sam Wiseman owns a cosy bookshop in the heart of Montreal, and has a particular love for detective novels. He leads a simple life, where the only mysteries are the ones he reads about in books. Until now. When Sam discovers the body of a professor at the nearby university, he becomes part of the investigation, and not for the reason he'd hoped. Forming an unlikely friendship with Detective Gaston Lemieux, Sam sets out to follow the clues and find the truth. Because Sam wants to do more than just clear his own name. He wants to solve the case.",Optimistic
A Wish Upon a Dress,"A very special wedding gown leads two women to find the love they always wished for The dress was made many years ago, and it came with a promise: the first man you meet is the man you'll marry. Shelly Hansen is horrified when her great-aunt's wedding dress arrives. Because according to family legend, she's destined to marry the next man she meets. So when she trips on an escalator and falls into Mark Brady's arms, she tells him--and herself--that she isn't interested in marriage. But then she starts seeing him everywhere. Is it coincidence...or destiny? After her own wedding, Shelly sends her best friend, Jill Morrison, the dress--which is delivered to Jill's hotel in Hawaii. But at least the man Jill sat beside on the plane--gorgeous grouch Jordan Wilcox--can't be the man in question, can he? She met him before she got the dress. But the gown always ends up in a wedding! ",Optimistic
Always an Adventure,"Beginning with a compelling account of his childhood in Edmonton in the 1930s—when his family was for a time on relief during the Depression—and his 1940s teenage escapades hitchhiking across the continent, Dempsey's narrative moves into the frenetic world of post-war urban journalism.",Informative
Anglicising Romance,"A reappraisal of the tail-rhyme form so strongly associated with medieval English romance, and how it became so appropriated.",Informative
Artifact Space,"Out in the darkness of space, something is targeting the Greatships. With their vast cargo holds and a crew that could fill a city, the Greatships are the lifeblood of human occupied space, transporting an unimaginable volume - and value - of goods from City, the greatest human orbital, all the way to Tradepoint at the other, to trade for xenoglas with an unknowable alien species. It has always been Marca Nbaro's dream to achieve the near-impossible: escape her upbringing and venture into space. All it took, to make her way onto the crew of the Greatship Athens was thousands of hours in simulators, dedication, and pawning or selling every scrap of her old life in order to forge a new one. But though she's made her way onboard with faked papers, leaving her old life - and scandals - behind isn't so easy. She may have just combined all the dangers of her former life, with all the perils of the new . . .",Suspenseful
Assata,"In 2013 Assata Shakur, founding member of the Black Liberation Army, former Black Panther and godmother of Tupac Shakur, became the first ever woman to make the FBI's most wanted terrorist list. Assata Shakur's trial and conviction for the murder of a white state trooper in the spring of 1973 divided America. Her case quickly became emblematic of race relations and police brutality in the USA. While Assata's detractors continue to label her a ruthless killer, her defenders cite her as the victim of a systematic, racist campaign to criminalize and suppress black nationalist organizations. This intensely personal and political autobiography reveals a sensitive and gifted woman. With wit and candour Assata recounts the formative experiences that led her to embrace a life of activism. With pained awareness she portrays the strengths, weaknesses and eventual demise of black and white revolutionary groups at the hands of the state. A major contribution to the history of black liberation, destined to take its place alongside The Autobiography of Malcolm X and the works of Maya Angelou.",Optimistic
Authoritative Guide to Self-help Resources in Mental Health,"Self-help materials have become a prime source of psychological advice for millions of Americans. While many self-help resources provide high-quality information and support, others may be misleading, inaccurate, or even harmful. This indispensable volume reveals which are the good ones, which are the bad ones, and why. Based on the results of 5 national studies involving over 2,500 mental health professionals, the book reviews and rates 600+ self-help books, autobiographies, and popular films. In addition, hundreds of helpful Internet sites are described and evaluated by a clinical psychologist, and valuable listings are provided of national and online support groups. The concluding chapter presents practical guidelines for selecting an effective self-help resource. Addressing 28 of the most prevalent clinical disorders and life challenges--from ADHD, Alzheimer's, and anxiety disorders, to marital problems and mood disorders, to weight management and women's issues--this timely book will be tremendously useful to consumers and professionals alike.",Informative
Autobiography,"“Spend the day in bed” with Autobiography by Morrissey, whose new album Low in High School is out November 17th Steven Patrick Morrissey was born in Manchester on May 22nd 1959. Singer-songwriter and co-founder of the Smiths (1982–1987), Morrissey has been a solo artist for twenty-six years, during which time he has had three number 1 albums in England in three different decades. Achieving eleven Top 10 albums (plus nine with the Smiths), his songs have been recorded by David Bowie, Nancy Sinatra, Marianne Faithfull, Chrissie Hynde, Thelma Houston, My Chemical Romance and Christy Moore, amongst others. An animal protectionist, in 2006 Morrissey was voted the second greatest living British icon by viewers of the BBC, losing out to Sir David Attenborough. In 2007 Morrissey was voted the greatest northern male, past or present, in a nationwide newspaper poll. In 2012, Morrissey was awarded the Keys to the City of Tel-Aviv. It has been said “Most pop stars have to be dead before they reach the iconic status that Morrissey has reached in his lifetime.”",Informative
"Autobiography of Mark Twain, Volume 1","""I've struck it!"" Mark Twain wrote in a 1904 letter to a friend. ""And I will give it away—to you. You will never know how much enjoyment you have lost until you get to dictating your autobiography."" Thus, after dozens of false starts and hundreds of pages, Twain embarked on his ""Final (and Right) Plan"" for telling the story of his life. His innovative notion—to ""talk only about the thing which interests you for the moment""—meant that his thoughts could range freely. The strict instruction that many of these texts remain unpublished for 100 years meant that when they came out, he would be ""dead, and unaware, and indifferent,"" and that he was therefore free to speak his ""whole frank mind."" The year 2010 marks the 100th anniversary of Twain's death. In celebration of this important milestone and in honor of the cherished tradition of publishing Mark Twain's works, UC Press is proud to offer for the first time Mark Twain's uncensored autobiography in its entirety and exactly as he left it. This major literary event brings to readers, admirers, and scholars the first of three volumes and presents Mark Twain's authentic and unsuppressed voice, brimming with humor, ideas, and opinions, and speaking clearly from the grave as he intended. Editors: Harriet E. Smith, Benjamin Griffin, Victor Fischer, Michael B. Frank, Sharon K. Goetz, Leslie Myrick",Optimistic
Autobiography of Red,"Geryon, a young boy who is also a winged red monster, reveals the volcanic terrain of his fragile, tormented soul in an autobiography he begins at the age of five. As he grows older, Geryon escapes his abusive brother and affectionate but ineffectual mother, finding solace behind the lens of his camera and in the arms of a young man named Herakles, a cavalier drifter who leaves him at the peak of infatuation. When Herakles reappears years later, Geryon confronts again the pain of his desire and embarks on a journey that will unleash his creative imagination to its fullest extent. By turns whimsical and haunting, erudite and accessible, richly layered and deceptively simple, Autobiography of Red is a profoundly moving portrait of an artist coming to terms with the fantastic accident of who he is. ",Pessimistic
Becoming Selfish,"ELI This is it. My senior year. My last shot to get called up to play in the National Hockey League. This season is about me. Though every season is about me. I'm the captain of my university's hockey team-the top scorer both on and off the ice-and everyone on campus knows my name. I feel the pressure every single day. I can't afford to get distracted. At least, that's what I keep reminding myself because my mind keeps straying to a certain redhead-my brother's best friend. She is nothing like I had expected. She's beautiful, smart, and too sweet for her own good. But I can't think about her. This is the year to focus on myself and my dream. I need to be selfish like I always am. So, why can't I get her out of my head? LOGAN This year is all about me. I've never put myself first, but for once, I'm going to. I'm in a new city, at a new school, and with my best friend. Everything will be different here. Minnesota is a fresh start for me-I can finally leave my past behind. I don't have to think about anyone else. I shouldn't be thinking about anyone else. Except I've finally met my best friend's brother. He's tall, athletic, and the most gorgeous man I've ever laid eyes on. He's sex on legs and charming as hell. His reputation, though? A glaring red flag, telling me to stay away. But no matter what I do, I just can't stop thinking about him...",Humorous
Chasing Slow,"Chasing Slow models HGTV star Erin Loechner's journey to help you break out of the faster-better-stronger trap and make small changes to refresh your perspective, renew your priorities, and shift your focus to what matters most. You're here, but you want to be there. So you spend your life narrowing this divide, and you call this your race, your journey, your path. You live your days tightening your boot straps, wiping the sweat from your brow, chasing undiscovered happiness just around the bend. And on and on you run. Viral sensation and HGTV.com star Erin Loechner knows about the chase. Before turning 30, she'd earned the title ""The Nicest Girl Online"" as she was praised for her authentic voice and effortless style. Her HGTV web show garnered over one million fans worldwide, and her client list includes Walt Disney World, IKEA, Martha Stewart and Home Depot. The New York Times applauded her, her friends and church admired her, and her husband and baby adored her. She had arrived at the ultimate destination. So why did she feel so lost? Through a series of steep climbs--her husband's brain tumor, bankruptcy, family loss, and public criticism--Erin learns just how much strength it takes to surrender it all, and to veer right into grace. In Chasing Slow, Erin upgrades her life through downsizing--her stuff, her obligations, her fears, her personal metric of ""perfect."" And ultimately, her invitation becomes yours: to turn away from the fast and frenzy, and find freedom in a new-fashioned lifestyle defined by grace. Life's answers are not always hidden where they seem. It's time to venture off the beaten path to see that we’ve already been given everything we need. We've already arrived. You see? You'll see.",Optimistic
Class Fictions,"Many recent discussions of working-class culture in literary and cultural studies have tended to present an oversimplified view of resistance. In this groundbreaking work, Pamela Fox offers a far more complex theory of working-class identity, particularly as reflected in British novels of the late nineteenth and early twentieth centuries. Through the concept of class shame, she produces a model of working-class subjectivity that understands resistance in a more accurate and useful way—as a complicated kind of refusal, directed at both dominated and dominant culture. With a focus on certain classics in the working-class literary ""canon,"" such as The Ragged Trousered Philanthropists and Love on the Dole, as well as lesser-known texts by working-class women, Fox uncovers the anxieties that underlie representations of class and consciousness. Shame repeatedly emerges as a powerful counterforce in these works, continually unsettling the surface narrative of protest to reveal an ambivalent relation toward the working-class identities the novels apparently champion. Class Fictions offers an equally rigorous analysis of cultural studies itself, which has historically sought to defend and value the radical difference of working-class culture. Fox also brings to her analysis a strong feminist perspective that devotes considerable attention to the often overlooked role of gender in working-class fiction. She demonstrates that working-class novels not only expose master narratives of middle-class culture that must be resisted, but that they also reveal to us a need to create counter narratives or formulas of working-class life. In doing so, this book provides a more subtle sense of the role of resistance in working class culture. While of interest to scholars of Victorian and working-class fiction, Pamela Fox’s argument has far-reaching implications for the way literary and cultural studies will be defined and practiced.",Informative
Dirty Like Me,"Struggling barista Katie Bloom doesn't even know who Jesse Mayes is until she inadvertently wins the coveted role of sex kitten in his hot new music video. But by the time she's in bed with him, she knows his reputation as a love maker and heartbreaker. Making out with a stranger in front of a camera crew isn't how Katie imagined herself getting over a broken heart but when Jesse touches her, sparks fly. The sex is fake but the chemistry is real and soon the steamy video is blazing up the charts. Then Jesse makes Katie an irresistible offer: act as his girlfriend for six weeks while he promotes his new album. The only catch is that their sizzling make-out sessions will be for the cameras only.",Suspenseful
Dolly: : My Life and Other Unfinished Business,"The successful country singer reveals her life since leaving home at the age of eighteen to pursue a singing career, while discussing her personal philosophies, her marriage, her friendships, and her achievements. In concerts, movies and on TV, Dolly Parton's singing and honest-to-God personality has charmed millions. She has never before talked openly about her life, until now. In her unique Tennessee twang, Dolly tells her rags-to-riches story, as only she can--with integrity, insight and her unfailing sense of humor. ",Inspirational
Elantris,"Elantris was the capital of Arelon: gigantic, beautiful, literally radiant, filled with benevolent beings who used their powerful magical abilities for the benefit of all. Yet each of these demigods was once an ordinary person until touched by the mysterious transforming power of the Shaod. Ten years ago, without warning, the magic failed. Elantrians became wizened, leper-like, powerless creatures, and Elantris itself dark, filthy, and crumbling.",Poetic
Elves: Rise of the TaiGethen,"THE ELVES ARE ENSLAVED Calaius is occupied by an implacable, relentless enemy. The great elven cities are little more than prison camps. Elven slaves are forced to destroy their beloved rainforest to harvest timber for their masters. The enemy has no mercy, no honour and little skill in battle. The enemy is Man. Those few elves who remain free are fragmented, in squabbling factions, and they must unite before they can take a stand against Man. Many believe that the battle is already lost, but Auum is not one of them. He knows Men's numbers are great but their tactics are weak; he knows Men think the Elves are already beaten; he is convinced that his people must fight now, or see their race destroyed. Takaar disagrees. He believes Elven salvation lies in unlocking their magic, not in fighting pitched battles against Man. He is determined to save his people too, but his tactics are entirely different ... and if some Elves must die now to ensure Calaius will be free of Man in the future, it's a sacrifice he is willing to make. The Elves must choose their sides. Whatever they decide, victory will win their freedom ... and failure will mean extermination ...",Suspenseful
Feeling Great,"Do you sometimes feel . . . Down, depressed, or unhappy? Anxious, panicky, or insecure? Guilty, inadequate, or worthless? Lonely, unwanted, or alone? For decades, we've been told that ""negative"" feelings like depression and anxiety are the result of what's wrong with us, which creates feelings of shame and makes it sound like we're broken and need to be ""fixed."" But what if we have it all backwards? What if our negative moods do not result from what's wrong with us but, rather, what's right with us? This is the revolutionary mind shift you will find in Feeling Great. Written by Dr. David Burns, a pioneer of cognitive therapy and author of the national bestseller Feeling Good: The New Mood Therapy, this book describes a groundbreaking high-speed treatment for depression and anxiety based on one simple notion: Our struggles actually reflect what is most beautiful about us. And when we can see our negative thoughts and feelings from this radically different perspective, recovery becomes possible--sometimes even in the blink of an eye! Based on Dr. Burns's 40+ years of research and more than 40,000 hours treating individuals with severe mood issues, Feeling Great is filled with inspiring real-life case studies and more than 50 actionable tools to crush the negative thoughts that rob you of happiness and self-esteem. You can change the way you feel. In fact, you owe it to yourself to feel GREAT!",Inspirational
Getting Past Your Past,"A totally accessible user's guide from the creator of a scientifically proven form of psychotherapy that has successfully treated millions of people worldwide. Whether we've experienced small setbacks or major traumas, we are all influenced by memories and experiences we may not remember or don't fully understand. Getting Past Your Past offers practical procedures that demystify the human condition and empower readers looking to achieve real change. Shapiro, the creator of EMDR (Eye Movement Desensitization and Reprocessing), explains how our personalities develop and why we become trapped into feeling, believing and acting in ways that don't serve us. Through detailed examples and exercises readers will learn to understand themselves, and why the people in their lives act the way they do. Most importantly, readers will also learn techniques to improve their relationships, break through emotional barriers, overcome limitations and excel in ways taught to Olympic athletes, successful executives and performers. An easy conversational style, humor and fascinating real life stories make it simple to understand the brain science, why we get stuck in various ways and what to do about it. Don't let yourself be run by unconscious and automatic reactions. ",Inspirational
How to Help Yourself With Self-Help,"Are Self-Help Books Good for Anything? Have you ever bought a self-help book, read it cover to cover, only to find that nothing changed for you? How many hours have you wasted this way, expecting to improve your life by simply being inspired by something you read? The hard truth is that it’s easy to read self-help, but difficult to implement it in real life. First you need to figure out what exactly to read, and then you need to know what exactly to do with the advice you find inside. The world of self-help has a lot of traps, and throughout my years as a voracious reader, I’ve fallen into probably all of them. Now, as both a reader and an author of self-help books, I’d like to share with you some advice on how to use self-help books in a way that will actually help you achieve real-world results. Here are some of the topics I cover in my short guide How to Help Yourself With Self-Help: - The 5 most common pitfalls of self-help and how to avoid them (you’ve probably fallen victim to most of them). - Tips on how to identify what specific area of your life you should target first in order to benefit the most from reading self-help. - What confirmation bias is, why it’s dangerous, and how to escape it to stay flexible and enjoy consistent personal growth. - How to interpret the advice you get from a book and tailor it to your life circumstances (cookie-cutter approaches don’t work). - Why it’s sometimes better to skip self-help books and what to read instead to help you achieve your goals and become a better person. Don’t let another self-help title become just another book on your shelf. Learn how to read in a more strategic way and, more importantly, act on the advice you get. This short guide can be your first step toward the new you.",Inspirational
How to Win Friends and Influence People,"You can go after the job you want…and get it! You can take the job you have…and improve it! You can take any situation you’re in…and make it work for you! Since its release in 1936, How to Win Friends and Influence People has sold more than 30 million copies. Dale Carnegie’s first book is a timeless bestseller, packed with rock-solid advice that has carried thousands of now famous people up the ladder of success in their business and personal lives. As relevant as ever before, Dale Carnegie’s principles endure, and will help you achieve your maximum potential in the complex and competitive modern age. Learn the six ways to make people like you, the twelve ways to win people to your way of thinking, and the nine ways to change people without arousing resentment.",Inspirational
I Know Why the Caged Bird Sings,"Here is a book as joyous and painful, as mysterious and memorable, as childhood itself. I Know Why the Caged Bird Sings captures the longing of lonely children, the brute insult of bigotry, and the wonder of words that can make the world right. Maya Angelou’s debut memoir is a modern American classic beloved worldwide. Sent by their mother to live with their devout, self-sufficient grandmother in a small Southern town, Maya and her brother, Bailey, endure the ache of abandonment and the prejudice of the local “powhitetrash.” At eight years old and back at her mother’s side in St. Louis, Maya is attacked by a man many times her age—and has to live with the consequences for a lifetime. Years later, in San Francisco, Maya learns that love for herself, the kindness of others, her own strong spirit, and the ideas of great authors (“I met and fell in love with William Shakespeare”) will allow her to be free instead of imprisoned. Poetic and powerful, I Know Why the Caged Bird Sings will touch hearts and change minds for as long as people read. ",Optimistic
I'm So (Not) Over You,"It’s been months since aspiring journalist Kian Andrews has heard from his ex-boyfriend, Hudson Rivers, but an urgent text has them meeting at a café. Maybe Hudson wants to profusely apologize for the breakup. Or confess his undying love. . . But no, Hudson has a favor to ask—he wants Kian to pretend to be his boyfriend while his parents are in town, and Kian reluctantly agrees. The dinner doesn’t go exactly as planned, and suddenly Kian is Hudson’s plus one to Georgia’s wedding of the season. Hudson comes from a wealthy family where reputation is everything, and he really can’t afford another mistake. If Kian goes, he’ll help Hudson preserve appearances and get the opportunity to rub shoulders with some of the biggest names in media. This could be the big career break Kian needs. But their fake relationship is starting to feel like it might be more than a means to an end, and it’s time for both men to fact-check their feelings.",Humorous
Iacocca,"He’s an American legend, a straight-shooting businessman who brought Chrysler back from the brink and in the process became a media celebrity, newsmaker, and a man many had urged to run for president. The son of Italian immigrants, Lee Iacocca rose spectacularly through the ranks of Ford Motor Company to become its president, only to be toppled eight years later in a power play that should have shattered him. But Lee Iacocca didn’t get mad, he got even. He led a battle for Chrysler’s survival that made his name a symbol of integrity, know-how, and guts for millions of Americans. In his classic hard-hitting style, he tells us how he changed the automobile industry in the 1960s by creating the phenomenal Mustang. He goes behind the scenes for a look at Henry Ford’s reign of intimidation and manipulation. He recounts the miraculous rebirth of Chrysler from near bankruptcy to repayment of its $1.2 billion government loan so early that Washington didn’t know how to cash the check.",Optimistic
In the Mystery's Shadow,"As our lifespans continue to grow longer, millions of people every year spend time caring for the elderly and dying-some as professionals, some as volunteers, and some through their loving but demanding care for parents, spouses, or other family members or friends. In her book In the Mystery's Shadow, Susan Swetnam draws on her experience serving thousands of ill and dying clients, often in hospice programs, as a certified massage therapist-and also on her experience of caring for her own husband, who died young of cancer. She explains how this sometimes difficult work offers not just the fulfillment of giving comfort to people who need it, but also moments of breathtaking wonder, moments that hint at the untold complexity of being human and affirm our sacred connections with each other. She writes of the hard lessons caregivers learn about themselves, while at the same time knowing the strange and humbling sense of being used in the service of God's love. Insightfully connecting end-of-life care with the liturgical year, Swetnam invites those who care for the sick and dying, whether professional or volunteer, to stay awake to the sacred implications of their labors.",Optimistic
It Happened One Summer," Piper Bellinger is fashionable, influential, and her reputation as a wild child means the paparazzi are constantly on her heels. When too much champagne and an out-of-control rooftop party lands Piper in the slammer, her stepfather decides enough is enough. So he cuts her off, and sends Piper and her sister to learn some responsibility running their late father’s dive bar... in Washington. Piper hasn’t even been in Westport for five minutes when she meets big, bearded sea captain Brendan, who thinks she won’t last a week outside of Beverly Hills. So what if Piper can’t do math, and the idea of sleeping in a shabby apartment with bunk beds gives her hives. How bad could it really be? She’s determined to show her stepfather—and the hot, grumpy local—that she’s more than a pretty face. Except it’s a small town and everywhere she turns, she bumps into Brendan. The fun-loving socialite and the gruff fisherman are polar opposites, but there’s an undeniable attraction simmering between them. Piper doesn’t want any distractions, especially feelings for a man who sails off into the sunset for weeks at a time. Yet as she reconnects with her past and begins to feel at home in Westport, Piper starts to wonder if the cold, glamorous life she knew is what she truly wants. LA is calling her name, but Brendan—and this town full of memories—may have already caught her heart.",Humorous
Let All the Children Boogie,"As the Cold War stalls and the threat of nuclear warfare dominates the news, small-town misfits Laurie and Fell bond over a shared love of music and the mystery of the erratic radio messages that hint at the existence of a future worth reaching out for. ",Optimistic
Manta's Gift,"When Matt Raimey had his accident, he thought his life was over. He never dreamed, in his wildest fantasies, that he'd end up in a spot like this. In the toxic atmosphere of Jupiter, born into the body of an enormous creature that looked like a cross between a manta ray and a dolphin, he is living a new life, unlike any humankind had previously experienced. An unbelievable turn of events, it gave him a reason to live, to survive, no matter what happened . . . but every second chance comes with conditions and responsibilities. And as those who brought him to this strange destiny have their authority stripped from them and he discovers the truth that only he can know about the giant alien creatures he now calls family, this man reborn as the one they now call Manta suddenly isn't sure he wasn't better off before. . . .",Suspenseful
My Autobiography,"Take an unforgettable journey with the man George Bernard Shaw called “the only genius to come out of the movie industry” as he moves from his impoverished South London childhood to the heights of Hollywood wealth and fame; from the McCarthy-era investigations to his founding of United Artists to his “reverse migration” back to Europe. Charlie Chaplin’s heartfelt and hilarious autobiography—one of the very first celebrity memoirs—tells the story of his life, showcasing all the charms, peculiarities and deeply-held beliefs that made him such an endearing and lasting character. Re-issued as part of Melville House’s Neversink Library, My Autobiography offers dedicated Chaplin fans and casual admirers alike an astonishing glimpse into the heart and the mind of Hollywood’s original genius maverick.",Optimistic
New Romance,"The raw charm of rustic farmhouses, the inviting ease of country homes: New Romance presents romantic interiors inspired by modernity. From country house to chalet, New Romance highlights the charm and grace of interiors. Soft classic tones and unfinished woods provide the look and feel of dreamy antiquity. Mudrooms and breezeways bring the bright airiness of rustic outdoor spaces within the walls of beautiful homes and residences. The classic lines and traditional textures nestled within a palette of pale greys and rosé tones add to the visual storyline: soft and sophisticated, nostalgic and contemporary. New Romance features the impeccably stylized and the casually comfortable whilst providing creative insight and inspiration for established interior designers, quixotic stylists, and those undertaking their own DIY projects. This romantic collection presents an array of desirable and divine dream homes.",Poetic
Out of the Gate,"Dermot Harding is ten years older than me.A family friend. An employee on my father's ranch.But I've loved him as long as I can remember.At eighteen, I kissed him and he pushed me away. He said I was too young. The army took him from me for three long years, but now he's back at Gold Rush Ranch-looking at me like he's never looked at me before. Letting his hands linger longer than they should. Offering to help me train the racehorse I've always dreamed of owning.I say that I've moved on, but our chemistry? It's electric. It's overpowering. And soon all our reasons for staying away from each other fall away, along with our clothes.He says he's too old and too broken for someone like me. He says we can never work. But his body tells another story.I put my pride on the line for him once before.Am I a fool to risk it again?",Optimistic
Possible Knowledge,"The Renaissance, scholars have long argued, was a period beset by the loss of philosophical certainty. In Possible Knowledge, Debapriya Sarkar argues for the pivotal role of literature—what early moderns termed poesie—in the dynamic intellectual culture of this era of profound incertitude. Revealing how problems of epistemology are inextricable from questions of literary form, Sarkar offers a defense of poiesis, or literary making, as a vital philosophical endeavor. Working across a range of genres, Sarkar theorizes “possible knowledge” as an intellectual paradigm crafted in and through literary form. Sixteenth- and seventeenth-century writers such as Spenser, Bacon, Shakespeare, Cavendish, and Milton marshalled the capacious concept of the “possible,” defined by Philip Sidney as what “may be and should be,” to construct new theories of physical and metaphysical reality. These early modern thinkers mobilized the imaginative habits of thought constitutive to major genres of literary writing—including epic, tragedy, romance, lyric, and utopia—in order to produce knowledge divorced from historical truth and empirical fact by envisioning states of being untethered from “nature” or reality. Approaching imaginative modes such as hypothesis, conjecture, prediction, and counterfactuals as instruments of possible knowledge, Sarkar exposes how the speculative allure of the “possible” lurks within scientific experiment, induction, and theories of probability. In showing how early modern literary writing sought to grapple with the challenge of forging knowledge in an uncertain, perhaps even incomprehensible world, Possible Knowledge also highlights its most audacious intellectual ambition: its claim that while natural philosophy, or what we today term science, might explain the physical world, literature could remake reality. Enacting a history of ideas that centers literary studies, Possible Knowledge suggests that what we have termed a history of science might ultimately be a history of the imagination.",Optimistic
Q,"Quincy Jones grew up poor on the mean streets of Chicago’s South Side, brushing against the law and feeling the pain of his mother’s descent into madness. But when his father moved the family west to Seattle, he took up the trumpet and was literally saved by music. A prodigy, he played backup for Billie Holiday and toured the world with the Lionel Hampton Band before leaving his teens. Soon, though, he found his true calling, inaugurating a career that included arranging albums for Frank Sinatra, Ray Charles, Dinah Washington, Sarah Vaughan, and Count Basie; composing the scores of such films as The Pawnbroker, In Cold Blood, In the Heat of the Night, and The Color Purple; producing the bestselling album of all time, Michael Jackson’s Thriller, and the bestselling single “We Are the World”; and producing and arranging his own highly praised albums, including the Grammy Award–winning Back on the Block. His musical achievements, in a career that spans every style of American popular music, yielded an incredible eighty Grammy nominations and twenty-eight wins, and are matched by his record as a pioneering music executive, film and television producer, tireless social activist, and business entrepreneur—one of the most successful black business figures in America. Q is an impressive self-portrait by one of the master makers of American culture, a complex, many-faceted man with far more than his share of talents and an unparalleled vision, as well as some entirely human flaws.",Optimistic
Ready Player One,"A world at stake. A quest for the ultimate prize. Are you ready? In the year 2045, reality is an ugly place. The only time Wade Watts really feels alive is when he’s jacked into the OASIS, a vast virtual world where most of humanity spends their days. When the eccentric creator of the OASIS dies, he leaves behind a series of fiendish puzzles, based on his obsession with the pop culture of decades past. Whoever is first to solve them will inherit his vast fortune—and control of the OASIS itself. Then Wade cracks the first clue. Suddenly he’s beset by rivals who’ll kill to take this prize. The race is on—and the only way to survive is to win. ",Suspenseful
Real Frank Zappa Book,"The Real Frank Zappa Bookis the real story of how he became the state of the art in weirdness, as only he can tell it: wild rock 'n' roll road stories, confrontations with bureaucratic idiocy, and more.",Humorous
Reference and Research Guide to Mystery and Detective Fiction,"This new edition of Bleiler's popular and award-winning guide is a superb reference and research tool, as well as an invaluable aid to collection development. Evaluative reviews of approximately 1,000 reference works on mystery and detective fiction provide in-depth discussions of their contents, strengths, weaknesses, and usefulness, often comparing titles to similar or competing works. Encyclopedias, biographical dictionaries, genre guides, national bibliographies, media studies, general reader's guides, web sites, and organizations are just some of the information sources covered in this thorough source. All annotations from the previous edition have been reviewed, revised, and updated; and complete critical reviews of works published since the last edition have been added, including titles released in the present year (2003). More than one third of monographic citations are new to this edition. In a feature new to this edition, Bleiler indexes reference works that provide biographical information on mystery writers, and lists the key websites on these authors. More than 2,500 bio-bibliographic citations to individual mystery writers are given-information that will be particularly useful to those researching specific authors. Organized by publication type for easy access, this work also features a detailed index, making it an essential guide for scholars, researchers, educators, readers' advisors, reference librarians, collection development specialists, and fans.",Informative
Right Romance,"In this book, Emily Griffiths Jones examines the intersections of romance, religion, and politics in England between 1588 and 1688 to show how writers during this politically turbulent time used the genre of romance to construct diverse ideological communities for themselves. Right Romance argues for a recontextualized understanding of romance as a multigeneric narrative structure or strategy rather than a prose genre and rejects the common assumption that romance was a short-lived mode most commonly associated with royalist politics. Puritan republicans likewise found in romance strength, solace, and grounds for political resistance. Two key works that profoundly influenced seventeenth-century approaches to romance are Philip Sidney’s New Arcadia and Edmund Spenser’s The Faerie Queene, which grappled with romance’s civic potential and its limits for a newly Protestant state. Jones examines how these works influenced writings by royalists and republicans during and after the English Civil War. Remaining chapters pair writers from both sides of the war in order to illuminate the ongoing ideological struggles over romance. John Milton is analyzed alongside Margaret Cavendish and Percy Herbert, and Lucy Hutchinson alongside John Dryden. In the final chapter, Jones studies texts by John Bunyan and Aphra Behn that are known for their resistance to generic categorization in an attempt to rethink romance’s relationship to election, community, gender, and generic form. Original and persuasive, Right Romance advances theoretical discussion about romance, pushing beyond the limits of the genre to discover its impact on constructions of national, communal, and personal identity.",Informative
"Robert Louis Stevenson, Science, and the Fin de Siècle","In this fascinating book, Reid examines Robert Louis Stevenson's writings in the context of late-Victorian evolutionist thought, arguing that an interest in 'primitive' life is at the heart of his work. She investigates a wide range of Stevenson's writing, including Dr Jekyll and Mr Hyde and Treasure Island as well as previously unpublished material from the Stevenson archive at Yale. Reid's interpretation offers a new way of understanding the relationship between his Scottish and South Seas work. Her analysis of Stevenson's engagement with anthropological and psychological debate also illuminates the dynamic intersections between literature and science at the fin de siècle.",Informative
"Self-Help, Inc.",Why doesn't self-help help? Micki McGee explores the demand for self-help & what it tells us about ourselves.,Pessimistic
Sham,"Self-help: To millions of Americans it seems like a godsend. To many others it seems like a joke. But as investigative reporter Steve Salerno reveals in this groundbreaking book, it’s neither—in fact it’s much worse than a joke. Going deep inside the Self-Help and Actualization Movement (fittingly, the words form the acronym SHAM), Salerno offers the first serious exposé of this multibillion-dollar industry and the real damage it is doing—not just to its paying customers, but to all of American society. Based on the author’s extensive reporting—and the inside look at the industry he got while working at a leading “lifestyle” publisher—SHAM shows how thinly credentialed “experts” now dispense advice on everything from mental health to relationships to diet to personal finance to business strategy. Americans spend upward of $8 billion every year on self-help programs and products. And those staggering financial costs are actually the least of our worries. SHAM demonstrates how the self-help movement’s core philosophies have infected virtually every aspect of American life—the home, the workplace, the schools, and more. And Salerno exposes the downside of being uplifted, showing how the “empowering” message that dominates self-help today proves just as damaging as the blame-shifting rhetoric of self-help’s “Recovery” movement. SHAM also reveals: • How self-help gurus conduct extensive market research to reach the same customers over and over—without ever helping them • The inside story on the most notorious gurus—from Dr. Phil to Dr. Laura, from Tony Robbins to John Gray • How your company might be wasting money on motivational speakers, “executive coaches,” and other quick fixes that often hurt quality, productivity, and morale • How the Recovery movement has eradicated notions of personal responsibility by labeling just about anything—from drug abuse to “sex addiction” to shoplifting—a dysfunction or disease • How Americans blindly accept that twelve-step programs offer the only hope of treating addiction, when in fact these programs can do more harm than good • How the self-help movement inspired the disastrous emphasis on self-esteem in our schools • How self-help rhetoric has pushed people away from proven medical treatments by persuading them that they can cure themselves through sheer application of will As Salerno shows, to describe self-help as a waste of time and money vastly understates its collateral damage. And with SHAM, the self-help industry has finally been called to account for the damage it has done. ",Pessimistic
Telling Lies in Modern American Autobiography,"This collection of twelve essays discusses the principles and practices of women's autobiographical writing in America, England, and France from the eighteenth to the twentieth centuries.",Informative
"The Autobiography of Martin Luther King, Jr.","Written by Martin Luther King, Jr. himself, this astounding autobiography brings to life a remarkable man changed the world —and still inspires the desires, hopes, and dreams of us all. Martin Luther King: the child and student who rebelled against segregation. The dedicated minister who questioned the depths of his faith and the limits of his wisdom. The loving husband and father who sought to balance his family’s needs with those of a growing, nationwide movement. And to most of us today, the world-famous leader who was fired by a vision of equality for people everywhere. Relevant and insightful, The Autobiography of Martin Luther King, Jr. offers King’s seldom disclosed views on some of the world’s greatest and most controversial figures: John F. Kennedy, Malcolm X, Lyndon B. Johnson, Mahatma Gandhi, and Richard Nixon. It paints a moving portrait of a people, a time, and a nation in the face of powerful change. And it shows how Americans from all walks of life can make a difference if they have the courage to hope for a better future.",Optimistic
The Black Cauldron,"The peaceful land of Prydain is under threat. The evil Lord of Annuvin is using the dark magic of the Black Cauldron to create a terrifying army of deathless warriors. The Cauldron must be destroyed, and Taran joins Prince Gwydion and his faithful knights, Ellidyr and Adaon, in this perilous quest. Taran is desperate to wear his first sword and prove his worth amongst such noble men. But their adventure will demand great sacrifices, as each warrior fulfils his destiny in totally unexpected ways. ",Inspirational
The Catechism of the Council of Trent,"Compiled under the direction of St. Charles Borromeo and recognized as the most authoritative Catholic catechism. Leo XIII recommended two books-- the Summa and this Catechism--for all seminarians! Pope Benedict 16th, as a Cardinal, called it the most important Catholic Catechism. Originally designed to supply parish priest with an official book of instruction, it has been used extensively by the laity as a steadying guide in our confused age. New typesetting and beautiful hardbound cover.",Optimistic
The Easy Way to Mindfulness,"Do you want to free yourself from worry and anxiety? Allen Carr's Easyway method has brilliantly transformed lives all over the world, setting out a wonderful practical pathway to help free millions from a whole variety of addictions. It strips away the illusions that leave us prey to negative thoughts and behaviours, showing us how to gain clarity and control if we focus on who we truly are rather than being distracted by those things that harm and trouble us. The key to peace of mind lies within. Mindfulness lies at the heart of Allen Carr's philosophy and this book shares the proven principles of mindfulness with a wider audience in simple accessible terms that apply to real life and provide a tangible, practical outcome: YOUR HAPPINESS. ",Inspirational
The Folding Knife,"Basso the Magnificent. Basso the Great. Basso the Wise. The First Citizen of the Vesani Republic is an extraordinary man. He is ruthless, cunning, and above all, lucky. He brings wealth, power and prestige to his people. But with power comes unwanted attention, and Basso must defend his nation and himself from threats foreign and domestic. In a lifetime of crucial decisions, he's only ever made one mistake. One mistake, though, can be enough.",Suspenseful
The Joy of Being Selfish,"A practical guide that will reclaim your time, energy and self-belief' —Stylist '[A] smart guide to setting boundaries...While the wise counsel will be tough love for some, those willing to put in the work will get much out of this.'—Publishers Weekly Do you frequently say 'yes' to people and events to keep those around you happy? Do you often find yourself emotionally exhausted and physically drained? Do people describe you as a pushover or 'too nice'? It's time to discover the joy of being selfish and reclaim your life through the art of boundaries! Life coach and influencer @scarrednotscared Michelle Elman is here to teach you the practical side of self-love. Creating and upholding strong boundaries will teach others how to treat you, rid your life of drama and toxic relationships and allow you to love yourself and others in the best way you can.",Inspirational
The Lascar's Dagger,"FAITH WILL NOT SAVE HIM. Saker looks like a simple priest, but in truth he's a spy for the head of his faith. It's a dangerous job, and more lives than merely his own depend on his secrecy. When Saker is wounded by a Lascar sailor's blade the weapon seems to follow him home. Unable to discard it, nor the sense of responsibility that comes with it, Saker can only follow its lead. It will put him on a journey to strange shores, on a path that will reveal terrible secrets about the empire, about the people he serves, and likely lead to his own destruction. The Lascar's dagger demands a price, and that price will be paid in blood.",Suspenseful
The Mindful Way through Depression,"If you’ve ever struggled with depression, take heart. Mindfulness, a simple yet powerful way of paying attention to your most difficult emotions and life experiences, can help you break the cycle of chronic unhappiness once and for all. In The Mindful Way through Depression, four uniquely qualified experts explain why our usual attempts to “think” our way out of a bad mood or just “snap out of it” lead us deeper into the downward spiral. Through insightful lessons drawn from both Eastern meditative traditions and cognitive therapy, they demonstrate how to sidestep the mental habits that lead to despair, including rumination and self-blame, so you can face life’s challenges with greater resilience. This e-book includes an audio program of guided meditations, narrated by Jon Kabat-Zinn, for purchasers to stream or download from the web. See also the authors' Mindful Way Workbook, which provides step-by-step guidance for building your mindfulness practice in 8 weeks. ",Inspirational
The Player Of Games,"The Culture - a humanoid/machine symbiotic society - has thrown up many great Game Players. One of the best is Jernau Morat Gurgeh, Player of Games, master of every board, computer and strategy. Bored with success, Gurgeh travels to the Empire of Azad, cruel & incredibly wealthy, to try their fabulous game, a game so complex, so like life itself, that the winner becomes emperor. Mocked, blackmailed, almost murdered, Gurgeh accepts the game and with it the challenge of his life, and very possibly his death.",Suspenseful
The Saving Mysteries of Jesus Christ,"Jesus is Lord! This scandalous confession is an act of worship, a pledge of allegiance, a call to service, and a saving act. Yet who is Jesus Christ? How should we understand his life, his death, his resurrection, and his work of salvation? This book offers a perspective from the Wesleyan tradition on these vital questions. It introduces readers to christology, the study of Christ. The authors encourage readers to ponder the mystery of salvation at work in Christ's entire life and to make the confession ""Jesus is Lord"" their own.",Poetic
The Shame Factor,"A popular clinical psychologist explores an often misunderstood and unrecognized emotion that's the root cause of many self-defeating and harmful behaviors.Emotional paralysis, a distorted view of self, a feeling of being a fraud, lack of trust in others, fear of criticism resulting in underdeveloped talents, and a chronic sense of being worthless, invisible, or disposable—these are typical symptoms of shame. In this book, psychologist Stephan B. Poulter delves into this ""primary emotional wound."" Distinguishing it from commonplace guilt over a particular moral failing, he describes this toxic emotion as a pervasive but largely unrecognized ""emotional cancer,"" with the power of undermining many aspects of life.Dr. Poulter guides the reader through exercises that teach one to expose this ""big secret"" and to recognize the triggers in daily life that arouse fears and other negative emotions. Beyond these first steps, he shows how we can continue the healing process of self-acceptance, self-forgiveness, empathy, and a new sense of inner well-being.Based on thirty years of experience with patients of all ages and from many walks of life, this is a book full of insight and understanding, one that can help most of us discover and realize our full potentials.",Optimistic
The Uncoiling Python,"The oral and written traditions of the Africans of South Africa have provided an understanding of their past and the way the past relates to the present. These traditions continue to shape the past by the present, and vice versa. From the time colonial forces first came to the region in 1487, oral and written traditions have been a bulwark against what became 350 years of colonial rule, characterized by the racist policies of apartheid. The Uncoiling Python: South African Storytellers and Resistance is the first in-depth study of how Africans used oral traditions as a means of survival against European domination. Africans resisted colonial rule from the beginning. They participated in open insurrections and other subversive activities in order to withstand the daily humiliations of colonial rule. Perhaps the most effective and least apparent expression of subversion was through indigenous storytelling and poetic traditions. Harold Scheub has collected the stories and poetry of the Xhosa, Zulu, Swati, and Ndebele peoples to present a fascinating analysis of how the apparently harmless tellers of tales and creators of poetry acted as front-line soldiers.",Informative
The War of the Worlds,"When an army of invading Martians lands in England, panic and terror seize the population. As the aliens traverse the country in huge three-legged machines, incinerating all in their path with a heat ray and spreading noxious toxic gases, the people of the Earth must come to terms with the prospect of the end of human civilization and the beginning of Martian rule.",Pessimistic
The Way of Kings," Roshar is a world of stone and storms. Uncanny tempests of incredible power sweep across the rocky terrain so frequently that they have shaped ecology and civilization alike. Animals hide in shells, trees pull in branches, and grass retracts into the soilless ground. Cities are built only where the topography offers shelter. It has been centuries since the fall of the ten consecrated orders known as the Knights Radiant, but their Shardblades and Shardplate remain: mystical swords and suits of armor that transform ordinary men into near-invincible warriors. Men trade kingdoms for Shardblades. Wars were fought for them, and won by them. One such war rages on a ruined landscape called the Shattered Plains. There, Kaladin, who traded his medical apprenticeship for a spear to protect his little brother, has been reduced to slavery. In a war that makes no sense, where ten armies fight separately against a single foe, he struggles to save his men and to fathom the leaders who consider them expendable. Brightlord Dalinar Kholin commands one of those other armies. Like his brother, the late king, he is fascinated by an ancient text called The Way of Kings. Troubled by over-powering visions of ancient times and the Knights Radiant, he has begun to doubt his own sanity. Across the ocean, an untried young woman named Shallan seeks to train under an eminent scholar and notorious heretic, Dalinar's niece, Jasnah. Though she genuinely loves learning, Shallan's motives are less than pure. As she plans a daring theft, her research for Jasnah hints at secrets of the Knights Radiant and the true cause of the war. ",Pessimistic
The Widows of Eastwick,"More than three decades have passed since the events described in John Updike’s The Witches of Eastwick. The three divorcées—Alexandra, Jane, and Sukie—have left town, remarried, and become widows. They cope with their grief and solitude as widows do: they travel the world, to such foreign lands as Canada, Egypt, and China, and renew old acquaintance. Why not, Sukie and Jane ask Alexandra, go back to Eastwick for the summer? The old Rhode Island seaside town, where they indulged in wicked mischief under the influence of the diabolical Darryl Van Horne, is still magical for them. Now Darryl is gone, and their lovers of the time have aged or died, but enchantment remains in the familiar streets and scenery of the village, where they enjoyed their lusty primes as free and empowered women. And, among the local citizenry, there are still those who remember them, and wish them ill. How they cope with the lingering traces of their evil deeds, the shocks of a mysterious counterspell, and the advancing inroads of old age, form the burden on Updike’s delightful, ominous sequel.",Pessimistic
The Worm Ouroboros,"""The Worm Ouroboros"" by Eric Rücker Eddison is a classic fantasy novel that transports readers to the enchanting world of Mercury, where two rival kingdoms, Witchland and Demonland, engage in a timeless struggle for power and supremacy. Set against a backdrop of epic battles, intricate political intrigues, and mythical creatures, the novel follows the adventures of heroes and villains alike as they navigate a landscape fraught with magic and danger. Eddison's rich prose and vivid imagination create a captivating tale that explores themes of honor, loyalty, and the eternal conflict between good and evil. ",Poetic
Theory of Prose,"Viktor Shklovsky's 1925 book Theory of Prose might have become the most important work of literary criticism in the twentieth century had not two obstacles barred its way: the crackdown by the Soviet dictatorship on Shklovsky and other Russian Formalists in the 1930s, and the unavailability of an English translation. Now translated in its entirety for the first time, Theory of Prose not only anticipates structuralism and post-structuralism, but poses questions about the nature of fiction that are as provocative today as they were in the 1920s. Arguing that writers structure their material according to artistic principles rather than from attempts to imitate ""reality,"" Shklovsky uses Cervantes, Tolstoi, Sterne, Dickens, Bely, and Rozanov to give us a new way of thinking about fiction and, in his most impassioned moments, about the world. Benjamin Sher's lucid translation will allow Shklovsky's Theory of Prose to fulfill its destiny as a major theoretical work of the twentieth century.",Informative
Time Off,"Discover the transformative power of leisure to recapture your calm and creativity.Are your busiest days really the ones that make you feel the most accomplished? It might be time to question whether 'busy' = 'productive'. After reaching breaking points in their careers, business coach John Fitch and AI researcher Max Frenzel learned the critical importance of taking time off. Now these former workaholics will help you revolutionize the way you get things done.History's greatest minds, as well as some of the most successful leaders, thinkers, and creatives of today, found success by practicing a more balanced approach to work and life. Embracing their insights on how constant hustle can be your worst enemy, you will realize that time off means much more than just taking a break. Rediscover a more fulfilled and versatile version of yourself and unlock your true creative potential.Through relatable personal anecdotes, historically sound approaches to downtime, and scientifically backed strategies for increasing your creativity, Time Off will reshape the way you think about work and leisure.In Time Off, you'll discover:- The most effective methods to reclaim leisure, while increasing productivity and creativity- Why having a rest ethic will be a key competitive advantage in the future of work- Tactics for getting away from the work without the dreaded guilt- How to thrive alongside AI and use technology to become more human- The many ways in which time off improves your leadership skills, and much, much more!",Inspirational
Waking Gods,"As a child, Rose Franklin made an astonishing discovery: a giant metallic hand, buried deep within the earth. As an adult, she’s dedicated her brilliant scientific career to solving the mystery that began that fateful day: Why was a titanic robot of unknown origin buried in pieces around the world? Years of investigation have produced intriguing answers—and even more perplexing questions. But the truth is closer than ever before when a second robot, more massive than the first, materializes and lashes out with deadly force. Now humankind faces a nightmare invasion scenario made real, as more colossal machines touch down across the globe. But Rose and her team at the Earth Defense Corps refuse to surrender. They can turn the tide if they can unlock the last secrets of an advanced alien technology. The greatest weapon humanity wields is knowledge in a do-or-die battle to inherit the Earth . . . and maybe even the stars. ",Suspenseful
What about Murder?,Identifies and annotates 239 books about mystery and detective fiction published through the end of 1981.,Informative
Women and the Autobiographical Impulse,"Forming a critical introduction to the history of women's autobiography from the mid 18th-century to the present, this book analyses the most important changes in women's autobiography, exploring their motivation, context, style, and the role of life experiences. Caine effortlessly segues across three centuries of history: from the emergence of the 'modern autobiography' in the 18th-century which laid bare the scandalous lives of 'fallen women', to the literary and suffragist autobiographies of the 19th-century to the establishment of feminist publishers in the 20th century and the taboo-shattering autobiographies they produced. The result is a much-needed history, one which provides a different way of thinking about the trajectory of genre information. Caine's compelling study fills an important gap in the genre of autobiography, by embracing a wide range of women and offering an extensive discussion of the autobiographies of women across the 19th and 20th centuries, making it ideal for classroom use.",Informative
3 Science Fiction Stories,"Monsoons of Death: A very nice blend of horror story and a study of true bravery on the planet Mars. A newly commissioned lieutenant finds out a lot about both! Larson's Luck: Vance takes us on a lighthearted jaunt into hot shot space ship pilots, piracy and the good part of breaking the rules. Vital Ingredient: Travel far into the future when the sport of boxing still has two muscled opponents battling it out in a ring, but they are simply puppets, every muscle, feint and jab controlled by ring side ""managers""; ex fighters who have moved up. The story asks the question: is this how champions are made? And answers it of course in a most satisfying manner.",Optimistic
A Death in the Asylum (Euphemia Martins Mystery 3)," A meddling mystic... ...with the power to unravel it all. Euphemia's working unhappily as a housekeeper for Bertram Stapleford at his ill advised new property, when the dramatic collapse of the kitchen floor sends her back to where it all began, Stapleford House. A visiting mystic disrupts the Staplefords unleashing old family rumours. Euphemia finds herself playing second fiddle to Bertram's new love, Beatrice Wilton, as she launches a project to investigate the new aslyums. It is not long before Euphemia realizes that not only does Beatrice have her unscrupulous sights set on Bertram, but that her enterprises may be about to put them all in very great danger.",Suspenseful
A Self-Help Guide for Copywriters,"From aspiring to expiring copywriters, this book will help you become a more efficient, more confident creative. In other words, you'll make more money. And friends. It's a little about the creative process and a lot about the craft of writing headlines, with over two hundred example ads. If you're looking for ""killer headline formulas that can't fail,"" ""data-driven headline conversion hacks,"" ""SEO secrets (Google doesn't want you to know),"" or ""can't-miss clickbait headlines,"" you can find everything you need in a search bar. If you want to learn how to come up with a crap ton of ideas and turn them into headlines that bring personality to your writing, click add to cart. Oh, and as much as the title of this book, A Self-Help Guide for Copywriters, was meant to be a little tongue-in-cheek, it's the only book on creativity in advertising that takes on the subject of creative self-doubt. It will help you whack-a-mole self-doubting thoughts before they can even get a word in. Note: This is also a great resource for people who dislike copywriters. Read this book and soon you'll be able to casually point out flaws in their work, making the fragile copywriter in your life feel even more insecure.",Informative
A Way Back to Happy,"Sometimes you have to fall apart so that you can start again... After five years stuck in the wrong marriage, 33-year-old Emma is finally free. Her husband has moved out, her son Freddie is making friends, and her parents are finally trying to stop micro-managing her life. On a celebratory night out with her three best friends, Emma meets Finn. Young, dimpled and irresistibly Scottish Finn. Between landing her dream job, stolen moments with Finn, and precious time with Freddie, Emma is happier than she has ever been. Then one accident changes everything and Emma's life is thrown into chaos. With the help of all who love her, can Emma find a way back to happy? ",Suspenseful
Angelmass,"Deep in space lies the black hole known as Angelmass, so called because it emits enigmatic particles with the unusual ability to render humans calm, reasonable, and incapable of lying—which would normally be seen as a good thing. But not by everyone. For while Empyrean human colonies on the edge of the galaxy utilize the power of the “angels,” the Earth-based Pax empire views the emissions as a threat that could be used to subvert humanity. Academic Jereko Kosta is pressed into service by the Pax to spy on the Empyrean, joining the crew of a ship actively hunting the particles. But what he learns turns out to be both scientifically fascinating and morally frightening. When the Pax make an aggressive move that may lead to all-out war with the Empyrean, Kosta is the only one who can stop the conflict between the human powers and force them to see that the angels they’re about to fight over are far from holy.",Suspenseful
Anthropology and Autobiography,"Anthropological writings by anthropologists in the field have long been a valuable tool to the profession. But until now, the theoretical implications of its use have not been fully explored. Anthropology and Autobiography provides unique insights into the fieldwork, autobiographical materials and/or textual critiques of anthropologists, many of whose ethnographies are already familiar. It considers the role of the anthropologist as fieldworker and writer, examining the ways in which nationality, age, gender, and personal history influence the anthropologist's behavior towards the individuals he is observing. This volume also contributes to debates about reflexivity and the political responsibility of the anthropologist, who, as a participant, has traditionally made only stylized appearances in the academic text. The contributors examine their work among peoples in Africa, Japan, the Caribbean, Greece, Shetland, England, indigenous Australia, Indonesia, and Sri Lanka. Autobiography is developed alongside political, intellectual, and historical changes. The anthropologists confront and examine issues of racism, reciprocity and friendships. Anthropology and Autobiography will appeal to anthropologists and social scientists interested in ethnographic approaches, the self, reflexivity, qualitative methodology, and the production of texts.",Informative
Assassins in Love,When one killer falls for another Agent:Misha Profile:Highly trained in every method the assassins guild has to offer. Always goes by the book. Agent: Rikki Profile:Rogue assassin who kills only to rid the world of hardened criminals. Hates organizations. Always does it her way. Love becomes a matter of life and death Misha's mission is to get Rikki to join the guild or give up her guns. He completely underestimated the effect she would have on him...and what heat and chaos they could bring to each other...,Suspenseful
Autobiographical Comics,"A complete guide to the history, form and contexts of the genre, Autobiographical Comics helps readers explore the increasingly popular genre of graphic life writing. In an accessible and easy-to-navigate format, the book covers such topics as: · The history and rise of autobiographical comics · Cultural contexts · Key texts – including Maus, Robert Crumb, Persepolis, Fun Home, and American Splendor · Important theoretical and critical approaches to autobiographical comics Autobiographical Comics includes a glossary of crucial critical terms, annotated guides to further reading and online resources and discussion questions to help students and readers develop their understanding of the genre and pursue independent study.",Informative
Autobiographical Inscriptions,"By engaging current approaches to the genre, Autobiographical Inscriptions breaks new ground in the field of autobiography studies. The book is centered in a discussion of the ways that innovations of form and structure contain and bolster arguments for personhood articulated by Harriet Jacobs, Zora Neale Hurston, Hisaye Yamamoto, Maxine Hong Kingston, Leslie Marmon Silko, Adrienne Kennedy, and Cecile Pineda. Organized thematically, with each chapter focusing on central questions of form, this work pairs canonized texts with less well-known works, reading autobiographical works across cultural contexts, historical periods, and artistic media, and illustrating the stunning range of formal strategies available to and adopted by the American woman writer of color.",Informative
Down the Hatch,"Private detective Agatha Raisin, having recently taken up power-walking, is striding along a path in Mircester Park during her lunch break when she hears a cry for help. Rushing over, she finds an elderly couple, Mr. and Mrs. Swinburn, in the middle of the green—with the body of an old man lying at their feet. The man, who the coroner determines died by poisoning, was known as ""the Admiral,"" a gardener notorious for his heavy drinking, and Chief Inspector Wilkes writes the death off as an accident caused by the consumption of weedkiller stored in a rum bottle. Agatha is not convinced that anyone would mistake weedkiller for rum but carries on with her work at Raisin Investigations, until she receives an anonymous tip that the Admiral’s death was no accident. Local gossip points to the Swinburns themselves as the killers, spurred by a feud at the club where they, as well as the Admiral, were members. Distraught at this accusation, they turn to Agatha to clear their name, and she takes the case—despite the warnings of Chief Inspector Wilkes. Agatha encounters one suspicious character after another, becoming further enmeshed in the Admiral’s own dark and shady past. And when she's run off the road, narrowly escaping with her life, and then another attack occurs, it becomes clear that someone doesn’t want the case closed—and will stop at nothing to prevent Agatha from solving it.",Suspenseful
Dune,"Set on the desert planet Arrakis, Dune is the story of the boy Paul Atreides, heir to a noble family tasked with ruling an inhospitable world where the only thing of value is the “spice” melange, a drug capable of extending life and enhancing consciousness. Coveted across the known universe, melange is a prize worth killing for...When House Atreides is betrayed, the destruction of Paul’s family will set the boy on a journey toward a destiny greater than he could ever have imagined. And as he evolves into the mysterious man known as Muad’Dib, he will bring to fruition humankind’s most ancient and unattainable dream.",Suspenseful
Fair Play,"A hands-on, real talk guide for navigating the hot-button issues that so many families struggle with.""--Reese Witherspoon Tired, stressed, and in need of more help from your partner? Imagine running your household (and life!) in a new way... It started with the Sh*t I Do List. Tired of being the ""shefault"" parent responsible for all aspects of her busy household, Eve Rodsky counted up all the unpaid, invisible work she was doing for her family -- and then sent that list to her husband, asking for things to change. His response was... underwhelming. Rodsky realized that simply identifying the issue of unequal labor on the home front wasn't enough: She needed a solution to this universal problem. Her sanity, identity, career, and marriage depended on it. The result is Fair Play: a time- and anxiety-saving system that offers couples a completely new way to divvy up chores and responsibilities. Rodsky interviewed more than five hundred men and women from all walks of life to figure out what the invisible work in a family actually entails and how to get it all done efficiently. With four easy-to-follow rules, 100 household tasks, and a series of conversation starters for you and your partner, Fair Play helps you prioritize what's important to your family and who should take the lead on every chore from laundry to homework to dinner. ""Winning"" this game means rebalancing your home life, reigniting your relationship with your significant other, and reclaiming your Unicorn Space -- as in, the time to develop the skills and passions that keep you interested and interesting. Stop drowning in to-dos and lose some of that invisible workload that's pulling you down. Are you ready to try Fair Play? Let's deal you in.",Optimistic
Fantasy Baseball,"The Wizard of Oz meets America's favorite pastime! Alex Metcalf must be dreaming. What else would explain why he's playing baseball for the Oz Cyclones, with Dorothy as his captain, in the Ever After Baseball Tournament? But Alex isn't dreaming; he's just from the real world. And winning the tournament might be his only chance to get back there, because the champions get a wish granted by the Wizard. Too bad Ever After's most notorious criminal, the Big Bad Wolf, is also after the wishes. And anyone who gets in his way gets eaten! From beloved baseball author Alan Gratz comes a novel in which classic literary characters are baseball crazy, and one real-world boy must face his fears and discover the surprising truth about himself.",Optimistic
Film Genre for the Screenwriter,"Film Genre for the Screenwriter is a practical study of how classic film genre components can be used in the construction of a screenplay. Based on Jule Selbo’s popular course, this accessible guide includes an examination of the historical origins of specific film genres, how and why these genres are received and appreciated by film-going audiences, and how the student and professional screenwriter alike can use the knowledge of film genre components in the ideation and execution of a screenplay. Explaining the defining elements, characteristics and tropes of genres from romantic comedy to slasher horror, and using examples from classic films like Casablanca alongside recent blockbuster franchises like Harry Potter, Selbo offers a compelling and readable analysis of film genre in its written form. The book also offers case studies, talking points and exercises to make its content approachable and applicable to readers and writers across the creative field.",Informative
First Class Murder,"A murdered heiress, a missing necklace, and a train full of shifty, unusual, and suspicious characters leaves Daisy and Hazel with a new mystery to solve in this third novel of the Wells & Wong Mystery series. Hazel Wong and Daisy Wells are taking a vacation across Europe on world-famous passenger train, the Orient Express—and it’s clear that each of their fellow first-class travelers has something to hide. Even more intriguing: There’s rumor of a spy in their midst. Then, during dinner, a bloodcurdling scream comes from inside one of the cabins. When the door is broken down, a passenger is found murdered—her stunning ruby necklace gone. But the killer has vanished, as if into thin air. The Wells & Wong Detective Society is ready to crack the case—but this time, they’ve got competition.",Suspenseful
Halting State,"A daring bank robbery has taken place at Hayek Associates—a dot-com start-up company that’s just floated onto the London stock exchange. But this crime may be a bit beyond Smith’s expertise. The prime suspects are a band of marauding orcs with a dragon in tow for fire support. The bank is located within the virtual reality land of Avalon Four, and the robbery was supposed to be impossible. When word gets out, Hayek Associates and all its virtual “economies” are going to crash hard. For Smith, the investigation seems pointless. But the deeper she digs, the bigger the case gets. There are powerful players—both real and pixelated—who are watching her every move. Because there is far more at stake than just some game-head’s fantasy financial security…",Suspenseful
Handbook of Autobiography / Autofiction,"Autobiographical writings have been a major cultural genre from antiquity to the present time. General questions of the literary as, e.g., the relation between literature and reality, truth and fiction, the dependency of author, narrator, and figure, or issues of individual and cultural styles etc., can be studied preeminently in the autobiographical genre. Yet, the tradition of life-writing has, in the course of literary history, developed manifold types and forms. Especially in the globalized age, where the media and other technological / cultural factors contribute to a rapid transformation of lifestyles, autobiographical writing has maintained, even enhanced, its popularity and importance. By conceiving autobiography in a wide sense that includes memoirs, diaries, self-portraits and autofiction as well as media transformations of the genre, this three-volume handbook offers a comprehensive survey of theoretical approaches, systematic aspects, and historical developments in an international and interdisciplinary perspective. While autobiography is usually considered to be a European tradition, special emphasis is placed on the modes of self-representation in non-Western cultures and on inter- and transcultural perspectives of the genre. The individual contributions are closely interconnected by a system of cross-references. The handbook addresses scholars of cultural and literary studies, students as well as non-academic readers.",Informative
Haunted Waters,"A crazy, wild ride from a deserted mining town makes it clear that someone's after Bryce and Ashley Timberline. Will they survive long enough to find out who it is? Watch out! The Timberline twins are on the loose. Bryce and Ashley are ATV-riding tweens from Colorado who unearth action-packed mystery and adventure wherever they go. From clearing the name of a local miscreant to thwarting a gold-stealing heist, the twins' growing faith and the strong example of their parents guide them through even the most life-threatening situations. ",Suspenseful
Hodor Autobiography,"Hodor finally tells his heroic tale in his own words! With his enormous size and strength, Hodor carries/drags Bran Stark through great dangers on their harrowing journey North. As a reader, remember that Hodor tells you his saga IN HIS OWN WORDS. If you love this hero as much as we do, you'll know exactly what to expect in Hodor's autobiography. ",Informative
How To Write An Autobiographical Novel," As a novelist, Alexander Chee has been described as “masterful” by Roxane Gay, “incendiary” by the New York Times, and ""brilliant"" by the Washington Post. With his first collection of nonfiction, he’s sure to secure his place as one of the finest essayists of his generation as well. How to Write an Autobiographical Novel is the author’s manifesto on the entangling of life, literature, and politics, and how the lessons learned from a life spent reading and writing fiction have changed him. In these essays, he grows from student to teacher, reader to writer, and reckons with his identities as a son, a gay man, a Korean American, an artist, an activist, a lover, and a friend. He examines some of the most formative experiences of his life and the nation’s history, including his father’s death, the AIDS crisis, 9/11, the jobs that supported his writing ​— ​Tarot-reading, bookselling, cater-waiting for William F. Buckley ​— ​the writing of his first novel, Edinburgh, and the election of Donald Trump. By turns commanding, heartbreaking, and wry, How to Write an Autobiographical Novel asks questions about how we create ourselves in life and in art, and how to fight when our dearest truths are under attack. ",Informative
How to Stay Sane,"There is no simple set of instructions that can guarantee sanity, but if you want to overcome emotional difficulties and become happier, psychotherapist Philippa Perry, author of The Book You Wish Your Parents Had Read, argues that there are four cornerstones to sanity you can influence to bring about change. By developing your self-observation skills, examining how you relate to others, breaking out of your comfort zone and exploring new ways of defining yourself, Philippa demonstrates that it is possible to become a little less tortured and a little more fulfilled. How to Stay Sane is at once a brilliant explanation of our minds and a profoundly useful guide to facing up to the many challenges life throws our way. The School of Life looks at new ways of thinking about life’s biggest questions. Discover more fascinating books from the series with How to Be Alone and How to Think More About Sex.",Inspirational
Hurricanes,"The highly anticipated memoir from hip-hop icon Rick Ross chronicles his coming of age amid Miami’s crack epidemic, his star-studded controversies and his unstoppable rise to fame. Rick Ross is an indomitable presence in the music industry, but few people know his full story. Now, for the first time, Ross offers a vivid, dramatic and unexpectedly candid account of his early childhood, his tumultuous adolescence and his dramatic ascendancy in the world of hip-hop. Born William Leonard Roberts II, Ross grew up “across the bridge,” in a Miami at odds with the glitzy beaches, nightclubs and yachts of South Beach. In the aftermath of the 1980 race riots and the Mariel boatlift, Ross came of age at the height of the city’s crack epidemic, when home invasions and execution-style killings were commonplace. Still, in the midst of the chaos and danger that surrounded him, Ross flourished, first as a standout high school football player and then as a dope boy in Carol City’s notorious Matchbox housing projects. All the while he honed his musical talent, overcoming setback after setback until a song called “Hustlin’” changed his life forever. From the making of “Hustlin’” to his first major label deal with Def Jam, to the controversy surrounding his past as a correctional officer and the numerous health scares, arrests and feuds he had to transcend along the way, Hurricanes is a revealing portrait of one of the biggest stars in the rap game, and an intimate look at the birth of an artist.",Optimistic
If I Could Tell You Just One Thing...,"Richard Reed built Innocent Drinks from a smoothie stall on a street corner to one of the biggest brands in Britain. He credits his success to four brilliant pieces of advice, each given to him just when he needed them most. Ever since, it has been Richard's habit, whenever he meets somebody he admires, to ask them for their best piece of advice. If they could tell him just one thing, what would it be? Richard has collected pearls of wisdom from some of the most remarkable, inspiring and game-changing people in the world - in business, tech, politics, sport, art, spirituality, medicine, film, and design. From Richard Branson to Andy Murray, from the president of Google to President Clinton, and from Richard Curtis to Annie Lennox, Richard has picked some of the world's most interesting brains to give you a lesson in how to live, how to create and how to succeed.",Inspirational
In Ashes Lie,"ABOVE It is the seventeenth century. For twenty years, the City of London has been torn apart: by war, by plague, by fire. BELOW The Onyx Court is London's faerie shadow. Dedicated to co-existence with mortals, it struggles to survive against rival courts who oppose everything it stands for. BETWEEN Now, when these two realms are at their most divided, they face a threat neither can defeat alone. The Great Fire ravaging London is more than mere flames. While the city's human residents struggle to halt the inexorable blaze, the fae must defeat a stranger foe: the embodiment of the fire itself, a monstrous Dragon that seeks to devour London both above and below. If the faerie queen Lune and her mortal consort cannot bring the two worlds together, the city itself may not survive . . . .",Inspirational
In the Hall with the Knife,"When a storm strikes at Blackbrook Academy, an elite prep school nestled in the woods of Maine, a motley crew of students—including Beth “Peacock” Picach, Orchid McKee, Vaughn Green, Sam “Mustard” Maestor, Finn Plum, and Scarlet Mistry—are left stranded on campus with their headmaster. Hours later, his body is found in the conservatory and it’s very clear his death was no accident. With this group of students who are all hiding something, nothing is as it seems, and everyone has a motive for murder. ",Suspenseful
Kushiel's Dart,"A world of cunning poets, deadly courtiers, deposed rulers and a besieged Queen, a warrior-priest, the Prince of Travelers, barbarian warlords, heroic traitors, and a truly Machiavellian villainess...all seen through the unflinching eyes of an unforgettable heroine. A nation born of angels, vast and intricate and surrounded by danger... a woman born to servitude, unknowingly given access to the secrets of the realm... Born with a scarlet mote in her left eye, Phédre nó Delaunay is sold into indentured servitude as a child. When her bond is purchased by an enigmatic nobleman, she is trained in history, theology, politics, foreign languages, the arts of pleasure. And above all, the ability to observe, remember, and analyze. Exquisite courtesan, talented spy...and unlikely heroine. But when Phédre stumbles upon a plot that threatens her homeland, Terre d'Ange, she has no choice. Betrayed into captivity in the barbarous northland of Skaldia and accompanied only by a disdainful young warrior-priest, Phédre makes a harrowing escape and an even more harrowing journey to return to her people and deliver a warning of the impending invasion. And that proves only the first step in a quest that will take her to the edge of despair and beyond. Phédre nó Delaunay is the woman who holds the keys to her realm's deadly secrets, and whose courage will decide the very future of her world. ",Suspenseful
Little Lady with a Big Drum,"This, the official autobiography of Elayne Jones, is the story of one woman's remarkable life and career in her own words; a journey from meager beginnings as a self-described ""skinny little girl from Harlem,"" to the highest echelons of classical music. With a musical talent and personal drive that enabled her to transcend racial and gender barriers, Jones became the first African American woman in the New York Philharmonic Symphony Orchestra. A world renown tympanist, Elayne Jones is a graduate of the Arts and Music High School in New York. She then attended Julliard, being among the first winners of the Ellington Julliard Scholarship. Jones' professional career began in 1949 with the New York City Opera. Over the course of five decades, Elayne Jones played with the American Ballet Theatre, Arthur Fiedler and the World Symphony Orchestra, Leopold Stokowski and the American Symphony Orchestra, Seiji Ozawa and the San Francisco Symphony, and the San Francisco Opera. In 1965 she won the LaGuardia Memorial Award in recognition of her outstanding achievements in music. She has presented over 375 solo lecture demonstrations nationally and internationally of percussion instruments in schools and colleges, and in 1975, National Educational Television produced and aired a TV special on PBS featuring Jones entitled, ""A Day in the Life of a Musician."" Countless performances by Jones include television, recordings, musicals, and ballets. Elayne Jones is universally recognized as one the most prominent African Americans of the 20th Century. Alongside music, Jones was also an accomplished amateur tennis player for some 43 years, until an injury forced her to give up the game. Some of the high points in playing included tennis matches with tenor Luciano Pavarotti and conductor Seiji Ozawa. Jones retired from her career in music in 1998. A mother of three, she currently resides in the San Francisco East Bay Area, in Walnut Creek, California.",Informative
Loving Him without Losing You,"Do you frequently find yourself putting your lover's needs ahead of your own? Do you tend to lose yourself in your romantic relationships? Have you ever neglected your career, your friends, or even your health while in the midst of a love affair? Now, in this landmark book, Beverly Engel examines the intricate reasons why so many women submerge themselves in their relationships with men-and offers a straightforward, empowering program that you can use to free yourself from the powerful grip of this all-too-common problem and rediscover yourself as a Woman of Substance.",Optimistic
Makeup and Murder,"Beauty consultant Ziva Diaz is a girl boss who doesn't back down from anyone. When she's attacked inside a client's home and wakes to find a dead body, she gives up the safety of selling lipsticks for the dangerous role of detective. The dead man was her top client's husband, and it turns out he used his money to buy more than happiness. With suspects piling up, a killer on the loose and her own life threatened, Ziva vows to solve the case and digs her high heels in even deeper. The last thing she expected is finding another dead body - or befriending the murderer!",Humorous
Mystery Lights at Blue Harbour,"Lorinda and James are up to their ears in mystery. What are those scary lights flashing through the moonless dark out on the inky water? No one will answer their questions, not even their parents. They're scared, too! It's up to Lorinda and James and their friends to get to the bottom of this ...",Suspenseful
No More Bananas,"“Feel better, get done more and become a nicer person” In this age of social media, fake news, individualism and information overload, the certainties we relied on in the past are gone. In our quest for assurance and support, the only seemingly dependable pillar left is other people. So we look to them. But they are unsettled too. And by looking to them, we create and perpetuate our own vicious stress-cycle. As a result, we lose our sensible selves. And we go bananas. But there is good news. If we look around us, there are people who withstand the collective lunacy and stay grounded. They do something that most of us have a hard time doing: they stay themselves. And the best news is that what they can do, you can do too. It doesn’t require any special talents or supernatural powers. It only requires doing. In this amiable, open and accessible book, Jeroen Kraaijenbrink takes you on his personal journey out of Bananaland. Drawing from cognitive psychology, martial arts, Saint Benedict, personal experience, and a wide range of other sources, the book offers a nine-step approach with some remarkably practical advice for keeping a cool head in the collective lunacy. “Free yourself from the collective lunacy and reclaim your calm and sensible self”",Optimistic
Not a Self-help Book," Marty Wu, compulsive reader of advice manuals, would love to come across as a poised young advertising professional. Instead she trips over her own feet and blurts out inappropriate comments. The bulk of her brain matter, she decides, consists of gerbils ""spinning madly in alternating directions."" Marty hopes to someday open a boutique costume shop, but it's hard to keep focused on her dream. First comes a spectacular career meltdown that sends her ricocheting between the stress of New York and the warmth of supportive relatives in Taiwan. Then she faces one domestic drama after another, with a formidable mother who's impossible to please, an annoyingly successful and well- adjusted brother, and surprising family secrets that pop up just when she doesn't want to deal with them. Mining the comedic potential of the 1.5-generation American experience, NOT A SELF-HELP BOOK is an insightful and witty portrait of a young woman scrambling to balance familial expectations and her own creative dreams. ",Humorous
Outwitting the Devil,"Originally written in 1938 but never published due to its controversial nature, an insightful guide reveals the seven principles of good that will allow anyone to triumph over the obstacles that must be faced in reaching personal goals. Using his legendary ability to get to the root of human potential, Napoleon Hill digs deep to identify the greatest obstacles we face in reaching personal fear, procrastination, anger, and jealousy, as tools of the Devil. These hidden methods of control can lead us to ruin, and Hill reveals the seven principles of good that will allow us to triumph over them and succeed.",Inspirational
Pele: The Autobiography,"Even people who don't know football know Pelé. The best of a generation of Brazilian players universally acknowledged as the most accomplished and attractive group of footballers ever to play the game, he won the World Cup three times and is Brazil's all-time record goalscorer. But how did this man -- a sportsman, a mere footballer, like many others -- become a global icon? Was it just by being the best at what he did, or do people respond to some other quality? The world's greatest footballer now gives us the full story of his incredible life and career. Told with his characteristic grace and modesty, but covering all aspects of his playing days and his subsequent careers as politician, international sporting ambassador and cultural icon, PELE: THE AUTOBIOGRAPHY is an essential volume for all sports fans, and anyone who admires true rarity of spirit.",Optimistic
Persephone Station,"Persephone Station, a seemingly backwater planet that has largely been ignored by the United Republic of Worlds becomes the focus for the Serrao-Orlov Corporation as the planet has a few secrets the corporation tenaciously wants to exploit. Rosie—owner of Monk’s Bar, in the corporate town of West Brynner, caters to wannabe criminals and rich Earther tourists, of a sort, at the front bar. However, exactly two types of people drank at Monk’s back bar: members of a rather exclusive criminal class and those who sought to employ them. Angel—ex-marine and head of a semi-organized band of beneficent criminals, wayward assassins, and washed up mercenaries with a penchant for doing the honorable thing is asked to perform a job for Rosie. What this job reveals will effect Persephone and put Angel and her squad up against an army. Despite the odds, they are rearing for a fight with the Serrao-Orlov Corporation. For Angel, she knows that once honor is lost, there is no regaining it. That doesn’t mean she can’t damned well try.",Optimistic
Postern of Fate,"Tommy and Tuppence Beresford have just become the proud owners of an old house in an English village. Along with the property, they have inherited some worthless bric-a-brac, including a collection of antique books. While rustling through a copy of The Black Arrow, Tuppence comes upon a series of apparently random underlinings. However, when she writes down the letters, they spell out a very disturbing message: ""Mary Jordan did not die naturally."" And sixty years after their first murder, Mary Jordan's enemies are still ready to kill. . . .",Suspenseful
Romancing the Beat,"What makes a romance novel a romance? How do you write a kissing book?Writing a well-structured romance isn't the same as writing any other genre-something the popular novel and screenwriting guides don't address. The romance arc is made up of its own story beats, and the external plot and theme need to be braided to the romance arc-not the other way around.Told in conversational (and often irreverent) prose, Romancing the Beat can be read like you are sitting down to coffee with romance editor and author Gwen Hayes while she explains story structure. The way she does with her clients. Some of whom are regular inhabitants of the New York Times and USA Today bestseller lists.Romancing the Beat is a recipe, not a rigid system. The beats don't care if you plot or outline before you write, or if you pants your way through the drafts and do a ""beat check"" when you're revising. Pantsers and plotters are both welcome. So sit down, grab a cuppa, and let's talk about kissing books.",Informative
Stories I Only Tell My Friends,"Actor Rob Lowe's memoir presents a wryly funny and surprisingly moving account of an extraordinary life lived almost entirely in the public eye. A teen idol at fifteen, an international icon and founder of the Brat Pack at twenty, and one of Hollywood's top stars to this day, Rob Lowe chronicles his experiences as a painfully misunderstood child actor in Ohio uprooted to the wild counterculture of mid-seventies Malibu, where he embarked on his unrelenting pursuit of a career in Hollywood. The Outsiders placed Lowe at the birth of the modern youth movement in the entertainment industry. During his time on The West Wing, he witnessed the surreal nexus of show business and politics both on the set and in the actual White House. And in between are deft and humorous stories of the wild excesses that marked the eighties, leading to his quest for family and sobriety. Never mean-spirited or salacious, Lowe delivers unexpected glimpses into his successes, disappointments, relationships, and one-of-a-kind encounters with people who shaped our world over the last twenty-five years. ",Informative
The Art of Self-Improvement,"A brilliant distillation of the key ideas behind successful self-improvement practices throughout history, showing us how they remain relevant today. Literary Supplement Self-help today is a multi-billion-dollar global industry, one often seen as a by-product of neoliberalism and capitalism. Far from being a recent phenomenon, however, the practice of self-improvement has a long and rich history, extending all the way back to ancient China. For millennia, philosophers, sages, and theologians have reflected on the good life and devised strategies on how to achieve it. Focusing on ten core ideas of self-improvement that run through the world's advice literature, Anna Katharina Schaffner reveals the ways they have evolved across cultures and historical eras, and why they continue to resonate with us today. Reminding us that there is much to learn from looking at time-honed models, Schaffner also examines the ways that self-improvement practices provide powerful barometers of the values, anxieties, and aspirations that preoccupy us at particular moments in time and expose basic assumptions about our purpose and nature.",Inspirational
The Autobiography of William Carlos Williams,"The Autobiography is an unpretentious book; it reads much as Williams talked--spontaneously and often with a special kind of salty humor. But it is a very human story, glowing with warmth and sensitivity. It brings us close to a rare man and lets us share his affectionate concern for the people to whom he ministered, body and soul, through a long rich life as physician and writer.",Informative
The Blue Nowhere,"Set in Silicon Valley, full of stunning—and fact-based—technical details, The Blue Nowhere is Deaver for the 21st Century. His code name is Phate—a sadistic computer hacker who infiltrates people's computers, invades their lives, and with chilling precision lures them to their deaths. To stop him, the authorities free imprisoned former hacker Wyatt Gillette to aid the investigation. Teamed with old-school homicide detective Frank Bishop, Gillette must combine their disparate talents to catch a brilliant and merciless killer.",Suspenseful
The Book You Were Born to Write,"A guide to writing a full-length transformational nonfiction book, from an editor with two decades' experience working in publishing. ""I know I have a book in me."" ""I've always wanted to be an author."" ""People always ask me when I'm going to write my book."" ""I have a story to tell, but I never seem to make time to write."" Are you a thought leader, healer, or change-agent stuck at the starting line of book publication? Life coach and publishing industry insider Kelly Notaras offers a clear, step-by-step path for turning your transformational idea or story into a finished book as quickly as possible. With humor, encouragement, and common sense, she demystifies the publishing process so you can get started, keep writing, and successfully get your wisdom out into the world. Notaras guides you through: Getting clear on your motivation for writing a book, Crafting a powerful, compelling hook and strong internal book structure, Overcoming resistance and writer's block, and Getting your finished manuscript onto the printed page, whether through traditional publishing or self-publishing. Publishing a book has never been as simple, accessible, and affordable as it is today, and in our tumultuous world, readers need your healing voice. Be brave, be bold, and take the steps you need to share your message with those who need to hear it most.",Optimistic
The Classroom Mystery,"Someone has been stealing food from Snowball, the classroom pet bunny! Can Izzy use her SEN Superpowers to track down the culprit and save the day? SEN Superpowers: The Classroom Mystery explores the topic of ADHD with an empowering story and adorable illustrations. The SEN Superpowers series celebrates the positive traits associated with a range of common SEN (Special Education Needs) conditions, boosting the confidence and strength-awareness of children with those conditions, while also allowing for better understanding and positivity among their peers. Each book includes a page of discussion points about the story, a page of tips for how to boost abilities (inclusive for children with and without special educational needs), and, finally, a further page of notes for parents and teachers. The books feature a dyslexic-friendly font to encourage accessibility and inclusivity for all readers.",Informative
The Clockwork Rocket,"In Yalda's universe, light has mass, no universal speed, and its creation generates energy; on Yalda's world, plants make food by emitting light into the dark night sky. And time is different: an astronaut might measure decades passing while visiting another star, only to return and find that just weeks have elapsed for her friends. On the farm where she lives, Yalda sees strange meteors that are entering the planetary system at an immense, unprecedented speed - and it soon becomes apparent that more of this ultra-fast material is appearing all the time, putting her world in terrible danger. An entire galaxy is about to collide with their own. There is one hope: a fleet sent straight towards the approaching galaxy, as fast as possible. Though it will feel like weeks back home, on board, millennia will pass before the collision, time enough to raise new generations, and time enough to find a way to stop the ultra-fast material. Either way, they have a chance to save everyone back on the home world.",Suspenseful
The Cruel Prince,"Of course I want to be like them. They're beautiful as blades forged in some divine fire. They will live forever. And Cardan is even more beautiful than the rest. I hate him more than all the others. I hate him so much that sometimes when I look at him, I can hardly breathe. Jude was seven years old when her parents were murdered and she and her two sisters were stolen away to live in the treacherous High Court of Faerie. Ten years later, Jude wants nothing more than to belong there, despite her mortality. But many of the fey despise humans. Especially Prince Cardan, the youngest and wickedest son of the High King. To win a place at the Court, she must defy him--and face the consequences. In doing so, she becomes embroiled in palace intrigues and deceptions, discovering her own capacity for bloodshed. But as civil war threatens to drown the Courts of Faerie in violence, Jude will need to risk her life in a dangerous alliance to save her sisters, and Faerie itself.",Suspenseful
The Family Trade,"Miriam Beckstein is happy in her life. She's a successful reporter for a hi-tech magazine in Boston, making good money doing what she loves. When her researcher brings her iron-clad evidence of a money-laundering scheme, Miriam thinks she's found the story of the year. But when she takes it to her editor, she's fired on the spot and gets a death threat from the criminals she has uncovered. Before the day is over, she's received a locket left by the mother she never knew-the mother who was murdered when she was an infant. Within is a knotwork pattern, which has a hypnotic effect on her. Before she knows it, she's transported herself to a parallel Earth, a world where knights on horseback chase their prey with automatic weapons, and where world-skipping assassins lurk just on the other side of reality - a world where her true family runs things. The six families of the Clan rule the kingdom of Gruinmarkt from behind the scenes, a mixture of nobility and criminal conspirators whose power to walk between the worlds makes them rich in both. Braids of family loyalty and intermarriage provide a fragile guarantee of peace, but a recently-ended civil war has left the families shaken and suspicious. Taken in by her mother's people, she becomes the star of the story of the century-as Cinderella without a fairy godmother. As her mother's heir, Miriam is hailed as the prodigal countess Helge Thorold-Hjorth, and feted and feasted. Caught up in schemes and plots centuries in the making, Miriam is surrounded by unlikely allies, forbidden loves, lethal contraband, and, most dangerous of all, her family. Her unexpected return will supercede the claims of other clan members to her mother's fortune and power, and whoever killed her mother will be happy to see her dead, too. Behind all this lie deeper secrets still, which threaten everyone and everything she has ever known. Patterns of deception and interlocking lies, as intricate as the knotwork between the universes. But Miriam is no one's pawn, and is determined to conquer her new home on her own terms. ",Suspenseful
The Grand Babylon Hotel,"The Grand Babylon Hotel is an exclusive London establishment, and American millionaire Theodore Racksole, visiting the hotel with his spirited 23-year-old daughter Nella, decides to buy the place. What he hasn't counted on is having to deal with a criminal conspiracy whose purposes are not at all clear, and events take an unexpected turn as Theodore and Nella play detective. Replete with evil villains, physical dangers, and secret passages, The Grand Babylon Hotel is a mesmerizing thriller that will be enjoyed by mystery lovers everywhere.",Suspenseful
The Guggenheim Mystery,"My name is Ted Spark. I am 12 years and 281 days old. I have seven friends. Three months ago, I solved the mystery of how my cousin Salim disappeared from a pod on the London Eye. This is the story of my second mystery. This summer, I went on holiday to New York, to visit Aunt Gloria and Salim. While I was there, a painting was stolen from the Guggenheim Museum, where Aunt Gloria works. Everyone was very worried and upset. I did not see what the problem was. I do not see the point of paintings, even if they are worth £9.8 million. Perhaps that's because of my very unusual brain, which works on a different operating system to everyone else's. But then Aunt Gloria was blamed for the theft - and Aunt Gloria is family. And I realised just how important it was to find the painting, and discover who really had taken it.",Suspenseful
The Hercules Text,"From a remote corner of the galaxy a message is being sent. The continuous beats of a pulsar have become odd, irregular…artificial. It can only be a code. Frantically, a research team struggles to decipher the alien communication. And what the scientists discover is destined to shake the foundations of empires around this world—from Wall Street to the Vatican…",Suspenseful
The House in the Cerulean Sea,"Linus Baker leads a quiet, solitary life. At forty, he lives in a tiny house with a devious cat and his old records. As a Case Worker at the Department in Charge Of Magical Youth, he spends his days overseeing the well-being of children in government-sanctioned orphanages. When Linus is unexpectedly summoned by Extremely Upper Management he's given a curious and highly classified assignment: travel to Marsyas Island Orphanage, where six dangerous children reside: a gnome, a sprite, a wyvern, an unidentifiable green blob, a were-Pomeranian, and the Antichrist. Linus must set aside his fears and determine whether or not they’re likely to bring about the end of days. But the children aren’t the only secret the island keeps. Their caretaker is the charming and enigmatic Arthur Parnassus, who will do anything to keep his wards safe. As Arthur and Linus grow closer, long-held secrets are exposed, and Linus must make a choice: destroy a home or watch the world burn. An enchanting story, masterfully told, The House in the Cerulean Sea is about the profound experience of discovering an unlikely family in an unexpected place—and realizing that family is yours.",Suspenseful
The Lathe Of Heaven,"During a time racked by war and environmental catastrophe, George Orr discovers his dreams alter reality. George is compelled to receive treatment from Dr. William Haber, an ambitious sleep psychiatrist who quickly grasps the immense power George holds. After becoming adept at manipulating George’s dreams to reshape the world, Haber seeks the same power for himself. George—with some surprising help—must resist Haber’s attempts, which threaten to destroy reality itself. ",Suspenseful
The Midnight Library: A GMA Book Club Pick,"Somewhere out beyond the edge of the universe there is a library that contains an infinite number of books, each one the story of another reality. One tells the story of your life as it is, along with another book for the other life you could have lived if you had made a different choice at any point in your life. While we all wonder how our lives might have been, what if you had the chance to go to the library and see for yourself? Would any of these other lives truly be better? In The Midnight Library, Matt Haig's enchanting blockbuster novel, Nora Seed finds herself faced with this decision. Faced with the possibility of changing her life for a new one, following a different career, undoing old breakups, realizing her dreams of becoming a glaciologist; she must search within herself as she travels through the Midnight Library to decide what is truly fulfilling in life, and what makes it worth living in the first place.",Suspenseful
The Monk Who Sold His Ferrari: Special 25th Anniversary Edition,"Twenty-five years ago, a book was published that has transformed millions of lives. Sharing the astounding story of Julian Mantle, the superstar trial lawyer whose stunning material success masked unhappiness within, The Monk Who Sold His Ferrari was initially self-published in a small quantity but quickly became a word-of-mouth inspirational phenomenon that spread across the entire world. Now, with millions of copies sold, the life-changing wisdom contained in this #1 bestselling classic is even more relevant, as we seek happiness, fearlessness and a life that truly matters in these times of deep uncertainty. This limited 25th anniversary edition features a new introduction from the author and a special journal to help you materialize your highest desires. So you lead a life that electrifies your genius.",Inspirational
The New Routledge Companion to Science Fiction,"The New Routledge Companion to Science Fiction provides an overview of the study of science fiction across multiple academic fields. It offers a new conceptualisation of the field today, marking the significant changes that have taken place in sf studies over the past 15 years. Building on the pioneering research in the first edition, the collection reorganises historical coverage of the genre to emphasise new geographical areas of cultural production and the growing importance of media beyond print. It also updates and expands the range of frameworks that are relevant to the study of science fiction. The periodisation has been reframed to include new chapters focusing on science fiction produced outside the Anglophone context, including South Asian, Latin American, Chinese and African diasporic science fiction. The contributors use both well- established critical and theoretical approaches and embrace a range of new ones, including biopolitics, climate crisis, critical ethnic studies, disability studies, energy humanities, game studies, medical humanities, new materialisms and sonic studies. This book is an invaluable resource for students and established scholars seeking to understand the vast range of engagements with science fiction in scholarship today.",Informative
The Proposition,"Accepting the challenge to convert brash, handsome, incorrigible Mick Tremore into a gentleman in only six weeks, Lady Edwina Bollash is concerned less with her abilities than with resisting the man's considerable charms.",Optimistic
The Psychology of Winning,"Imprint. Denis Waitley, a distinguished motivator, teacher and US air force pilot, has spent most of his life showing people how they can win He creates the formula to develop the qualities of a total winner - self-awareness, self-esteem, self-control, self-motivation, self-image, self-direction, self-discipline, self-dimension.",Inspirational
The Self-Help Myth,"The Self-Help Myth reveals how philanthropy maintains systems of inequality by attracting attention to the behaviors and responsibilities of poor people while shifting the focus away from structural inequities and relationships of power that produce poverty. The book features foundation investments in addressing migrant poverty in California's Central Valley, simultaneously one of the wealthiest agricultural production regions in the world and home to the poorest people in the United States. The case studies show how compromises between foundation staff and community organizers produce programs that ask farmworkers to help themselves while excluding strategies that address the role of industrial agriculture in creating and maintaining regional poverty. Through archival and ethnographic case studies of foundation investments leading up to the historic Farm Worker Movement, to large scale foundation-driven initiatives to improve conditions in agricultural communities during the 1990s and 2000s, foundations set firm boundaries around definitions of self-help - excluding labor organizing, immigrant rights, and advocacy approaches that hold industry accountable for the enduring abuses of farmworkers and immigrants. Processes of professionalization and institutionalization required to maintain philanthropic relationships further frustrate nonprofit organizational staff increasingly accountable to foundations and not to the people they aim to represent and serve.",Informative
The Silent Patient,"Alicia Berenson’s life is seemingly perfect. A famous painter married to an in-demand fashion photographer, she lives in a grand house with big windows overlooking a park in one of London’s most desirable areas. One evening her husband Gabriel returns home late from a fashion shoot, and Alicia shoots him five times in the face, and then never speaks another word. Alicia’s refusal to talk, or give any kind of explanation, turns a domestic tragedy into something far grander, a mystery that captures the public imagination and casts Alicia into notoriety. The price of her art skyrockets, and she, the silent patient, is hidden away from the tabloids and spotlight at the Grove, a secure forensic unit in North London. Theo Faber is a criminal psychotherapist who has waited a long time for the opportunity to work with Alicia. His determination to get her to talk and unravel the mystery of why she shot her husband takes him down a twisting path into his own motivations—a search for the truth that threatens to consume him....",Suspenseful
The Subtle Art of Not Giving a F*ck,"For decades, we’ve been told that positive thinking is the key to a happy, rich life. ""F**k positivity,"" Mark Manson says. ""Let’s be honest, shit is f**ked and we have to live with it."" In his wildly popular Internet blog, Manson doesn’t sugarcoat or equivocate. He tells it like it is—a dose of raw, refreshing, honest truth that is sorely lacking today. The Subtle Art of Not Giving a F**k is his antidote to the coddling, let’s-all-feel-good mindset that has infected American society and spoiled a generation, rewarding them with gold medals just for showing up. Manson makes the argument, backed both by academic research and well-timed poop jokes, that improving our lives hinges not on our ability to turn lemons into lemonade, but on learning to stomach lemons better. Human beings are flawed and limited—""not everybody can be extraordinary, there are winners and losers in society, and some of it is not fair or your fault."" Manson advises us to get to know our limitations and accept them. Once we embrace our fears, faults, and uncertainties, once we stop running and avoiding and start confronting painful truths, we can begin to find the courage, perseverance, honesty, responsibility, curiosity, and forgiveness we seek. There are only so many things we can give a f**k about so we need to figure out which ones really matter, Manson makes clear. While money is nice, caring about what you do with your life is better, because true wealth is about experience. A much-needed grab-you-by-the-shoulders-and-look-you-in-the-eye moment of real-talk, filled with entertaining stories and profane, ruthless humor, The Subtle Art of Not Giving a F**k is a refreshing slap for a generation to help them lead contented, grounded lives.",Humorous
The Widows of Eastwick,"More than three decades have passed since the events described in John Updike’s The Witches of Eastwick. The three divorcées—Alexandra, Jane, and Sukie—have left town, remarried, and become widows. They cope with their grief and solitude as widows do: they travel the world, to such foreign lands as Canada, Egypt, and China, and renew old acquaintance. Why not, Sukie and Jane ask Alexandra, go back to Eastwick for the summer? The old Rhode Island seaside town, where they indulged in wicked mischief under the influence of the diabolical Darryl Van Horne, is still magical for them. Now Darryl is gone, and their lovers of the time have aged or died, but enchantment remains in the familiar streets and scenery of the village, where they enjoyed their lusty primes as free and empowered women. And, among the local citizenry, there are still those who remember them, and wish them ill. How they cope with the lingering traces of their evil deeds, the shocks of a mysterious counterspell, and the advancing inroads of old age, form the burden on Updike’s delightful, ominous sequel.",Suspenseful
Time Off,"Discover the transformative power of leisure to recapture your calm and creativity.Are your busiest days really the ones that make you feel the most accomplished? It might be time to question whether 'busy' = 'productive'. After reaching breaking points in their careers, business coach John Fitch and AI researcher Max Frenzel learned the critical importance of taking time off. Now these former workaholics will help you revolutionize the way you get things done.History's greatest minds, as well as some of the most successful leaders, thinkers, and creatives of today, found success by practicing a more balanced approach to work and life. Embracing their insights on how constant hustle can be your worst enemy, you will realize that time off means much more than just taking a break. Rediscover a more fulfilled and versatile version of yourself and unlock your true creative potential.Through relatable personal anecdotes, historically sound approaches to downtime, and scientifically backed strategies for increasing your creativity, Time Off will reshape the way you think about work and leisure.In Time Off, you'll discover:- The most effective methods to reclaim leisure, while increasing productivity and creativity- Why having a rest ethic will be a key competitive advantage in the future of work- Tactics for getting away from the work without the dreaded guilt- How to thrive alongside AI and use technology to become more human- The many ways in which time off improves your leadership skills, and much, much more!",Optimistic
Top Five Regrets of the Dying,"After too many years of unfulfilling work, Bronnie Ware began searching for a job with heart. Despite having no formal qualifications or previous experience in the field, she found herself working in palliative care. During the time she spent tending to those who were dying, Bronnie's life was transformed. Later, she wrote an Internet blog post, outlining the most common regrets that the people she had cared for had expressed. The post gained so much momentum that it was viewed by more than three million readers worldwide in its first year. At the request of many, Bronnie subsequently wrote a book, The Top Five Regrets of the Dying, to share her story. Bronnie has had a colourful and diverse life. By applying the lessons of those nearing their death to her own life, she developed an understanding that it is possible for everyone, if we make the right choices, to die with peace of mind. In this revised edition of the best-selling memoir that has been read by over a million people worldwide, with translations in 29 languages, Bronnie expresses how significant these regrets are and how we can positively address these issues while we still have the time. The Top Five Regrets of the Dying gives hope for a better world. It is a courageous, life-changing book that will leave you feeling more compassionate and inspired to live the life you are truly here to live.",Inspirational
"Weight, Sex, and Marriage","Reveals the intricate connection between weight problems and marital satisfaction in women, and describes the often hidden rewards of being overweight. Clearly delineating the issues surrounding weight gain, this encouraging book helps readers set attainable weight goals and also offers concrete strategies for success.",Inspirational
What Do You Care What Other People Think: Further Adventures of a Curious Character,"One of the greatest physicists of the twentieth century, Richard Feynman possessed an unquenchable thirst for adventure and an unparalleled ability to tell the stories of his life. ""What Do You Care What Other People Think?"" is Feynman’s last literary legacy, prepared with his friend and fellow drummer, Ralph Leighton. Among its many tales—some funny, others intensely moving—we meet Feynman’s first wife, Arlene, who taught him of love’s irreducible mystery as she lay dying in a hospital bed while he worked nearby on the atomic bomb at Los Alamos. We are also given a fascinating narrative of the investigation of the space shuttle Challenger’s explosion in 1986, and we relive the moment when Feynman revealed the disaster’s cause by an elegant experiment: dropping a ring of rubber into a glass of cold water and pulling it out, misshapen.",Informative
A Fantasy Writers' Handbook,"""...by using a light touch and conversational style Richie Billing has probably produced the seminal work on the subject."" -- Charles Remington, Readers Favorite.'A Fantasy Writers' Handbook' provides detailed guidance on the pillars of storytelling, as well as aspects of writing that rarely feature in other books, such as writing fight scenes and world-building. At times the focus shifts away from the technical elements and considers the philosophies behind writing, ways to help you maintain focus, and methods of battling the demons of doubt that forever loom over our shoulders.Section two explores the thriving genre of fantasy and the many facets that make it what it is, before looking at the histories of our world that so often inspire our fantasy tales.The final part looks at the things that come after you've finished your story-formatting, peer reviewing, finding publishers-and other things the contemporary writer can do to enhance their careers, such as making and maintaining a website, blogging, and marketing methods.By the end, you'll have a sound foundation upon which to build as well as the tools to venture on alone with courage and confidence. To reach that point, all you need is a commitment to work hard and the determination to overcome the challenges ahead.",Optimistic
A Planet for Rent,"In A Planet for Rent, Yoss critiques life under Castro in the ‘90s by drawing parallels with a possible Earth of the not-so-distant future. Wracked by economic and environmental problems, the desperate planet is rescued, for better or worse, by alien colonizers, who remake the planet as a tourist destination. Ruled over by a brutal interstellar bureaucracy, dispossessed humans seek better lives via the few routes available—working for the colonial police; eking out a living as black marketeers, drug dealers, or artists; prostituting themselves to exploitative extraterrestrial visitors—or they face the cold void of space in rickety illegal ships.",Informative
Ace of Shades,"A teenage girl goes searching for her mother in the City of Sin in this YA fantasy from the New York Times–bestselling coauthor of All of Us Villains. Welcome to New Reynes, the so-called City of Sin, where casino families reign, gangs infest the streets . . . and secrets hide in every shadow. It’s no place for a properly raised young lady. But when her mother goes missing, Enne Salta leaves her finishing school—and her reputation—behind. Following her mother’s trail, she finds herself in the city where no one survives uncorrupted. Frightened and alone, Enne’s only clue leads her to Levi Glaiyser—a street lord and con man in desperate need of the compensation Enne offers. Their search sends this unlikely duo through glamorous casinos, illicit cabarets, and into the clutches of a ruthless Mafia donna. But as Levi’s enemies close in on them, a deadly secret from Enne’s past comes to light and she must surrender herself to the City of Sin —to a vicious game of execution . . . Where the players never win.",Pessimistic
An Experiment in Criticism,"Why do we read literature and how do we judge it? C.S. Lewis's classic analysis springs from the conviction that literature exists for the joy of the reader and that books should be judged by the kind of reading they invite. Crucial to his notion of judging literature is a commitment to laying aside expectations and values extraneous to the work, in order to approach it with an open mind.",Optimistic
Anathem,"Fraa Erasmas is a young avout living in the Concent of Saunt Edhar, a sanctuary for mathematicians, scientists, and philosophers, protected from the corrupting influences of the outside ""saecular"" world by ancient stone, honored traditions, and complex rituals. Over the centuries, cities and governments have risen and fallen beyond the concent's walls. Three times during history's darkest epochs violence born of superstition and ignorance has invaded and devastated the cloistered mathic community. Yet the avout have always managed to adapt in the wake of catastrophe, becoming out of necessity even more austere and less dependent on technology and material things. And Erasmas has no fear of the outside—the Extramuros—for the last of the terrible times was long, long ago. Now, in celebration of the week-long, once-in-a-decade rite of Apert, the fraas and suurs prepare to venture beyond the concent's gates—at the same time opening them wide to welcome the curious ""extras"" in. During his first Apert as a fraa, Erasmas eagerly anticipates reconnecting with the landmarks and family he hasn't seen since he was ""collected."" But before the week is out, both the existence he abandoned and the one he embraced will stand poised on the brink of cataclysmic change. Powerful unforeseen forces jeopardize the peaceful stability of mathic life and the established ennui of the Extramuros—a threat that only an unsteady alliance of saecular and avout can oppose—as, one by one, Erasmas and his colleagues, teachers, and friends are summoned forth from the safety of the concent in hopes of warding off global disaster. Suddenly burdened with a staggering responsibility, Erasmas finds himself a major player in a drama that will determine the future of his world—as he sets out on an extraordinary odyssey that will carry him to the most dangerous, inhospitable corners of the planet . . . and beyond.",Suspenseful
Ancillary Justice,"On a remote, icy planet, the soldier known as Breq is drawing closer to completing her quest. Once, she was the Justice of Toren -- a colossal starship with an artificial intelligence linking thousands of soldiers in the service of the Radch, the empire that conquered the galaxy. Now, an act of treachery has ripped it all away, leaving her with one fragile human body, unanswered questions, and a burning desire for vengeance.",Pessimistic
Ariah,"Ariah's magical training has been interrupted. Forced to rely on a mentor, Dirva, who is not who he claims to be, and a teacher who is foreign and powerful, Ariah is drawn into a culture wholly different from the elven one that raised him. As his friendship with Dirva's brother blossoms into a surprising romance, and he slowly learns how to control the dangerous magic in his blood, life finally appears to be coming together for Ariah-but love and security are cut short by a tyrannical military empire bent on expanding its borders. War, betrayal, passion, and confusion follow Ariah as his perilous journey leads him beyond the walls of the Empire, and into unfamiliar territory within himself. Along the way, he'll discover just how much he's willing to give up to find his place in the world, and he'll learn what it means to sacrifice himself for freedom-and for love.",Inspirational
Ash,"For the beautiful young woman Ash, life has always been arquebuses and artillery, swords and armour and the true horrors of hand-to-hand combat. War is her job. She has fought her way to the command of a mercenary company, and on her unlikely shoulders lies the destiny of a Europe threatened by the depredations of an Infidel army more terrible than any nightmare. ",Pessimistic
Assaulted Caramel,"Bailey King is living the sweet life as assistant chocolatier at a famous New York chocolate company. But just when she’s up for a major promotion, she gets word that her grandfather Jebidiah’s heart condition has worsened. Bailey rushes to Harvest, Ohio, where her grandparents still run Swissmen Sweets, the Amish candy shop where she first learned about delicious fudge, truffles, and other assorted delights. Unfortunately, Baily’s grandparents are suffering from more than just heart trouble. A local Englisch land developer is trying to take over their shop. And when the man is found dead in the candy shop kitchen—with Jebidiah’s chocolate knife buried in his chest—the sheriff suspects Bailey. Now, with the sweet help of a handsome deputy, Bailey is out to clear her name. But as a cunning killer tries to fudge the truth, she may be headed straight into a whole batch of trouble . . . Recipe Included!",Suspenseful
"Autobiography of Mark Twain, Volume 1","""I've struck it!"" Mark Twain wrote in a 1904 letter to a friend. ""And I will give it away—to you. You will never know how much enjoyment you have lost until you get to dictating your autobiography."" Thus, after dozens of false starts and hundreds of pages, Twain embarked on his ""Final (and Right) Plan"" for telling the story of his life. His innovative notion—to ""talk only about the thing which interests you for the moment""—meant that his thoughts could range freely. The strict instruction that many of these texts remain unpublished for 100 years meant that when they came out, he would be ""dead, and unaware, and indifferent,"" and that he was therefore free to speak his ""whole frank mind."" The year 2010 marks the 100th anniversary of Twain's death. In celebration of this important milestone and in honor of the cherished tradition of publishing Mark Twain's works, UC Press is proud to offer for the first time Mark Twain's uncensored autobiography in its entirety and exactly as he left it. This major literary event brings to readers, admirers, and scholars the first of three volumes and presents Mark Twain's authentic and unsuppressed voice, brimming with humor, ideas, and opinions, and speaking clearly from the grave as he intended. Editors: Harriet E. Smith, Benjamin Griffin, Victor Fischer, Michael B. Frank, Sharon K. Goetz, Leslie Myrick",Informative
Bearers Of The Black Staff,"Five hundred years have passed since the devastating demon-led war that almost exterminated humankind. Those who escaped the carnage were led to sanctuary by the boy saviour known as Hawk: the gypsy morph. But now, the unimaginable has come to pass: the cocoon of protective magic surrounding the valley has vanished. When Sider Ament, last surviving Knight of the Word, detects unknown predators stalking the valley, and Trackers from the human village of Glensk Wood find two of their own gruesomely killed, there can be no doubt: the once safe haven of generations has been laid bare. Together, the young Trackers, the aging Knight and a daring Elf princess race to spread word of the encroaching danger. But suspicion and hostility among their countrymen threaten to doom their efforts from within, while beyond the breached borders, a ruthless Troll army masses for invasion. Standing firm between the two, the last wielder of the black staff and its awesome magic must find a successor to carry on the fight against the cresting new wave of evil. ",Optimistic
Before the Coffee Gets Cold,"If you could go back in time, who would you want to meet? In a small back alley of Tokyo, there is a café that has been serving carefully brewed coffee for more than one hundred years. Local legend says that this shop offers something else besides coffee—the chance to travel back in time. Over the course of one summer, four customers visit the café in the hopes of making that journey. But time travel isn’t so simple, and there are rules that must be followed. Most important, the trip can last only as long as it takes for the coffee to get cold. Heartwarming, wistful, mysterious and delightfully quirky, Toshikazu Kawaguchi’s internationally bestselling novel explores the age-old question: What would you change if you could travel back in time? ",Humorous
Building Self-esteem,"Building Self-Esteem brings you easy-to-follow techniques for improving your self-image, so you can achieve a realistic and positive view of yourself and live a happier and more successful life. A positive self-image can help you to improve your relationships and focus on what matters to you, whether that's dealing with feelings of inadequacy, exploring your creativity, or improving physical fitness. Based on psychological assessments and practical journaling exercises, Building Self-Esteem enables you to uncover your needs, preferences and concerns, and to move away from whatever is holding you back.",Optimistic
Chicken Soup for the Veteran's Soul,"Chicken Soup for the Veteran's Soul will inspire and touch any veterans and their families, and allow others to appreciate the freedom for which they fought.",Optimistic
Culture and Society in Medieval Galicia,"In Culture and Society in Medieval Galicia, twenty-three international authors examine Galicia’s changing place in Iberia, Europe, and the Mediterranean and Atlantic worlds from late antiquity through the thirteenth century. With articles on art and architecture; religion and the church; law and society; politics and historiography; language and literature; and learning and textual culture, the authors introduce medieval Galicia and current research on the region to medievalists, Hispanists, and students of regional culture and society. The cult of St. James, Santiago Cathedral, and the pilgrimage to Compostela are highlighted and contextualized to show how Galicia’s remoteness became the basis for a paradoxical centrality in medieval art, culture, and religion. ",Informative
Death at the Savoy,"Elizabeth Taylor and Richard Burton are squabbling in the American Bar while Noël Coward drinks champagne. Royals wait upstairs in luxurious suites for discreet encounters. In short, all is as it should be at the Savoy. If only it weren’t for the dead body in Room 705. Could it be murder at the Savoy? Impossible! Who could have done such a thing? Suspicion falls upon Priscilla Tempest, the quick-witted Canadian head of the Savoy press office who has a penchant for champagne, the wrong sort of men—and trouble. When it is discovered that Priscilla had been with the deceased—a notorious international arms dealer—the night before he was found dead, she is questioned by Scotland Yard Inspector Robert “Charger” Lightfoot and is suddenly under the unforgiving eye of her boss, the Savoy’s straitlaced general manager, Clive Banville. Her job on the line, her life in danger, Priscilla must elude the police and the general manager’s duplicitous wife, ward off the amorous advances of a famous drunken actor, and discover whether that really was a member of the royal family seen leaving the victim’s suite shortly before his body was discovered. ",Suspenseful
Digital Minimalism,"Minimalism is the art of knowing how much is just enough. Digital minimalism applies this idea to our personal technology. It's the key to living a focused life in an increasingly noisy world. In this timely and enlightening book, the bestselling author of Deep Work introduces a philosophy for technology use that has already improved countless lives. Digital minimalists are all around us. They're the calm, happy people who can hold long conversations without furtive glances at their phones. They can get lost in a good book, a woodworking project, or a leisurely morning run. They can have fun with friends and family without the obsessive urge to document the experience. They stay informed about the news of the day, but don't feel overwhelmed by it. They don't experience ""fear of missing out"" because they already know which activities provide them meaning and satisfaction. Now, Newport gives us a name for this quiet movement, and makes a persuasive case for its urgency in our tech-saturated world. Common sense tips, like turning off notifications, or occasional rituals like observing a digital sabbath, don't go far enough in helping us take back control of our technological lives, and attempts to unplug completely are complicated by the demands of family, friends and work. What we need instead is a thoughtful method to decide what tools to use, for what purposes, and under what conditions. Drawing on a diverse array of real-life examples, from Amish farmers to harried parents to Silicon Valley programmers, Newport identifies the common practices of digital minimalists and the ideas that underpin them. He shows how digital minimalists are rethinking their relationship to social media, rediscovering the pleasures of the offline world, and reconnecting with their inner selves through regular periods of solitude. He then shares strategies for integrating these practices into your life, starting with a thirty-day ""digital declutter"" process that has already helped thousands feel less overwhelmed and more in control. Technology is intrinsically neither good nor bad. The key is using it to support your goals and values, rather than letting it use you. This book shows the way.",Optimistic
Ensnared (The Spider's Mate #1),"He's spent years as a hunter, but now he's the one ensnared in a creature's trap. Ketahn did not want a mate. Fate has a different plan for him. When the queen he despises declares her intention to claim him, he retreats into the jungle. What he finds there changes his world. Small, delicate, and pale skinned, Ivy Foster is nothing like the females Ketahn has known. She's not of his kind at all. Yet the moment he sees her, he knows the truth in his soul-she is his heartsthread. And now that he has her, he won't let anything take her away. Not the jungle, not the gods, not the queen and her warriors. Whether Ivy agrees or not, their webs are entangled. ",Pessimistic
Everybody's Autobiography,"“Alice B. Toklas wrote hers and now everybody will write theirs.” In 1933 Gertrude Stein’s The Autobiography of Alice B. Toklas skyrocketed to the top of the bestseller lists, and the author found herself a celebrity. Everybody’s Autobiography is the very Steinian account of her soul-satisfying next five years in France, England, and America, where she made a triumphant tour of the country. Here are Stein’s devastating analyses of some of the major figures of the day whom she met—among them Dashiell Hammett, Charlie Chaplin, Pablo Picasso, Marianne Moore, Mrs. Roosevelt, and Sherwood Anderson—and also of her own life and work.",Pessimistic
Fantasy Literature,"Fantasy literature, often derided as superficial and escapist, is one of the most popular and enduring genres of fiction worldwide. It is also—perhaps surprisingly—thought-provoking, structurally complex, and relevant to contemporary society, as the essays in this volume attest. The scholars, teachers, and authors represented here offer their perspectives on this engaging genre. Within these pages, a reader will find a wealth of ideas to help teachers use these texts in the classroom, challenging students to read fantasy with a critical eye. They employ interdisciplinary, philosophical, and religious lenses, as well as Marxist and feminist critical theory, to help students unlock texts. The books discussed include epic fantasy by such authors as Tolkien and Le Guin, children’s fantasy by Beatrix Potter and Saint-Exupéry, modern fantasy by Rowling and Martin, and even fairy tales and comic books. The contributors offer provocations, questioning the texts and pushing the boundaries of meaning within the fantasy genre. And in doing so, they challenge readers themselves to ponder these tales more deeply. But through each of these chapters runs a profound love of the genre and a respect for those who produce such beautiful and moving stories. Furthermore, as with all the books in this series, this volume is informed by the tenets of critical pedagogy, and is focused on re-envisioning fantasy literature through the lens of social justice and empowerment. Prepare to be challenged and inspired as you read these explorations of a much-loved genre.",Optimistic
Fun Home,"A fresh and brilliantly told memoir from a cult favorite comic artist, marked by gothic twists, a family funeral home, sexual angst, and great books. This breakout book by Alison Bechdel is a darkly funny family tale, pitch-perfectly illustrated with Bechdel's sweetly gothic drawings. Like Marjane Satrapi's Persepolis, it's a story exhilaratingly suited to graphic memoir form. Meet Alison's father, a historic preservation expert and obsessive restorer of the family's Victorian home, a third-generation funeral home director, a high school English teacher, an icily distant parent, and a closeted homosexual who, as it turns out, is involved with his male students and a family babysitter. Through narrative that is alternately heartbreaking and fiercely funny, we are drawn into a daughter's complex yearning for her father. And yet, apart from assigned stints dusting caskets at the family-owned ""fun home,"" as Alison and her brothers call it, the relationship achieves its most intimate expression through the shared code of books. When Alison comes out as homosexual herself in late adolescense, the denouement is swift, graphic -- and redemptive.",Optimistic
Hardy Boys 59: Night of the Werewolf,"A ferocious, wolf-like creature appears during the night of the full moon in a small Adirondack town, attacking livestock and scaring many of the residents. A young man with a history of werewolves in his family line is suspect. Joe barely escapes a horrible death as the young detectives solve this exciting and hair-raising mystery.",Optimistic
"Historicizing the Enlightenment, Volume 2","Enlightenment critics from Dryden through Johnson and Wordsworth conceived the modern view that art and especially literature entails a double reflection: a reflection of the world, and a reflection on the process by which that reflection is accomplished. Instead “neoclassicism” and “Augustanism” have been falsely construed as involving a one-dimensional imitation of classical texts and an unselfconscious representation of the world. In fact these Enlightenment movements adopted an oblique perspective that registers the distance between past tradition and its present reenactment, between representation and presence. Two modern movements, Romanticism and modernism, have appropriated as their own these innovations, which derive from Enlightenment thought. Both of these movements ground their error in a misreading of “imitation” as understood by Aristotle and his Enlightenment proponents. Rightly understood, neoclassical imitation, constitutively aware of the difference between what it knows and how it knows it, is an experimental inquiry that generates a range of prefixes—“counter-,” “mock-,” “anti-,” “neo-”—that mark formal degrees of its epistemological detachment. Romantic ideology has denied the role of the imagination in Enlightenment imitation, imposing on the eighteenth century a dichotomous periodization: duplication versus imagination, the mirror versus the lamp. Structuralist ideology has dichotomized narration and description, form and content, structure and history. Poststructuralist ideology has propounded for the novel a contradictory “novel tradition”—realism, modernism, postmodernism, postcolonialism—whose stages both constitute a sequence and collapse it, each stage claiming the innovation of the stage that precedes it.",Poetic
"History, Historians, and Autobiography","Though history and autobiography both claim to tell true stories about the past, historians have traditionally rejected first-person accounts as subjective and therefore unreliable. What then, asks Jeremy D. Popkin in History, Historians, and Autobiography, are we to make of the ever-increasing number of professional historians who are publishing stories of their own lives? And how is this recent development changing the nature of history-writing, the historical profession, and the genre of autobiography? Drawing on the theoretical work of contemporary critics of autobiography and the philosophy of Paul Ricoeur, Popkin reads the autobiographical classics of Edward Gibbon and Henry Adams and the memoirs of contemporary historians such as Emmanuel Le Roy Ladurie, Peter Gay, Jill Ker Conway, and many others, he reveals the contributions historians' life stories make to our understanding of the human experience. Historians' autobiographies, he shows, reveal how scholars arrive at their vocations, the difficulties of writing about modern professional life, and the ways in which personal stories can add to our understanding of historical events such as war, political movements, and the traumas of the Holocaust. An engrossing overview of the way historians view themselves and their profession, this work will be of interest to readers concerned with the ways in which we understand the past, as well as anyone interested in the art of life-writing.",Informative
"I, Robot",Earth is ruled by master-machines but the Three Laws of Robotics have been designed to ensure humans maintain the upper hand: 1) A robot may not injure a human being or allow a human being to come to harm 2) A robot must obey orders given to it by human beings except where such orders would conflict with the First Law. 3) A robot must protect its own existence as long as such protection does not conflict with the First or Second Law. But what happens when a rogue robot's idea of what is good for society contravenes the Three Laws?,Suspenseful
Iacocca,"He’s an American legend, a straight-shooting businessman who brought Chrysler back from the brink and in the process became a media celebrity, newsmaker, and a man many had urged to run for president. The son of Italian immigrants, Lee Iacocca rose spectacularly through the ranks of Ford Motor Company to become its president, only to be toppled eight years later in a power play that should have shattered him. But Lee Iacocca didn’t get mad, he got even. He led a battle for Chrysler’s survival that made his name a symbol of integrity, know-how, and guts for millions of Americans. In his classic hard-hitting style, he tells us how he changed the automobile industry in the 1960s by creating the phenomenal Mustang. He goes behind the scenes for a look at Henry Ford’s reign of intimidation and manipulation. He recounts the miraculous rebirth of Chrysler from near bankruptcy to repayment of its $1.2 billion government loan so early that Washington didn’t know how to cash the check.",Inspirational
Incandescence,"A million years from now, the galaxy is divided between the vast, cooperative meta-civilisation known as the Amalgam, and the silent occupiers of the galactic core known as the Aloof. The Aloof have long rejected all attempts by the Amalgam to enter their territory, but have permitted travellers to take a perilous ride as unencrypted data in their communications network, providing a short-cut across the galaxy's central bulge. When Rakesh encounters a traveller, Lahl, who claims she was woken by the Aloof on such a journey and shown a meteor full of traces of DNA, he accepts her challenge to try to find the uncharted world deep in the Aloof's territory from which the meteor originated. Roi and Zak live inside the Splinter, a world of rock that swims in a sea of light they call the Incandescence. Living on the margins of a rigidly organised society, they seek to decipher the subtle clues that can reveal the true nature of the Splinter. In fact, the Splinter is orbiting a black hole, which is about to capture a neighbouring star, wreaking havoc. As the signs of danger grow, Roi, Zak, and a growing band of recruits struggle to understand and take control of their fate. Meanwhile, Rakesh is gradually uncovering their remote history, and his search for the lost DNA world ultimately leads him to a civilisation trapped in cultural stagnation, and startling revelations about the true nature and motives of the Aloof.",Suspenseful
Intertextuality and Victorian Studies,"This book explores the recall of the Victorians, displayed by select novels ranging in time from Rhys s Wide Sargasso Sea (1996) to A. S. Byatt s Possession: A Romance (1990). These Victorianist novels are complex studies of Victorian literature, society and modes of representation.",Informative
Joseph Conrad and the Fiction of Autobiography,"Edward W. Said locates Joseph Conrad's fear of personal disintegration in his constant re-narration of the past. Using the author's personal letters as a guide to understanding his fiction, Said draws an important parallel between Conrad's view of his own life and the manner and form of his stories. The critic also argues that the author, who set his fiction in exotic locations like East Asia and Africa, projects political dimensions in his work that mirror a colonialist preoccupation with ""civilizing"" native peoples. Said then suggests that this dimension should be considered when reading all of Western literature. First published in 1966, Said's critique of the Western self's struggle with modernity signaled the beginnings of his groundbreaking work, Orientalism, and remains a cornerstone of postcolonial studies today.",Pessimistic
Living Language Dothraki,"Living Language Dothraki brings the world of Game of Thrones to life with a conversational language course teaching Dothraki, the language developed for the HBO series by language and culture consultant David J. Peterson and first seen in George R.R. Martin's A Song of Ice and Fire series. The 128-page coursebook features a step-by-step guide to pronunciation, basic phrases, easy-to-follow grammar explanation and examples, extensive thematic vocabulary lists, dialogue, and exercises for reinforcement. Living Language Dothraki also includes a one-hour audio CD of essential phrases and vocabulary so that learners can speak Dothraki with confidence. Additional notes about the language and the culture of the Dothraki people appear throughout the coursebook to give the language context.",Informative
Long Walk to Freedom,"Nelson Mandela was one of the great moral and political leaders of his time: an international hero whose lifelong dedication to the fight against racial oppression in South Africa won him the Nobel Peace Prize and the presidency of his country. After his triumphant release in 1990 from more than a quarter-century of imprisonment, Mandela was at the center of the most compelling and inspiring political drama in the world. As president of the African National Congress and head of South Africa's antiapartheid movement, he was instrumental in moving the nation toward multiracial government and majority rule. He is still revered everywhere as a vital force in the fight for human rights and racial equality. Long Walk to Freedom is his moving and exhilarating autobiography, destined to take its place among the finest memoirs of history's greatest figures. Here for the first time, Nelson Rolihlahla Mandela told the extraordinary story of his life -- an epic of struggle, setback, renewed hope, and ultimate triumph. The book that inspired the major motion picture Mandela: Long Walk to Freedom.",Inspirational
Luka Modric,"For the first time, Real Madrid galáctico and Croatian legend Luka Modric tells the story of his journey from a childhood in his war-torn homeland to becoming a serial UEFA Champions League winner and one of the most celebrated footballers in the world. Regarded as one of the great midfield players of the last 20 years, Luka reveals the difficulties of growing up during the Croatian War of Independence and his beginnings as a footballer. The FIFA World Cup finalist sets the record straight regarding key moments at Dinamo Zagreb, Tottenham Hotspur and Real Madrid; he gives us intimate insights into his treasured home life; and he brings us his personal account of his career peak – Croatia's dramatic path to the 2018 FIFA World Cup Final. What were his thoughts during decisive matches? What was his relationship with key players and coaches? What is the inner determination that keeps him on the pitch? What does it take to become the best footballer in the world? Luka was consistently underestimated in his early career, but through grit and determination he has defied the expectations of everyone who doubted him, and reached the ultimate heights of world football. This is Luka Modric in his own words.",Inspirational
Meet Me in Paradise,"Marin Cole has never: Seen the ocean Climbed a mountain Taken a risk on love ....But if her sister's plan works, she just might do all three. Ever since her journalist mother died on assignment, Marin has played it safe, refusing to set foot outside the state of Tennessee. Her wild-child younger sister, Sadie, has trotted the globe as a photographer, living off of art and adrenaline. When Sadie returns from a tough assignment abroad and looks a little worse for wear, Marin reluctantly agrees to a sisters' spa weekend on the tropical island of Saba. But her lifelong fear of travel is affirmed when Sadie misses the flight, Marin's luggage gets mixed up with another passenger's, and an episode of turbulence sends her hurtling into the lap of Lucas Tsai, the handsome stranger who stole her sister's seat. For the first time in a long time, Marin has to step outside of her comfort zone as she explores the island with Lucas and learns what she's been missing out on. With each breathtaking new experience, Marin gets closer to her real self, the man she’s falling for, and the heart-wrenching truth about why she’s there in the first place.",Optimistic
Modern Scottish Diaspora,"Explores the connectedness of the diaspora to the homeland from a variety of different perspectives. This book explores a range of different perspectives on the Scottish diaspora, reflecting a growing interest in the subject from academics, politicians and policy makers and coinciding with Scotland's second year of homecoming in 2014. The Scottish Government has actively developed a diaspora strategy, not least in order to encourage 'roots tourism', as those individuals of Scots descent come back to visit their 'homeland' diaspora. Key FeaturesExamines the importance of links within the Scottish diaspora for Scots both at home and abroad.Multi-disciplinary perspectives from literature to sportOf interest to policy makers, genealogists, tourism bodies, politicians and general publicThe Scots form one of the world's largest diasporas, with around 30 million people worldwide claiming a Scottish ancestry. There are few countries around the globe without a Caledonian Society, a Burns Club, a Scottish country dance society, or similar organisation. The diaspora is therefore of interest to politicians, to public policy makers and to Scottish business; as well as to those working in the media, in sport, in literature and in music.",Informative
My Way,"A teen idol of the 1950s who virtually invented the singer/songwriter/heartthrob combination that still tops pop music today, Paul Anka rocketed to fame with a slew of hits-from ""Diana"" to ""Put Your Head on my Shoulder""-that earned him a place touring with the major stars of his era, including Chuck Berry, Jerry Lee Lewis, and Buddy Holly. He wrote Holly's last hit, and just missed joining the rocker on his final, fatal plane flight. Anka also stepped in front of the camera in the teen beach-party movie era, scoring the movies and romancing their starlets, including Annette Funicello. When the British invasion made his fans swoon for a new style of music-and musician--Anka made sure he wasn't conquered. A rapier-canny businessman and image-builder who took his career into his own hands-just as he had from the very beginning, swiping his mother's car at fourteen to drive himself, underage, to his first gigs in Quebec-Anka toured the world until he could return home in triumph. A charter member of the Rat Pack, he wrote the theme music for The Tonight Show as well as his friend Frank Sinatra's anthem ""My Way"". By the 1970s, a multi-decade string of pop chart-toppers, including ""Puppy Love"" and ""(You're) Having My Baby"", cemented his status as an icon. My Way is bursting with rich, rollicking stories of the business and the people in Anka's life: Elizabeth Taylor, Dodi Fayed, Tom Jones, Michael Jackson, Adnan Khashoggi, Little Richard, Brooke Shields, Johnny Roselli, Sammy Davis, Jr., Brigitte Bardot, Barnum & Bailey Circus acrobats, and many more. Anka is forthcoming, funny and smart as a whip about the business he's been in for almost six decades. My Way moves from New York to Vegas, from the casino stage to backstages all over the world. It's the most entertaining autobiography of the year.",Inspirational
Nancy Drew 12: The Message in the Hollow Oak,"A group of professional detectives challenge Nancy to tackle a mystery that they have failed to solve: find an invaluable message hidden by a missionary centuries ago in a hollow oak tree in Illinois. While searching the woods for the ancient tree, Nancy and her friends live with a group of young archaeologists who are excavating prehistoric Indian burial mounds on a nearby farm. A shadowy enemy stalks Nancy and harasses everyone at the dig. The young investigator pursues her dangerous adversary to an outlaws’ cave, and is threatened when she discovers an unusual treasure. How Nancy, with few clues to go on, solves this complex mystery will thrill all readers.",Optimistic
Nothing But This,"A married couple yearns to rediscover lost love in this novel about forgiveness, reconciliation, and emotional growth. It's always been complicated between Libby Lawson and Greyson Chapman--and married life isn't any simpler. But when Libby gets pregnant, she at last sees a bright future ahead. There's just one problem: Greyson says he's sterile. Furious, Greyson abandons the young family. Equally furious and deeply hurt, Libby cuts all ties with him. After all these years, it seems their relationship has finally expired. But love is resilient and endures even when you don't want it to. Greyson still longs for Libby, and though Libby's heartbroken by Greyson's lack of trust, she holds out hope for a complete, happy family. And so they embark on the journey back to each other, wary of all the obstacles between them. It's been a long road already--one strewed with fear, doubt, and misunderstandings. Will they keep looking to the past, or will they look to each other and walk hand in hand toward a broad new horizon?",Suspenseful
Persephone Station,"Persephone Station, a seemingly backwater planet that has largely been ignored by the United Republic of Worlds becomes the focus for the Serrao-Orlov Corporation as the planet has a few secrets the corporation tenaciously wants to exploit. Rosie—owner of Monk’s Bar, in the corporate town of West Brynner, caters to wannabe criminals and rich Earther tourists, of a sort, at the front bar. However, exactly two types of people drank at Monk’s back bar: members of a rather exclusive criminal class and those who sought to employ them. Angel—ex-marine and head of a semi-organized band of beneficent criminals, wayward assassins, and washed up mercenaries with a penchant for doing the honorable thing is asked to perform a job for Rosie. What this job reveals will effect Persephone and put Angel and her squad up against an army. Despite the odds, they are rearing for a fight with the Serrao-Orlov Corporation. For Angel, she knows that once honor is lost, there is no regaining it. That doesn’t mean she can’t damned well try.",Pessimistic
Power That Preserves,"Twice before Thomas Covenant had been summoned to the strange otherworld where magic worked. Twice before he had been forced to join with the Lords of Revelstone in their war against Lord Foul, the ancient enemy of the Land. Now he was back—to a Land ravaged by the armies of Lord Foul. The Lords were besieged and helpless. No place was safe, and Foul's victory seemed certain. Only Covenant could avert it. Desperately and without hope, he set out to confront the might of the Enemy. Along with him traveled a Giant, a Bloodguard, and the madwoman he had wronged. And in Foul's Creche, Lord Foul grew in power with each new defeat for the Land.",Pessimistic
Red Rising," “I live for the dream that my children will be born free,” she says. “That they will be what they like. That they will own the land their father gave them.” “I live for you,” I say sadly. Eo kisses my cheek. “Then you must live for more.” Darrow is a Red, a member of the lowest caste in the color-coded society of the future. Like his fellow Reds, he works all day, believing that he and his people are making the surface of Mars livable for future generations. Yet he toils willingly, trusting that his blood and sweat will one day result in a better world for his children. But Darrow and his kind have been betrayed. Soon he discovers that humanity reached the surface generations ago. Vast cities and lush wilds spread across the planet. Darrow—and Reds like him—are nothing more than slaves to a decadent ruling class. Inspired by a longing for justice, and driven by the memory of lost love, Darrow sacrifices everything to infiltrate the legendary Institute, a proving ground for the dominant Gold caste, where the next generation of humanity’s overlords struggle for power. He will be forced to compete for his life and the very future of civilization against the best and most brutal of Society’s ruling class. There, he will stop at nothing to bring down his enemies . . . even if it means he has to become one of them to do so. ",Suspenseful
Right Romance,"In this book, Emily Griffiths Jones examines the intersections of romance, religion, and politics in England between 1588 and 1688 to show how writers during this politically turbulent time used the genre of romance to construct diverse ideological communities for themselves. Right Romance argues for a recontextualized understanding of romance as a multigeneric narrative structure or strategy rather than a prose genre and rejects the common assumption that romance was a short-lived mode most commonly associated with royalist politics. Puritan republicans likewise found in romance strength, solace, and grounds for political resistance. Two key works that profoundly influenced seventeenth-century approaches to romance are Philip Sidney’s New Arcadia and Edmund Spenser’s The Faerie Queene, which grappled with romance’s civic potential and its limits for a newly Protestant state. Jones examines how these works influenced writings by royalists and republicans during and after the English Civil War. Remaining chapters pair writers from both sides of the war in order to illuminate the ongoing ideological struggles over romance. John Milton is analyzed alongside Margaret Cavendish and Percy Herbert, and Lucy Hutchinson alongside John Dryden. In the final chapter, Jones studies texts by John Bunyan and Aphra Behn that are known for their resistance to generic categorization in an attempt to rethink romance’s relationship to election, community, gender, and generic form. Original and persuasive, Right Romance advances theoretical discussion about romance, pushing beyond the limits of the genre to discover its impact on constructions of national, communal, and personal identity.",Informative
Romance Writing,"Romance Writing explores the changing nature of both the romance genre and the discourse of romantic love from the seventeenth century to the present day. Indeed, it is one of the first studies to approach romantic love as both genre and discourse in more than sixty years. Faced with the challenge of writing a cultural history for what is commonly understood to be one of lifes most universal, a-historical and cross-cultural phenomena, Lynne Pearce has invoked the concept of the gift to calculate loves added value at different cultural/historical moments. Building upon those philosophical traditions which have argued for the powerfully transformative nature of romantic love, Pearce shows how in the history of literature lovers have utilized its spark to change not only themselves, but also their worlds, through acts of creativity and heroism. The gift of love ranges from the simple gift of a name in the seventeenth century, through notions of immortality, self-sacrifice and selfhood in the nineteenth and twentieth centuries, through to the liberating temporal and spatial dislocations of the postmodern age. The opening chapter, The Alchemy of Love, also undertakes an in-depth engagement of the changing nature, and meaning, of romantic love. Providing a judicious blend of close reading and cultural history, Romance Writing will be essential reading for undergraduate students as well as postgraduates and scholars working in the field, while also offering much of interest to the general reader.",Optimistic
Salt Redux,"How does a brother cope with life knowing his sister is a murderess? How can a nobleman have the life he has always wanted when a lurking evil consumes his thoughts and haunts his dreams? What will it take for good to triumph over evil? For readers who enjoyed Salt Bride, the story continues…",Suspenseful
Self Help Books,"It's vitally important that you read books. As Mark Twain wrote, ""The man who does not read good books has no advantage over the man who cannot read them."" And many would agree that ""personal development"" books are the ones to focus on if you're trying to improve yourself, your position in life and your quality of life. But which ones should you read? There are tens of thousands to choose from. Vic Johnson, a veteran personal development author, speaker and trainer, answers that question for us in ""Self Help Books: The 101 Best Personal Development Classics."" From an 1,100 page ""encyclopedia of success"" to a 28-page speech that became a classic more than a hundred years ago, Vic identifies the publication dates of the classics, the major theme(s) of the book and then some solid reasons to add them to your reading list. Along the way he also shares valuable anecdotes on his personal lessons learned from these authors (some of whom have mentored him). This is quick and easy reading that takes the guesswork out of choosing the books to add to your library as well as helping you prioritize your reading.",Informative
The Autobiography,"From pirate radio to Buckingham Palace and an MBE, Johnnie Walker tells the amazing story of how he came to be one of the best known and most loved broadcasters in Britain, with a voice recognised by millions. Obsessed with music, the young Johnnie longed to move the crowd with the kind of beats he found irresistible. Deejaying in local dance halls and pubs around his childhood home in Solihull gave him a taste for playing his beloved music, and his success showed he had real talent. A great future beckoned. With luck and not a little front, he swung himself a slot on the newly launched pirate radio station Radio England, and Johnnie Walker's incredible career began. Now he tells the full and extraordinary story.",Inspirational
The Book of Myself,"Have you ever wanted to create your own autobiography or wished you could read about the life of a relative or friend? The Book of Myself is a do-it-yourself memoir that helps you record and preserve the experiences, relationships, and lessons that define you. Created by a grandson who wanted to capture his grandfather's life story for future generations, The Book of Myself offers 201 memory-evoking prompts on family, friends, and the journey you take through all of life's stages. It is the perfect way for you -- or someone close to you -- to record life's highlights and everyday moments that can slip through your fingers if not written down.",Inspirational
The Case of the Ad That Subtracts and Other True Math Mysteries for You to Solve,"They’re multiplied and divided. They’re spectacular and average. What are they? Math mysteries, of course! Get ready to crack the cases and the real math info wide open. You might need your abacus for this one.",Humorous
The Clockwork Rocket,"In Yalda's universe, light has mass, no universal speed, and its creation generates energy; on Yalda's world, plants make food by emitting light into the dark night sky. And time is different: an astronaut might measure decades passing while visiting another star, only to return and find that just weeks have elapsed for her friends. On the farm where she lives, Yalda sees strange meteors that are entering the planetary system at an immense, unprecedented speed - and it soon becomes apparent that more of this ultra-fast material is appearing all the time, putting her world in terrible danger. An entire galaxy is about to collide with their own. There is one hope: a fleet sent straight towards the approaching galaxy, as fast as possible. Though it will feel like weeks back home, on board, millennia will pass before the collision, time enough to raise new generations, and time enough to find a way to stop the ultra-fast material. Either way, they have a chance to save everyone back on the home world.",Optimistic
The Cost of Living,"""Life falls apart. We try to get a grip. We try to hold it together. And then we realize that we don't want to hold it together."" Crystalline, witty and audacious, The Cost of Living addresses itself to the dual experiences of writing and of womanhood, examining what is essential in each. Following the acclaimed Things I Don't Want to Know, which reflected deeply on the nature of gender politics and a life in letters, The Cost of Living returns to the same subject and to the same life, to find a writer in radical flux. If a woman dismantles her life, expands it and puts it back together in a new shape, how might she describe this new composition? ""Words have to open the mind. When words close the mind you can be sure that someone has been reduced to nothingness."" In this elegiac second instalment of her ""living autobiography"", Deborah Levy considers what it means to live with value and meaning and pleasure. The Cost of Living is a vital and astonishing testimony, as distinctive, wide-ranging and original as Levy's acclaimed novels.",Optimistic
The Do-Over,"A witty, romantic comedy of errors as former high school rivals McKenna and Henry inadvertently reunite in their hometown. Hot-shot lawyer McKenna Keaton finds herself in hot water with her own law firm when she’s (falsely!) accused of embezzlement. Placed on unpaid leave, she suddenly finds herself with the free time to return home and attend her youngest sister’s wedding activities. But it’s not all fun and games. Waiting back home is shy, nerdy Henry Blumenthal—McKenna’s high school rival for valedictorian who once took three hours to beat her at chess. Scratch that. He’s Hank Blume now, the famed documentarian, Durham, North Carolina’s, darling son, who has attained all his dreams and more. He also happens to look like he stepped out of an Eddie Bauer catalog. Whereas McKenna is a disgraced workaholic from New York on unpaid leave, accused of a white-collar crime she would nevercommit, succumbing to panic attacks, watching her dreams unravel. At age thirty-eight—and destined by the family curse to die before she turns forty, apparently—it’s absolutely the wrong time to have a major crush on a man. Especially one who treasures his memories of McKenna as the girl Most Likely to Succeed. ",Humorous
The Lotus Palace,"An unlikely pair of heroes find themselves caught in a star-crossed relationship in this rich tale of history, mystery and forbidden love! At the Lotus Palace, the best of society comes to drink and enjoy the company of beautiful and talented courtesans. Street-smart and practical Yue-ying is not part of this elite class but is content to live in the shadow of her mistress, Mingyu, only serving as her silent attendant at the lavish and exquisite palace. Running into notorious flirt Bai Huang changes everything. Bai Huang, an eternal student at the palace, is different from Yue-ying in every way. But as the two are thrown together in an attempt to solve a deadly mystery, they both start to dream of a different life. Their statuses forbid them from being together, but could they find a way to follow their hearts? ",Suspenseful
The Miracle Morning (Updated and Expanded Edition),"Getting everything you want out of life isn’t about doing more. It’s about becoming more. Hal Elrod and The Miracle Morning have helped millions of people become the person they need to be to create the life they’ve always wanted. Now, it’s your turn. Hal’s revolutionary SAVERS method is a simple, effective step-by-step process to transform your life in as little as six minutes per day: - Silence: Reduce stress and improve mental clarity by beginning each day with peaceful, purposeful quiet - Affirmations: Reprogram your mind to overcome any fears or beliefs that are limiting your potential or causing you to suffer - Visualization: Experience the power of mentally rehearsing yourself showing up at your best each day - Exercise: Boost your mental and physical energy in as little as sixty seconds - Reading: Acquire knowledge and expand your abilities by learning from experts - Scribing: Keep a journal to deepen gratitude, gain insights, track progress, and increase your productivity by getting clear on your top priorities This updated and expanded edition has more than forty pages of new content, including: - The Miracle Evening: Optimize your bedtime and sleep to wake up every day feeling refreshed and energized for your Miracle Morning - The Miracle Life: Begin your path to inner freedom so you can truly be happy and learn to love the life you have while you create the life you want",Optimistic
The Mystery Book Mystery,"When seventeen-year-old Libby Clark signed up for the Piedmont Foothills Writers’ Conference, her idea was to take the Mystery Workshop, conducted by Hamlyn Brent, the expert on mysteries. She never expected to find a ready-made plot: the murder of Carlton Gillespie, famous columnist, slick magazine writer, the intended star speaker at the Awards dinner. Could she write a mystery story about a real murder, just as if it were fiction? In the process of trying to write her book, Libby finds herself involved with an assortment of strange characters, each connected with the victim in some way, each with a seemingly credible motive. And then, scarcely a day after the inquest—another victim! ",Suspenseful
The Mystery of the Gold Coin,"Second graders Ethan and Ella are sad about moving away from their hometown to travel the world with their mom, a journalist, and dad, who will home school them, but before they go they have a mystery to solve.",Suspenseful
The Mystery of the Secret Notes,"Someone is leaving secret notes for Daisy's best friend, Justin. He turns to Detective Daisy to help solve the mystery",Suspenseful
The Player Of Games,"The Culture - a humanoid/machine symbiotic society - has thrown up many great Game Players. One of the best is Jernau Morat Gurgeh, Player of Games, master of every board, computer and strategy. Bored with success, Gurgeh travels to the Empire of Azad, cruel & incredibly wealthy, to try their fabulous game, a game so complex, so like life itself, that the winner becomes emperor. Mocked, blackmailed, almost murdered, Gurgeh accepts the game and with it the challenge of his life, and very possibly his death.",Suspenseful
The Punch Escrow,"When he’s accidentally duplicated while teleporting, Joel Byram must outrun the most powerful corporation on the planet and find a way back to his wife in a world that now has two of him. ",Suspenseful
The Road Less Travelled,"Life is difficult. This is a great truth, one of the greatest truths.' A timeless classic in personal development, The Road Less Travelled is a landmark work that has inspired millions. Drawing on the experiences of his career as a psychiatrist, Scott Peck combines scientific and spiritual views to guide us through the difficult, painful times in life by showing us how to confront our problems through the key principles of discipline, love and grace. Teaching us how to distinguish dependency from love, how to become a more sensitive parent and how to connect with your true self, this incredible book is the key to accepting and overcoming life's challenges and achieving a higher level of self-understanding.",Inspirational
The Stone Knife ,"For generations, the forests of Ixachipan have echoed with the clash of weapons, as nation after nation has fallen to the Empire of Songs – and to the unending, magical music that binds its people together. Now, only two free tribes remain. The Empire is not their only enemy. Monstrous, scaled predators lurk in rivers and streams, with a deadly music of their own. As battle looms, fighters on both sides must decide how far they will go for their beliefs and for the ones they love – a veteran general seeks peace through war, a warrior and a shaman set out to understand their enemies, and an ambitious noble tries to bend ancient magic to her will.",Suspenseful
The Technique of the Mystery Story Illustrated,"All the world loves a mystery; perhaps that is why Emerson declared the same to be true of a lover. Since time out of mind, a clear and open page has ever lacked the fascination of the veiled meaning.",Poetic
The Tiger at Midnight,"A broken bond. A dying land. A cat-and-mouse game that can only end in bloodshed. Esha lost everything in the royal coup—and as the legendary rebel known as the Viper, she’s made the guilty pay. Now she’s been tasked with her most important mission to date: taking down the ruthless General Hotha. Kunal has been a soldier since childhood. His uncle, the general, has ensured that Kunal never strays from the path—even as a part of Kunal longs to join the outside world, which has only been growing more volatile. When Esha and Kunal’s paths cross one fated night, an impossible chain of events unfolds. Both the Viper and the soldier think they’re calling the shots, but they’re not the only players moving the pieces. As the bonds that hold their land in order break down and the sins of the past meet the promise of a new future, both the soldier and the rebel must decide where their loyalties lie: with the lives they’ve killed to hold on to or with the love that’s made them dream of something more.",Suspenseful
The Wild,"I brought them to the wilderness because we couldn't cope with our reality. The plan was to make a new life that didn't include heartache. No people. No technology. No interference. Just us. A chance to piece together what was broken. But the wilderness is untamed and harsh. Brutal and unforgiving. It doesn't give a damn about your feelings. Tragedy lives there too. No escaping the truths that won't let you go. All you can do is survive where love, no matter how beastly, is the only thing you can truly count on. Confusing. Wrong. Twisted. Beautiful. Sick. Love is wild. And we're going to set it free. WARNING: The Wild is an extremely taboo story. Most will find that the themes in this book will make you incredibly uncomfortable or maybe even offend you. This book is only for the brave, the open-minded, and the ones who crave love in even the most dismal of situations. Extreme sexual themes and violence in certain scenes, which could trigger emotional distress, are found in this story. If you are sensitive to heavy taboo themes, then this story is not for you. Seriously, you've been warned. Don't say I didn't try. You're probably going to cringe many, many, many times. Even if you're on the fence, it's probably not a good idea to proceed. However, if you're intrigued and fearless and kind of sort of trust me, then carry on. This book is for you.",Poetic
The Winter King,"After three long years of war, starkly handsome Wynter Atrialan will have his vengeance on Summerlea's king by taking one of the man's beautiful, beloved daughters as his bride. But though peace is finally at hand, Wynter's battle with the Ice Heart, the dread power he embraced to avenge his brother's death, rages on. Khamsin Coruscate, Princess of Summerlea and summoner of Storms, has spent her life exiled to the shadows of her father's palace. Reviled by her father, marriage to Wintercraig's icy king was supposed to be a terrible punishment, but instead offers Kham her first taste of freedom—and her first taste of overwhelming passion. As fierce, indomitable Wynter weathers even Khamsin's wildest storms, surprising her with a tenderness she never expected, Kham wants more than Wynter's passion—she yearns for his love. But the power of the Ice Heart is growing, dangerous forces are gathering, and a devastating betrayal puts Khamsin and Wynter to the ultimate test.",Suspenseful
Theory of Prose,"Viktor Shklovsky's 1925 book Theory of Prose might have become the most important work of literary criticism in the twentieth century had not two obstacles barred its way: the crackdown by the Soviet dictatorship on Shklovsky and other Russian Formalists in the 1930s, and the unavailability of an English translation. Now translated in its entirety for the first time, Theory of Prose not only anticipates structuralism and post-structuralism, but poses questions about the nature of fiction that are as provocative today as they were in the 1920s. Arguing that writers structure their material according to artistic principles rather than from attempts to imitate ""reality,"" Shklovsky uses Cervantes, Tolstoi, Sterne, Dickens, Bely, and Rozanov to give us a new way of thinking about fiction and, in his most impassioned moments, about the world. Benjamin Sher's lucid translation will allow Shklovsky's Theory of Prose to fulfill its destiny as a major theoretical work of the twentieth century.",Informative
When Highbrow Meets Lowbrow,"This book examines nobrow, a cultural formation that intertwines art and entertainment into an identifiable creative force. In our eclectic and culturally turbocharged world, the binary of highbrow vs. lowbrow is incapable of doing justice to the complexity and artistry of cultural production. Until now, the historical power, aesthetic complexity, and social significance of nobrow “artertainment” have escaped analysis. This book rectifies this oversight. Smart, funny, and iconoclastic, it scrutinizes the many faces of nobrow, throwing surprising light on the hazards and rewards of traffic between high entertainment and genre art.",Informative
Zayn,"The first and only official book from ZAYN. Global superstar ZAYN shares a photographic journey of his life since leaving One Direction. ZAYN opens up with this collection of thoughts, inspiration, and never-before-seen personal photographs. After five years of massive success with One Direction, ZAYN launched his career as a solo artist with Mind of Mine, becoming one of the most successful artists in the world. Now, for the first time ever, ZAYN is going to tell and show all in this intimate and raw scrapbook of his life. Never-before-released photos give readers insight to ZAYN, no-holds-barred. Gorgeously designed with hundreds of full-color photographs and Zayn's notes, drawings, song lyrics, and personal stories, the book captures Zayn's most private moments and his candid feelings on fame, success, music, and life. The next chapter of ZAYN'S evolution into global superstar, told by the artist who is living it.",Optimistic
A Court of Thorns and Roses," When nineteen-year-old huntress Feyre kills a wolf in the woods, a terrifying creature arrives to demand retribution. Dragged to a treacherous magical land she knows about only from legends, Feyre discovers that her captor is not truly a beast, but one of the lethal, immortal faeries who once ruled her world. At least, he's not a beast all the time. As she adapts to her new home, her feelings for the faerie, Tamlin, transform from icy hostility into a fiery passion that burns through every lie she's been told about the beautiful, dangerous world of the Fae. But something is not right in the faerie lands. An ancient, wicked shadow is growing, and Feyre must find a way to stop it, or doom Tamlin-and his world-forever. From bestselling author Sarah J. Maas comes a seductive, breathtaking book that blends romance, adventure, and faerie lore into an unforgettable read.",Optimistic
A Death at the University,"Sam Wiseman owns a cosy bookshop in the heart of Montreal, and has a particular love for detective novels. He leads a simple life, where the only mysteries are the ones he reads about in books. Until now. When Sam discovers the body of a professor at the nearby university, he becomes part of the investigation, and not for the reason he'd hoped. Forming an unlikely friendship with Detective Gaston Lemieux, Sam sets out to follow the clues and find the truth. Because Sam wants to do more than just clear his own name. He wants to solve the case.",Optimistic
A Little Hatred,"The chimneys of industry rise over Adua and the world seethes with new opportunities. But old scores run deep as ever. On the blood-soaked borders of Angland, Leo dan Brock struggles to win fame on the battlefield, and defeat the marauding armies of Stour Nightfall. He hopes for help from the crown. But King Jezal's son, the feckless Prince Orso, is a man who specializes in disappointments. Savine dan Glokta -- socialite, investor, and daughter of the most feared man in the Union -- plans to claw her way to the top of the slag-heap of society by any means necessary. But the slums boil over with a rage that all the money in the world cannot control. The age of the machine dawns, but the age of magic refuses to die. With the help of the mad hillwoman Isern-i-Phail, Rikke struggles to control the blessing, or the curse, of the Long Eye. Glimpsing the future is one thing, but with the guiding hand of the First of the Magi still pulling the strings, changing it will be quite another.",Pessimistic
American Mystery and Detective Novels,A guide to research on American mystery and detective novels emphasizing the historical development of the genre and major critical approaches to the literature.,Informative
Atomic Habits,"Tiny Changes, Remarkable Results No matter your goals, Atomic Habits offers a proven framework for improving--every day. James Clear, one of the world's leading experts on habit formation, reveals practical strategies that will teach you exactly how to form good habits, break bad ones, and master the tiny behaviors that lead to remarkable results. If you're having trouble changing your habits, the problem isn't you. The problem is your system. Bad habits repeat themselves again and again not because you don't want to change, but because you have the wrong system for change. You do not rise to the level of your goals. You fall to the level of your systems. Here, you'll get a proven system that can take you to new heights. Clear is known for his ability to distill complex topics into simple behaviors that can be easily applied to daily life and work. Here, he draws on the most proven ideas from biology, psychology, and neuroscience to create an easy-to-understand guide for making good habits inevitable and bad habits impossible. Along the way, readers will be inspired and entertained with true stories from Olympic gold medalists, award-winning artists, business leaders, life-saving physicians, and star comedians who have used the science of small habits to master their craft and vault to the top of their field. Learn how to: make time for new habits (even when life gets crazy); overcome a lack of motivation and willpower; design your environment to make success easier; get back on track when you fall off course; ...and much more. Atomic Habits will reshape the way you think about progress and success, and give you the tools and strategies you need to transform your habits--whether you are a team looking to win a championship, an organization hoping to redefine an industry, or simply an individual who wishes to quit smoking, lose weight, reduce stress, or achieve any other goal.",Inspirational
Attached,"We already rely on science to tell us what to eat, when to exercise, and how long to sleep. Why not use science to help us improve our relationships? In this revolutionary book, psychiatrist and neuroscientist Dr. Amir Levine and Rachel Heller scientifically explain why some people seem to navigate relationships effortlessly, while others struggle. Discover how an understanding of adult attachment—the most advanced relationship science in existence today—can help us find and sustain love. Pioneered by psychologist John Bowlby in the 1950s, the field of attachment posits that each of us behaves in relationships in one of three distinct ways: • Anxious people are often preoccupied with their relationships and tend to worry about their partner's ability to love them back. • Avoidant people equate intimacy with a loss of independence and constantly try to minimize closeness. • Secure people feel comfortable with intimacy and are usually warm and loving. Attached guides readers in determining what attachment style they and their mate (or potential mate) follow, offering a road map for building stronger, more fulfilling connections with the people they love.",Inspirational
Aurora,"Our voyage from Earth began generations ago. Now, we approach our new home. AURORA.",Inspirational
Autobiographical Writing by Early Modern Hispanic Women,"Women’s life writing in general has too often been ignored, dismissed, or relegated to a separate category in those few studies of the genre that include it. The present work addresses these issues and offers a countervailing argument that focuses on the contributions of women writers to the study of autobiography in Spanish during the early modern period, both in Spain and in Mexico.",Inspirational
Autobiography,"“Spend the day in bed” with Autobiography by Morrissey, whose new album Low in High School is out November 17th Steven Patrick Morrissey was born in Manchester on May 22nd 1959. Singer-songwriter and co-founder of the Smiths (1982–1987), Morrissey has been a solo artist for twenty-six years, during which time he has had three number 1 albums in England in three different decades. Achieving eleven Top 10 albums (plus nine with the Smiths), his songs have been recorded by David Bowie, Nancy Sinatra, Marianne Faithfull, Chrissie Hynde, Thelma Houston, My Chemical Romance and Christy Moore, amongst others. An animal protectionist, in 2006 Morrissey was voted the second greatest living British icon by viewers of the BBC, losing out to Sir David Attenborough. In 2007 Morrissey was voted the greatest northern male, past or present, in a nationwide newspaper poll. In 2012, Morrissey was awarded the Keys to the City of Tel-Aviv. It has been said “Most pop stars have to be dead before they reach the iconic status that Morrissey has reached in his lifetime.”",Informative
Breaking Negative Thinking Patterns,"Breaking Negative Thinking Patterns is the first schema-mode focused resource guide aimed at schema therapy patients and self-help readers seeking to understand and overcome negative patterns of thinking and behaviour. Represents the first resource for general readers on the mode approach to schema therapy Features a wealth of case studies that serve to clarify schemas and modes and illustrate techniques for overcoming dysfunctional modes and behavior patterns Offers a series of exercises that readers can immediately apply to real-world challenges and emotional problems as well as the complex difficulties typically tackled with schema therapy Includes original illustrations that demonstrate the modes and approaches in action, along with 20 self-help mode materials which are also available online Written by authors closely associated with the development of schema therapy and the schema mode approach",Optimistic
Change Your World,"The self-improvement industry puts the responsibility for change on us as individuals, producing few if any long-term changes in our health or happiness. Michael Ungar shows that individual growth depends very little on what we think, feel, or behave. He is one of the world's leading experts on thriving through adversity. Delving into the latest research, he demonstrates that we share responsibility for our personal well-being with our family and friends, and even our employers and politicians. In fact, the more the odds are stacked against us, the less motivation, positive thinking and grit are important to resilience and the more we benefit from an environment rich in opportunity. Ungar explores real people's lives and discovers that the answers lie in the people and the support systems around us. The good news is that it is easier to change your environment than it is to change yourself. Indeed, Ungar has solid evidence that we can influence the world around us in ways that will make us more resilient both at home and on the job. ",Humorous
Communication and Sport,"Offering the most comprehensive and diverse approach to the study of communication and sport currently available at the undergraduate level, this book helps readers understand sports media, rhetoric, culture, and organizations from both micro and macro perspectives. Espistemologically diverse and theoretically grounded, the book explores youth, amateur, and professional sports through the lens of mythology, community, and identity.",Informative
Consuming Autobiographies,"""Since 1975, French literary writing has been marked by an autobiographical turn which has seen authors increasingly often tap into the vein of what the French term ecriture de soi. This coincides, paradoxically, with the 'death of autobiography', as these authors self-consciously distance themselves and their writings from conventional autobiography, founding a 'nouvelle autobiographie' where the very possibility of autobiographical expression is questioned. In the first book-length study in English to address this phenomenon, Claire Boyle sheds a new light on this hostility toward autobiography through a series of ground-breaking studies of estrangement in autobiographical works by major post-war authors Nathalie Sarraute, Georges Perec, Jean Genet and Helene Cixous. She identifies autobiography as a site of conflict between writer and reader, as authors struggle to assert the unknowableness of their identity in the face of a readership resolutely desiring privileged knowledge. Autobiography emerges as a deeply troubling genre for authors, with the reader as an antagonistic consumer of the autobiographical self.""",Informative
DIY MFA,"Get the Knowledge Without the College! You are a writer. You dream of sharing your words with the world, and you're willing to put in the hard work to achieve success. You may have even considered earning your MFA, but for whatever reason--tuition costs, the time commitment, or other responsibilities--you've never been able to do it. Or maybe you've been looking for a self-guided approach so you don't have to go back to school. This book is for you. DIY MFA is the do-it-yourself alternative to a Master of Fine Arts in creative writing. By combining the three main components of a traditional MFA--writing, reading, and community--it teaches you how to craft compelling stories, engage your readers, and publish your work. Inside you'll learn how to: • Set customized goals for writing and learning. • Generate ideas on demand. • Outline your book from beginning to end. • Breathe life into your characters. • Master point of view, voice, dialogue, and more. • Read with a ""writer's eye"" to emulate the techniques of others. • Network like a pro, get the most out of writing workshops, and submit your work successfully. Writing belongs to everyone--not only those who earn a degree. With DIY MFA, you can take charge of your writing, produce high-quality work, get published, and build a writing career.",Informative
David Suzuki,"David Suzuki’s autobiography limns a life dedicated to making the world a better place. The book expands on the early years covered in Metamorphosis and continues to the present, when, at age 70, Suzuki reflects on his entire life — and his hopes for the future. The book begins with his life-changing experience of racism interned in a World War II concentration camp, and goes on to discuss his teenage years, his college and postgraduate experiences in the U.S., and his career as a geneticist and then as the host of The Nature of Things. With characteristic candor and passion, he describes how he became a leading environmentalist, writer, and thinker; the establishment of the David Suzuki Foundation; his world travels and meetings with luminaries like Nelson Mandela and the Dalai Lama; and the abiding role of nature and family in his life. David Suzuki is an intimate and inspiring look at a modern-day visionary.",Informative
Deep Lake Mystery,"This novel is set in a resort, Deep Lake, in Wisconsin. The story revolves around Sampson Tracy's murder. It is the weirdest of all murders. He died from a nail driven into his skull in a locked room. Who was the perpetrator? And how did the crime take place in a locked room?",Suspenseful
Ender's Game,"Andrew ""Ender"" Wiggin thinks he is playing computer simulated war games; he is, in fact, engaged in something far more desperate. The result of genetic experimentation, Ender may be the military genius Earth desperately needs in a war against an alien enemy seeking to destroy all human life. The only way to find out is to throw Ender into ever harsher training, to chip away and find the diamond inside, or destroy him utterly. Ender Wiggin is six years old when it begins. He will grow up fast. But Ender is not the only result of the experiment. The war with the Buggers has been raging for a hundred years, and the quest for the perfect general has been underway almost as long. Ender's two older siblings, Peter and Valentine, are every bit as unusual as he is, but in very different ways. While Peter was too uncontrollably violent, Valentine very nearly lacks the capability for violence altogether. Neither was found suitable for the military's purpose. But they are driven by their jealousy of Ender, and by their inbred drive for power. Peter seeks to control the political process, to become a ruler. Valentine's abilities turn more toward the subtle control of the beliefs of commoner and elite alike, through powerfully convincing essays. Hiding their youth and identities behind the anonymity of the computer networks, these two begin working together to shape the destiny of Earth-an Earth that has no future at all if their brother Ender fails.",Pessimistic
Enjoying What We Don't Have,"Although there have been many attempts to apply the ideas of psychoanalysis to political thought, this book is the first to identify the political project inherent in the fundamental tenets of psychoanalysis. And this political project, Todd McGowan contends, provides an avenue for emancipatory politics after the failure of Marxism in the twentieth century. Where others seeking the political import of psychoanalysis have looked to Freud’s early work on sexuality, McGowan focuses on Freud’s discovery of the death drive and Jacques Lacan’s elaboration of this concept. He argues that the self-destruction occurring as a result of the death drive is the foundational act of emancipation around which we should construct our political philosophy. Psychoanalysis offers the possibility for thinking about emancipation not as an act of overcoming loss but as the embrace of loss. It is only through the embrace of loss, McGowan suggests, that we find the path to enjoyment, and enjoyment is the determinative factor in all political struggles—and only in a political project that embraces the centrality of loss will we find a viable alternative to global capitalism.",Poetic
Everybody's Autobiography,"“Alice B. Toklas wrote hers and now everybody will write theirs.” In 1933 Gertrude Stein’s The Autobiography of Alice B. Toklas skyrocketed to the top of the bestseller lists, and the author found herself a celebrity. Everybody’s Autobiography is the very Steinian account of her soul-satisfying next five years in France, England, and America, where she made a triumphant tour of the country. Here are Stein’s devastating analyses of some of the major figures of the day whom she met—among them Dashiell Hammett, Charlie Chaplin, Pablo Picasso, Marianne Moore, Mrs. Roosevelt, and Sherwood Anderson—and also of her own life and work.",Informative
Falling For You,"After six years of focusing on her career, Natalie Armstrong craves the peace and tranquility that only Sapphire Bay can give her. But returning to her grandparents’ cottage isn’t as easy as she imagined. No one told her about her houseguest or the unexpected changes in the small town she calls home. Gabe Lanigan is a former NYPD detective. His new career as a bestselling crime writer has brought him everything he didn't want - fame, fortune, and a deep distrust of strangers. When Natalie arrives in Sapphire Bay, their unlikely friendship sparks into something he never expected. But the real reason he left New York City is closing in fast and Natalie is standing in his way. ",Optimistic
Froch,"When Carl Froch defeated George Groves in their Wembley Stadium re-match in front of 80,000 fans, it went down as the biggest fight in British boxing history, cementing Carl’s place as our greatest boxer – a pure warrior who has never accepted the easy way. Carl grew up a tough kid on a Nottingham estate, where boxing helped to keep him out of trouble. His incredible natural ability soon led to a world amateur medal before he turned pro and embarked on a long journey with his mentor and corner man Rob McCracken. Carl’s career has always been defined by taking on the odds with blisteringly tough fights. He was never scared to fight in someone else’s backyard and always faced the hardest opponents to prove himself – Jean Pascal, Arthur Abraham, Andre Ward, Lucien Bute and his incredible last round knock-out of Jermain Taylor. But of course he will always be remembered for his showdowns with the great Dane Mikkel Kessler and then George Groves, avenging his initial points defeat by Kessler and finishing Groves for a second time with one of the greatest punches in British boxing history. Froch was first a local and now a national hero and here he tells the story of how he fought his way through sheer guts and determination to the summit of the boxing world. ",Informative
From the Mixed-Up Files of Mrs. Basil E. Frankweiler,"When Claudia decided to run away, she planned very carefully. She would be gone just long enough to teach her parents a lesson in Claudia appreciation. And she would go in comfort-she would live at the Metropolitan Museum of Art. She saved her money, and she invited her brother Jamie to go, mostly because be was a miser and would have money. Claudia was a good organizer and Jamie bad some ideas, too; so the two took up residence at the museum right on schedule. But once the fun of settling in was over, Claudia had two unexpected problems: She felt just the same, and she wanted to feel different; and she found a statue at the Museum so beautiful she could not go home until she bad discovered its maker, a question that baffled the experts, too. The former owner of the statue was Mrs. Basil E. Frankweiler. Without her—well, without her, Claudia might never have found a way to go home.",Suspenseful
Gothic Science Fiction 1980-2010,"Gothic fiction's focus on the irrational and supernatural would seem to conflict with science fiction's rational foundations. However, as this novel collection demonstrates, the two categories often intersect in rich and revealing ways. Analyzing a range of works—including literature, film, graphic novels, and trading card games—from the past three decades through the lens of this hybrid genre, this volume examines their engagement with the era's dramatic changes in communication technology, medical science, and personal and global politics.",Informative
Handbook of the American Novel of the Nineteenth Century,"This handbook offers students and researchers a compact introduction to the nineteenth-century American novel in the light of current debates, theoretical concepts, and critical methodologies. The volume turns to the nineteenth century as a formative era in American literary history, a time that saw both the rise of the novel as a genre, and the emergence of an independent, confident American culture. A broad range of concise essays by European and American scholars demonstrates how some of America‘s most well-known and influential novels responded to and participated in the radical transformations that characterized American culture between the early republic and the age of imperial expansion. Part I consists of 7 systematic essays on key historical and critical frameworks ― including debates aboutrace and citizenship, transnationalism, environmentalism and print culture, as well as sentimentalism, romance and the gothic, realism and naturalism. Part II provides 22 essays on individual novels, each combining an introduction to relevant cultural contexts with a fresh close reading and the discussion of critical perspectives shaped by literary and cultural theory.",Informative
How to Be Fine,"In each episode of their podcast By the Book, Jolenta Greenberg and Kristen Meinzer take a deep dive into a different self-help book, following its specific instructions, rules, and advice to the letter. From diet and productivity to decorating to social interactions, they try it all, record themselves along the way, then share what they’ve learned with their devoted audience. In this funny, revealing book, Jolenta and Kristen synthesize the lessons and insights they’ve learned and tell their stories. How to Be Fine is a thoughtful look at the books and practices that have worked, real talk on those that didn’t, and a list of philosophies they want to see explored in-depth. ",Humorous
I Who Have Never Known Men,"Deep underground, thirty-nine women live imprisoned in a cage. Watched over by guards, the women have no memory of how they got there, no notion of time, and only a vague recollection of their lives before. As the burn of electric light merges day into night and numberless years pass, a young girl—the fortieth prisoner—sits alone and outcast in the corner. Soon she will show herself to be the key to the others' escape and survival in the strange world that awaits them above ground.",Suspenseful
Ignite Me,"With Omega Point destroyed, Juliette doesn't know if the rebels, her friends, or even Adam are alive. But that won't keep her from trying to take down The Reestablishment once and for all. Now she must rely on Warner, the handsome commander of Sector 45. The one person she never thought she could trust. The same person who saved her life. He promises to help Juliette master her powers and save their dying world . . . but that's not all he wants with her. ",Suspenseful
Jack Majors: SuperHero,"“This is the real world, Mr Majors. Everything you knew is now going to change... what you believed will alter dramatically. Things that once appeared seemingly ordinary will now be seen for what they really are – Extraordinary...” After finding the mysterious Book of Power, Jack Majors is coming to terms with the possibility that he has super abilities. However, how can he possibly hope to master them when he is dealing with his school work, his love for “it-girl” Wanda Starling, her boyfriend Frederick Rolley, a gang of bullies led by Donnie Chisel, quarreling parents and the very real threat of being pursued by Donnie’s older brother – underworld stand-over man, Danny ‘The King’ Chisel. Can Jack finally learn the true reason why the world still needs heroes?",Pessimistic
James Fenimore Cooper,"Most of the essays in James Fenimore Cooper: New Historical and Literary Contexts are either directly or indirectly informed by the need to confront Cooper's tales with the indeterminate historical context from which they arose. Others start from the premise that our understanding of Cooper's work can benefit significantly from displacing it from its traditional position in American literary history and by repositioning it in a new literary context. What unites all the essays is a commitment to read Cooper's works as culturally-encoded documents that both reflect and give us access to the complex, equivocal mind that created them. This is not to say that the essays share a common critical or methodological approach; indeed, they were commissioned and selected with the specific intention of applying contending approaches in contemporary literary discourse to the canonical Cooper. While the array of critical approaches represented in the book is by no means exhaustive, interpretive strategies vary from textual, formalistic New Critical readings to old historical, contextual readings, and from new historical, revisionist readings to deconstructive readings. Through their critical diversity these essays will cast a new light on Cooper's work in relation to its historical context, and on the relevance of Cooper's work to both nineteenth-century and modern literary, historical, and ideological debates.",Informative
Project Hail Mary," Ryland Grace is the sole survivor on a desperate, last-chance mission—and if he fails, humanity and the earth itself will perish. Except that right now, he doesn’t know that. He can’t even remember his own name, let alone the nature of his assignment or how to complete it. All he knows is that he’s been asleep for a very, very long time. And he’s just been awakened to find himself millions of miles from home, with nothing but two corpses for company. His crewmates dead, his memories fuzzily returning, Ryland realizes that an impossible task now confronts him. Hurtling through space on this tiny ship, it’s up to him to puzzle out an impossible scientific mystery—and conquer an extinction-level threat to our species. And with the clock ticking down and the nearest human being light-years away, he’s got to do it all alone. Or does he? ",Suspenseful
Pseudoscience and Science Fiction,"Aliens, flying saucers, ESP, the Bermuda Triangle, antigravity ... are we talking about science fiction or pseudoscience? Sometimes it is difficult to tell the difference. Both pseudoscience and science fiction (SF) are creative endeavours that have little in common with academic science, beyond the superficial trappings of jargon and subject matter. The most obvious difference between the two is that pseudoscience is presented as fact, not fiction. Yet like SF, and unlike real science, pseudoscience is driven by a desire to please an audience – in this case, people who “want to believe”. This has led to significant cross-fertilization between the two disciplines. SF authors often draw on “real” pseudoscientific theories to add verisimilitude to their stories, while on other occasions pseudoscience takes its cue from SF – the symbiotic relationship between ufology and Hollywood being a prime example of this. This engagingly written, well researched and richly illustrated text explores a wide range of intriguing similarities and differences between pseudoscience and the fictional science found in SF. ",Suspenseful
Running on Empty,"A large segment of the population struggles with feelings of being detached from themselves and their loved ones. They feel flawed, and blame themselves. Running on Empty will help them realize that they're suffering not because of something that happened to them in childhood, but because of something that didn't happen. It's the white space in their family picture, the background rather than the foreground. This will be the first self-help book to bring this invisible force to light, educate people about it, and teach them how to overcome it.",Poetic
Saturn's Children,"Sometime in the twenty-third century, humanity went extinct, leaving only androids behind to fulfill humanity’s dreams. And, having learned well from their long-dead masters, they’ve established a hierarchical society—one with humanoid aristo rulers at the top and slave-chipped workers at the bottom, performing the lowly tasks all androids were originally created to do. Designed as a concubine for a species that hasn’t existed for two hundred years, femmebot Freya Nakamichi-47—one of the last of her kind still functioning—accepts a job from a stranger to deliver a package from mercury to Mars. Unfortunately, she’s just made herself a moving target for some very powerful, very determined humanoids desperate to retrieve the package’s contents…",Suspenseful
Scardown,"She wasn’t born for this mission. She was modified for it. The year is 2062, and after years on the run, Jenny Casey is back in the Canadian armed forces. Those who were once her enemies are now her allies, and at fifty, she’ s been handpicked for the most important mission of her life—a mission for which her artificially reconstructed body is perfectly suited. With the earth capable of sustaining life for just another century, Jenny—as pilot of the starship Montreal—must discover brave new worlds. And with time running out, she must succeed where others have failed. Now Jenny is caught in a desperate battle where old resentments become bitter betrayals and justice takes the cruelest forms of vengeance. With the help of a brilliant AI, an ex-crime lord, and the man she loves, Jenny may just get her chance to save the world. If it doesn’t come to an end first. . . .",Suspenseful
Science Fiction,"An encyclopedia of science fiction magazines, authors, classic titles, graphic works, genre films and television programs, and the effect history has played in relation to this genre.",Suspenseful
Science Fiction and the Theatre,"Willingham presents a historical survey of science fiction drama and focusses particularly on the history of attempts to stage science fiction. Little attention has been given to science fiction drama, though numerous science fiction plays exist. This volume gives special attention to works intended for adult audiences, with emphasis on the nature of science fiction drama, its origins and history, the staging of science fiction plays, and works by representative playwrights. The appendix offers an annotated list of 328 science fiction plays, with entries grouped in five categories: original drama, adaptations, musicals and operas, theatre pieces and multi-media works, and Frankenstein dramas. An extensive bibliography concludes the volume.",Informative
Science Fiction beyond Borders,"Since the turn of the previous century, science fiction and its native tropes have been used by authors, artists, filmmakers and critics in order to challenge boundaries – whether these be conceptual, literary or metaphorical. Uniquely inherent to the genre is its ability to explore, as a form of thought experiment, different ways of crossing and subverting borders previously thought to be inviolable; these transgressions and their effects on popular culture have in turn led to an increased presence of science fiction studies in academia. This volume features papers presented at the 2014 and 2015 Science Fiction Symposia, held at Tel-Aviv University. These essays, submitted by an eclectic mix of scholars from different disciplines, institutes and walks of life, demonstrate the diversity and adaptability of science fiction as a tool for asking – and answering – impossible questions.",Informative
Shikasta,"This is the first volume in the series of novels Doris Lessing calls collectively Canopus in Argos: Archives. Presented as a compilation of documents, reports, letters, speeches and journal entries, this purports to be a general study of the planet Shikasta, clearly the planet Earth, to be used by history students of the higher planet Canopus and to be stored in the Canopian archives. For eons, galactic empires have struggled against one another, and Shikasta is one of the main battlegrounds. Johar, an emissary from Canopus and the primary contributor to the archives, visits Shikasta over the millennia from the time of the giants and the biblical great flood up to the present. With every visit he tries to distract Shikastans from the evil influences of the planet Shammat but notes with dismay the ever-growing chaos and destruction of Shikasta as its people hurl themselves towards World War III and annihilation.",Informative
Stand Firm,"The pace of modern life is accelerating. To keep up, we must keep on moving and adapting – constantly striving for greater happiness and success. Or so we are told. But the demands of life in the fast lane come at a price: stress, fatigue and depression are at an all-time high, while our social interactions have become increasingly self-serving and opportunistic. How can we resist today's obsession with introspection and self-improvement? In this witty and bestselling book, Danish philosopher and psychologist Svend Brinkmann argues that we must not be afraid to reject the self-help mantra and 'stand firm'. The secret to a happier life lies not in finding your inner self but in coming to terms with yourself in order to coexist peacefully with others. By encouraging us to stand firm and get a foothold in life, this vibrant anti-self-help guide offers a compelling alternative to life coaching, positive thinking and the need always to say 'yes!'",Informative
Surprise Island,"The Aldens spend the summer on Grandfather's island! Joe, the island's friendly handyman, helps them with anything they need, but as the children continue to explore their summer home, they realize there is more to the island—and to their new friend—than meets the eye. ",Suspenseful
Teaching Tainted Lit,"Popular American fiction has now secured a routine position in the higher education classroom despite its historic status as culturally suspect. This newfound respect and inclusion have almost certainly changed the pedagogical landscape, and Teaching Tainted Lit explores that altered terrain. If the academy has historically ignored, or even sneered at, the popular, then its new accommodation within the framework of college English is noteworthy: surely the popular introduces both pleasures and problems that did not exist when faculty exclusively taught literature from an established “high” canon. How, then, does the assumption that the popular matters affect teaching strategies, classroom climates, and both personal and institutional notions about what it means to study literature? The essays in this collection presume that the popular is here to stay and that its instructive implications are not merely noteworthy, but richly nuanced and deeply compelling. They address a broad variety of issues concerning canonicity, literature, genre, and the classroom, as its contributors teach everything from Stephen King and Lady Gaga to nineteenth-century dime novels and the 1852 best-seller Uncle Tom’s Cabin. It is no secret that teaching popular texts fuels controversies about the value of cultural studies, the alleged relaxation of aesthetic standards, and the possible “dumbing down” of Americans. By implicitly and explicitly addressing such contentious issues, these essays invite a broader conversation about the place of the popular not only in higher education but in the reading lives of all Americans.",Informative
Tell No One,"For Dr. David Beck, the loss was shattering. And every day for the past eight years, he has relived the horror of what happened. The gleaming lake. The pale moonlight. The piercing screams. The night his wife was taken. The last night he saw her alive. Everyone tells him it’s time to move on, to forget the past once and for all. But for David Beck, there can be no closure. A message has appeared on his computer, a phrase only he and his dead wife know. Suddenly Beck is taunted with the impossible—that somewhere, somehow, his wife is alive…and he’s been warned to tell no one. ",Suspenseful
The 48 Laws of Power,"In the book that People magazine proclaimed “beguiling” and “fascinating,” Robert Greene and Joost Elffers have distilled three thousand years of the history of power into 48 essential laws by drawing from the philosophies of Machiavelli, Sun Tzu, and Carl Von Clausewitz and also from the lives of figures ranging from Henry Kissinger to P.T. Barnum. Some laws teach the need for prudence (“Law 1: Never Outshine the Master”), others teach the value of confidence (“Law 28: Enter Action with Boldness”), and many recommend absolute self-preservation (“Law 15: Crush Your Enemy Totally”). Every law, though, has one thing in common: an interest in total domination. In a bold and arresting two-color package, The 48 Laws of Power is ideal whether your aim is conquest, self-defense, or simply to understand the rules of the game.",Inspirational
The Antidote,"Self-help books don't seem to work. Few of the many advantages of modern life seem capable of lifting our collective mood. Wealth—even if you can get it—doesn't necessarily lead to happiness. Romance, family life, and work often bring as much stress as joy. We can't even agree on what ""happiness"" means. So are we engaged in a futile pursuit? Or are we just going about it the wrong way? Looking both east and west, in bulletins from the past and from far afield, Oliver Burkeman introduces us to an unusual group of people who share a single, surprising way of thinking about life. Whether experimental psychologists, terrorism experts, Buddhists, hardheaded business consultants, Greek philosophers, or modern-day gurus, they argue that in our personal lives, and in society at large, it's our constant effort to be happy that is making us miserable. And that there is an alternative path to happiness and success that involves embracing failure, pessimism, insecurity, and uncertainty—the very things we spend our lives trying to avoid. Thought-provoking, counterintuitive, and ultimately uplifting, The Antidote is the intelligent person's guide to understanding the much-misunderstood idea of happiness.",Inspirational
The Art of Self-Improvement,"A brilliant distillation of the key ideas behind successful self-improvement practices throughout history, showing us how they remain relevant today. Literary Supplement Self-help today is a multi-billion-dollar global industry, one often seen as a by-product of neoliberalism and capitalism. Far from being a recent phenomenon, however, the practice of self-improvement has a long and rich history, extending all the way back to ancient China. For millennia, philosophers, sages, and theologians have reflected on the good life and devised strategies on how to achieve it. Focusing on ten core ideas of self-improvement that run through the world's advice literature, Anna Katharina Schaffner reveals the ways they have evolved across cultures and historical eras, and why they continue to resonate with us today. Reminding us that there is much to learn from looking at time-honed models, Schaffner also examines the ways that self-improvement practices provide powerful barometers of the values, anxieties, and aspirations that preoccupy us at particular moments in time and expose basic assumptions about our purpose and nature.",Informative
The Daughter of Time,"Inspector Alan Grant of Scotland Yard, recuperating from a broken leg, becomes fascinated with a contemporary portrait of Richard III that bears no resemblance to the Wicked Uncle of history. Could such a sensitive, noble face actually belong to one of the world's most heinous villains, a venomous hunchback who may have killed his brother's children to make his crown secure? Or could Richard have been the victim, turned into a monster by the usurpers of England's throne? Grant determines to find out once and for all, with the help of the British Museum and an American scholar, what kind of man Richard Plantagenet really was and who killed the Princes in the Tower.",Suspenseful
The Dragon Waiting,"In a snowbound inn high in the Alps, four people meet who will alter fate. A noble Byzantine mercenary . . . A female Florentine physician . . . An ageless Welsh wizard . . . And Sforza, the uncanny duke. Together they will wage an intrigue-filled campaign against the might of Byzantium to secure the English throne for Richard, Duke of Gloucester—and make him Richard III. ",Suspenseful
The Manatee,"A story of Nantucket whaling days. Searing hatred and vibrant love vie for the possession of captain Jabez Folger’s soul. This stemmed from his first voyage when he had an experience so evil that it changed his life. Now and then a warm and gentle spirit would emerge, his old self. Under this influence he married a lovely Quaker girl but now he had turned against dry land. His love centered on the mermaid figure head on his boat, a symbol of the beauty and indifference of the sea. A powerful book, vivid characters, a plot breathtaking in scope.",Poetic
The March North,"Egalitarian heroic fantasy. Presumptive female agency, battle-sheep, and bad, bad odds.",Humorous
The Moon Pool,"Set on the island of Ponape, full of ruins from ancient civilizations, the novel chronicles the adventures of a party of explorers who discover a previously unknown underground world full of strange peoples and super-scientific wonders. From the depths of this world, the party unwittingly unleashes the Dweller, a monstrous terror that threatens the islands of the South Pacific.",Suspenseful
The Moon is Hell,"The Moon is Hell is this great writer-editor's vision of the first men on the moon - written 18 years before Neil Armstrong made history. This is the story of the American space programme - not as it happened, but as it might have been.",Optimistic
The Mysteries of Harris Burdick,"Fourteen black-and-white drawings, each accompanied by a title and a caption, entice readers to make up his or her own story. A fictional editor's note tells of an encounter with an author and illustrator named Harris Burdick, who provided the images and captions as samples, each from a different picture book he had written. He left with a promise to deliver the complete manuscripts if the editor chose to buy the books. Burdick was never seen again, and the samples are all that remain of his supposed books. Readers are challenged to imagine their own stories based on the images in the book.",Informative
The Practice Effect,"Physicist Dennis Nuel was the first human to probe the strange realms called anomaly worlds—alternate universes where the laws of science were unpredictably changed. But the world Dennis discovered seemed almost like our own—with one perplexing difference. To his astonishment, he was hailed as a wizard and found himself fighting beside a beautiful woman with strange powers against a mysterious warlord as he struggled to solve the riddle of this baffling world. ",Suspenseful
The Purpose of Fantasy,"Good fantasy literature is far more than a bunch of elves, dwarves, hobbits or other imaginary creatures running around fighting dragons, ogres, or orcs and having adventures. The Purpose of Fantasy looks at some of the core spiritual values of a dozen beloved fantasy books. With an introduction about fantasy literature in general, it holds up to the light a key purpose of fantasy: to ask spiritual or philosophical questions and explore creative approaches to matters of faith and belief, good and bad, right and wrong, and other deeply held, intangible values. With its succinct discussion of twelve great books, from classics like The Little Prince and The Wind in the Willows to more contemporary novels by modern masters of fantasy like Ursula K. Le Guin, Neil Gaiman, Peter S. Beagle, and Natalie Babbitt, this book offers good ideas for literary book clubs or for individual reading and insight. ",Humorous
The Riyria Revelations,"Royce Melborn, a skilled thief, and his mercenary partner, Hadrian Blackwater, make a profitable living carrying out dangerous assignments for conspiring nobles - until they become the unwitting scapegoats in a plot to murder the king. Sentenced to death, their only hope is to unravel an ancient mystery before it's too late. ",Suspenseful
The Science Fiction Handbook,"As we move through the 21st century, the importance of science fiction to the study of English Literature is becoming increasingly apparent. The Science Fiction Handbook provides a comprehensive guide to the genre and how to study it for students new to the field. In particular, it provides detailed entries on major writers in the SF field who might be encountered on university-level English Literature courses, ranging from H.G. Wells and Philip K. Dick, to Doris Lessing and Geoff Ryman. Other features include an historical timeline, sections on key writers, critics and critical terms, and case studies of both literary and critical works. In the later sections of the book, the changing nature of the science fiction canon and its growing role in relation to the wider categories of English Literature are discussed in depth introducing the reader to the latest critical thinking on the field.",Optimistic
Tracing the Autobiographical,"The essays in Tracing the Autobiographical work with the literatures of several nations to reveal the intersections of broad agendas (for example, national ones) with the personal, the private, and the individual. Attending to ethics, exile, tyranny, and hope, the contributors listen for echoes and murmurs as well as authoritative declarations. They also watch for the appearance of auto/biography in unexpected places, tracing patterns from materials that have been left behind. Many of the essays return to the question of text or traces of text, demonstrating that the language of autobiography, as well as the textualized identities of individual persons, can be traced in multiple media and sometimes unlikely documents, each of which requires close textual examination. These “unlikely documents” include a deportation list, an art exhibit, reality TV, Web sites and chat rooms, architectural spaces, and government memos, as well as the more familiar literary genres—a play, the long poem, or the short story. Interdisciplinary in scope and contemporary in outlook, Tracing the Autobiographical is a welcome addition to autobiography scholarship, focusing on non-traditional genres and on the importance of location and place in life writing. Read the chapter “Gender, Nation, and Self-Narration: Three Generations of Dayan Women in Palestine/Israel” by Bina Freiwald on the Concordia University Library Spectrum Research Repository website.",Informative
Ursula K. Le Guin: Conversations on Writing,"Ursula K. Le Guin discusses her fiction, nonfiction, and poetry both her process and her philosophy with all the wisdom, profundity, and rigor we expect from one of the great writers of the last century. When the New York Times referred to Ursula K. Le Guin as America’s greatest writer of science fiction, they just might have undersold her legacy. It’s hard to look at her vast body of work?novels and stories across multiple genres, poems, translations, essays, speeches, and criticism?and see anything but one of our greatest writers, period. In a series of interviews with David Naimon (Between the Covers), Le Guin discusses craft, aesthetics, and philosophy in her fiction, poetry, and nonfiction respectively. The discussions provide ample advice and guidance for writers of every level, but also give Le Guin a chance to to sound off on some of her favorite subjects: the genre wars, the patriarchy, the natural world, and what, in her opinion, makes for great writing. With excerpts from her own books and those that she looked to for inspiration, this volume is a treat for Le Guin’s longtime readers, a perfect introduction for those first approaching her writing, and a tribute to her incredible life and work.",Informative
What Do You Care What Other People Think: Further Adventures of a Curious Character,"One of the greatest physicists of the twentieth century, Richard Feynman possessed an unquenchable thirst for adventure and an unparalleled ability to tell the stories of his life. ""What Do You Care What Other People Think?"" is Feynman’s last literary legacy, prepared with his friend and fellow drummer, Ralph Leighton. Among its many tales—some funny, others intensely moving—we meet Feynman’s first wife, Arlene, who taught him of love’s irreducible mystery as she lay dying in a hospital bed while he worked nearby on the atomic bomb at Los Alamos. We are also given a fascinating narrative of the investigation of the space shuttle Challenger’s explosion in 1986, and we relive the moment when Feynman revealed the disaster’s cause by an elegant experiment: dropping a ring of rubber into a glass of cold water and pulling it out, misshapen.",Humorous
What I Know For Sure,"The inspirational wisdom Oprah Winfrey shares in her monthly O., The Oprah Magazine column updated, curated, and collected for the first time in a beautiful keepsake book. As a creative force, student of the human heart and soul, and champion of living the life you want, Oprah Winfrey stands alone. Over the years, she has made history with a legendary talk show - the highest-rated program of its kind, launched her own television network, become the nation's only African-American billionaire, and been awarded both an honorary degree by Harvard University and the Presidential Medal of Freedom. From all her experiences, she has gleaned life lessons—which, for fourteen years, she's shared in O, The Oprah Magazine's widely popular ""What I Know For Sure"" column, a monthly source of inspiration and revelation. Now, for the first time, these thoughtful gems have been revised, updated, and collected in What I Know For Sure, a beautiful cloth bound book with a ribbon marker, packed with insight and revelation from Oprah Winfrey. Organized by theme—joy, resilience, connection, gratitude, possibility, awe, clarity, and power—these essays offer a rare, powerful and intimate glimpse into the heart and mind of one of the world's most extraordinary women—while providing readers a guide to becoming their best selves. Candid, moving, exhilarating, uplifting, and frequently humorous, the words Oprah shares in What I Know For Sure shimmer with the sort of truth that readers will turn to again and again.",Humorous
What a Time to be Alone,"In What A Time To Be Alone,The Slumflower will be your life guru, confidante and best friend. She’ll show you that being alone is not just okay: it’s just about the best freaking thing that’s ever happened to you. As she says, ‘You’re bad as hell and you were made with intention.’ It’s about time you realised. Peppered with insightful Igbo proverbs from Chidera’s Nigerian mother and full of her own original artwork, What A Time To Be Alone will help you navigate the modern world. We can all decide our own fates and Chidera shows us how, using a three-part approach filled with sass, wisdom and charm. Learn how to celebrate YOU – decide your self-worth, take time to heal and empower yourself in this messy world. Don’t worry about THEM – avoid other people’s demons and realise that everyone is protecting themselves from something – no matter how aggressive their method. Feel the togetherness in US – sustain and grow healthy relationships and avoid toxicity in your friendships. Own your story. Create your own narrative. Read this book. ",Optimistic
When Panic Attacks,"The truth is that you can defeat your fears. We all know what it’s like to feel anxious, worried, or panicky. What you may not realize is that these fears are almost never based on reality. When you’re anxious, you’re actually fooling yourself, telling yourself things that simply aren’t true. See if you can recognize yourself in any of these distortions: All-or-Nothing Thinking: “My mind will go blank when I give my presentation at work, and everyone will think I’m an idiot.” Fortune Telling: “I just know I’ll freeze up and blow it when I take my test.” Mind Reading: “Everyone at this party can see how nervous I am.” Magnification: “Flying is so dangerous. I think this plane is going to crash!” Should Statements: “I shouldn’t be so anxious and insecure. Other people don’t feel this way.” Self-Blame: “What’s wrong with me? I’m such a loser!” Mental Filter: “Why can’t I get anything done? My life seems like one long procrastination.” Using techniques from cognitive behavioral therapy (CBT), which focuses on practical, solution-based methods for understanding and overcoming negative thoughts and emotions, When Panic Attacks gives you the ammunition to quickly defeat every conceivable kind of anxiety, such as chronic worrying, shyness, public speaking anxiety, test anxiety, and phobias, without lengthy therapy or prescription drugs. With forty fast-acting techniques that have been shown to be more effective than medications, When Panic Attacks is an indispensable handbook for anyone who’s worried sick and sick of worrying.",Humorous
A Planet for Rent,"In A Planet for Rent, Yoss critiques life under Castro in the ‘90s by drawing parallels with a possible Earth of the not-so-distant future. Wracked by economic and environmental problems, the desperate planet is rescued, for better or worse, by alien colonizers, who remake the planet as a tourist destination. Ruled over by a brutal interstellar bureaucracy, dispossessed humans seek better lives via the few routes available—working for the colonial police; eking out a living as black marketeers, drug dealers, or artists; prostituting themselves to exploitative extraterrestrial visitors—or they face the cold void of space in rickety illegal ships.",Pessimistic
"Against the Night, the Stars","Analyzes Clarke's stories and novels, discusses his major themes, and looks at how Clarke uses character, plot, and scientific concepts.",Informative
American Autobiography,This is the first comprehensive assessment of the major periods and varieties of American autobiography. The eleven original essays in this volume do not only survey what has been done; they also point toward what can and should be done in future studies of a literary genre that is now receiving major scholarly attention.,Informative
Ash,"For the beautiful young woman Ash, life has always been arquebuses and artillery, swords and armour and the true horrors of hand-to-hand combat. War is her job. She has fought her way to the command of a mercenary company, and on her unlikely shoulders lies the destiny of a Europe threatened by the depredations of an Infidel army more terrible than any nightmare. ",Suspenseful
Bodies that Matter,"The author of ""Gender Trouble"" further develops her distinctive theory of gender by examining the workings of power at the most material dimensions of sex and sexuality. Butler examines how the power of heterosexual hegemony forms the matter of bodies, sex, and gender.",Informative
Colossians,"Some people cant see the forest for the treesthey get so bogged down in details that they lose sight of what its all about. Others cant see the trees for the forestthey miss the wondrous details all around them. So why not look instead at both the forest and the trees? This commentary on Pauls letter to the Colossians guides you in doing just that. Even though we will be exploring ancient biblical cultures and learning plenty about the Greek language, no prior academic training is needed. Technical terms have been set aside. Instead, with everyday language we will discover the big picture and revel in the fine details of this stunning letter, amazed by how God is still speaking these same words today to contemporary personal and social challenges. We will not then be tourists rapidly zipping through Colossians as if on a monotonous interstate highway. Instead we will be hiking our way through this letter, step by step, phrase by phrase, finding joy in Gods truth and growing in our faith. Come and join the journey.",Informative
Darcy Sweet Mystery,"Introducing Darcy Sweet... She isn't what you would call a girly girl. She almost never wears makeup and loves nothing more than to wear a well-worn pair of jeans, a t-shirt and her most comfortable pair of sneakers. She would like to think she is just an ordinary woman, but she's not. She has a connection to the spirit world that seems to draw her into mysterious situations more often than not. Add to the mix the antics of a rather naughty, slightly psychic cat and the eccentric ghost of her great-aunt Millie, and you have a life that is anything but ordinary",Humorous
Dark Matter,"“Are you happy with your life?” Those are the last words Jason Dessen hears before the kidnapper knocks him unconscious. Before he awakens to find himself strapped to a gurney, surrounded by strangers in hazmat suits. Before a man he’s never met smiles down at him and says, “Welcome back, my friend.” In this world he’s woken up to, Jason’s life is not the one he knows. His wife is not his wife. His son was never born. And Jason is not an ordinary college professor but a celebrated genius who has achieved something remarkable. Something impossible. Is it this life or the other that’s the dream? And even if the home he remembers is real, how will Jason make it back to the family he loves? ",Suspenseful
Depth of Field,"Photographer Tom McCall’s only regret about accepting an assignment from the beautiful Anna Waverley to photograph her boat for a potential buyer is that he has double-booked himself and needs to hand the assignment over to his partner, Bobbi. Little does he know how much of a regret it will become. En route to the assignment, Bobbi is brutally beaten and left for dead. As his partner lies in a coma, Tom searches for an explanation for the attack. Learning that Anna Waverley doesn’t actually own the boat she was supposedly interest in selling, and in fact that the woman claiming to be Anna Waverley may have been an imposter, Tom believes he knows where to start his investigation.",Suspenseful
Four Aunties and a Wedding,"Meddy Chan has been to countless weddings, but she never imagined how her own would turn out. Now the day has arrived, and she can't wait to marry her college sweetheart, Nathan. Instead of having Ma and the aunts cater to her wedding, Meddy wants them to enjoy the day as guests. As a compromise, they find the perfect wedding vendors: a Chinese-Indonesian family-run company just like theirs. Meddy is hesitant at first, but she hits it off right away with the wedding photographer, Staphanie, who reminds Meddy of herself, down to the unfortunately misspelled name. Meddy realizes that is where their similarities end, however, when she overhears Staphanie talking about taking out a target. Horrified, Meddy can't believe Staphanie and her family aren't just like her own, they are The Family--actual mafia, and they're using Meddy's wedding as a chance to conduct shady business. Her aunties and mother won't let Meddy's wedding ceremony become a murder scene--over their dead bodies--and will do whatever it takes to save her special day, even if it means taking on the mafia.",Humorous
Girl in Landscape,"The heroine is 14-year-old Pella Marsh, whose mother dies just as her family flees a post-apocalyptic Brooklyn for the frontier of a recently discovered planet. Hating her ineffectual father, and troubled by a powerful attraction to the virile but dangerous loner who holds sway over the little colony, Pella embarks on a course of discovery that will have tragic and irrevocable consequences - both for the humans in her community, and also for the mysterious and passive indigenous inhabitants, The Archbuilders.",Pessimistic
Glow,"If a violent battle destroyed the only world you've ever known, would you be brave enough to save who was left? Would love be strong enough to survive the fight? Either way, there's no turning back. The Empyrean is the only home 15-year-old Waverly has ever known. Part of the first generation to be successfully conceived in deep space, she and her boyfriend Kieran will be pioneers of New Earth. Waverly knows she must marry young in order to have children who can carry on the mission, and Kieran, the handsome captain-to-be, has everything Waverly could want in a husband. Everyone is sure he's the best choice. Still, there's a part of Waverly that wants more from life than marriage, and she is secretly intrigued by the shy, darkly brilliant Seth. Suddenly, Waverly's dreams are interrupted by the inconceivable – a violent betrayal by the Empyrean's sister ship, the New Horizon. The New Horizon's leaders are desperate to populate the new planet first, and will do anything to get what they need: young girls. In one pivotal moment, Waverly and Kieran are separated, and find themselves at the helm of dangerous missions, where every move has potentially devastating consequences, and decisions of the heart may lead to disaster. ",Suspenseful
Goodnight Dune,"In a great green room, tucked away in bed, a young bunny gazes upon the two remaining moons of Arrakis.",Poetic
Guiding Autobiography Groups for Older Adults,"""Guided autobiography,"" write the authors, ""is ideally suited to foster in the older adult a belief that his or her life is meaningful and something of which to be proud."" This book helps professionals—at senior centers, community centers, and other service facilities—guide older adults and others in preparing their autobiographies.Many older adults, the authors explain, have limited social networks. Widowhood, retirement, and other ""involuntary transitions"" create a loss of roles, which can damage the older adult's sense of identity and self-worth. Guided autobiography can be used very effectively with such persons—to promote their general well- being, develop friendships, and create increased feelings of self-sufficiency.The book's chapters treat such topics as eliciting themes from people's lives, promoting creative thinking, facilitating group interaction, and mastering obstacles in the group process. Based on the authors' fourteen years of experience leading groups in guided autobiography, this book will be of special interest to gerontologists, psychologists, social workers, and other professionals who conduct activity programs for older people.",Informative
Handbook of Medieval Studies,"This interdisciplinary handbook provides extensive information about research in medieval studies and its most important results over the last decades. The handbook is a reference work which enables the readers to quickly and purposely gain insight into the important research discussions and to inform themselves about the current status of research in the field. The handbook consists of four parts. The first, large section offers articles on all of the main disciplines and discussions of the field. The second section presents articles on the key concepts of modern medieval studies and the debates therein. The third section is a lexicon of the most important text genres of the Middle Ages. The fourth section provides an international bio-bibliographical lexicon of the most prominent medievalists in all disciplines. A comprehensive bibliography rounds off the compendium. The result is a reference work which exhaustively documents the current status of research in medieval studies and brings the disciplines and experts of the field together.",Informative
Hardy Boys 19: The Disappearing Floor,"Once again Frank and Joe Hardy take on a puzzling case when their famous detective father asks the boys to assist him in tracking down a notorious jewel thief and his accomplices. The trail leads to the outskirts of the Hardys’ home town and to a weirdly guarded mansion on the old Perth estate. With their pal Chet Morton, the brothers must tackle the mystery of the mansion heir’s sudden death. A disappearing floor, a huge, savage-looking, hound, a galloping ghost, and a college professor’s startling invention are just a few of the strange elements that complicate the boys’ efforts to solve both mysteries.",Suspenseful
Home Game,"He's a professional hockey player trying to survive on his new team. I'm just trying to survive. I'm down to my last dollar.I live day-to-day in a world that doesn't care. Despite my bad luck, I'm a fighter. I never give up. I never stop trying. Ryan Parker's wealth and generosity, sets him apart from anyone I know.Yet, I don't trust him. It's nothing personal. I trust no one.But when my bad luck takes a turn for the worse, one person shows up.Ryan Parker. I do not understand why he bothered because the guy has enough of his own issues to deal with.But I don't have a choice.I need him. It's a matter of survival.His friendship changed everything. It changed me. I started to believe in myself.I allowed myself to trust. And for the first time, in a long time, I felt my heart beat again. In the game of love, winning is harder than it looks.I don't know the rules.I don't know how to win.But I'll play my heart out until the whistle blows.",Inspirational
How to Stay Sane,"There is no simple set of instructions that can guarantee sanity, but if you want to overcome emotional difficulties and become happier, psychotherapist Philippa Perry, author of The Book You Wish Your Parents Had Read, argues that there are four cornerstones to sanity you can influence to bring about change. By developing your self-observation skills, examining how you relate to others, breaking out of your comfort zone and exploring new ways of defining yourself, Philippa demonstrates that it is possible to become a little less tortured and a little more fulfilled. How to Stay Sane is at once a brilliant explanation of our minds and a profoundly useful guide to facing up to the many challenges life throws our way. The School of Life looks at new ways of thinking about life’s biggest questions. Discover more fascinating books from the series with How to Be Alone and How to Think More About Sex.",Informative
If You're Out There,"After Zan’s best friend moves to California, she is baffled and crushed when Priya suddenly ghosts. Worse, Priya’s social media has turned into a stream of ungrammatical posts chronicling a sunny, vapid new life that doesn’t sound like her at all. Everyone tells Zan not to be an idiot: Let Priya do her reinvention thing and move on. But until Zan hears Priya say it, she won’t be able to admit that their friendship is finished. It’s only when she meets Logan, the compelling new guy in Spanish class, that Zan begins to open up about her sadness, her insecurity, her sense of total betrayal. And he’s just as willing as she is to throw himself into the investigation when everyone else thinks her suspicions are crazy. Then a clue hidden in Priya’s latest selfie introduces a new, deeply disturbing possibility: Maybe Priya isn’t just not answering Zan’s emails. Maybe she can’t.",Suspenseful
Invictus,"Farway Gaius McCarthy was born outside of time. The son of a time traveler from 2354 AD and a gladiator living in ancient Rome, Far's very existence defies the laws of nature. All he's ever wanted was to explore history for himself, but after failing his entrance exam into the government program, Far will have to settle for a position on the black market-captaining a time-traveling crew to steal valuables from the past. During a routine heist on the sinking Titanic, Far meets a mysterious girl named Eliot who always seems to be one step ahead of him. Eliot has secrets-big ones-that will affect Far's life from beginning to end. Armed with the knowledge that history is not as steady as it seems, she will lead Far and his team on a race through time to set things right before the clock runs out.",Suspenseful
LOVE The Beat Goes On,"Lynda shares her personal story in the typical fast-paced, edgy, in-your-face style she's known for in her writing. She will walk you through her journey to self-love sharing her belief in journals, love, prayer, soul, spirituality and positive mindset.She's hard-hitting but compassionate. She writes about romantic experiences that may shock you but makes no apologies for her unconventional lifestyle. Nor does she hold back taking responsibility for the things that she believes created her dis-ease.You will definitely question a woman who walks around in denial; then makes a decision to drive, all alone, from Puerto Vallarta, Mexico to Whistler, Canada with undiagnosed Idiopathic Dilated Cardiomyopathy. Men and women are often self-care-challenged and Lynda was no the exception.If you are fighting any kind of illness or dis-ease, you are not alone! Lynda has walked her talk, and after an experience in the summer of 2015 relating to Dr. Wayne Dyer, she is now ready to release her storyLynda knows how it feels to be told you're not healing or your condition is incurable. At no point will she undermine anything your physicians tell you to do. She is not a medical doctor. She will explain the powerful, yet simple concepts, beliefs, balance and faith that she believes led to her healing. Most of all, she will show you how she used these simple principles to design and live, the fully healed life she now enjoys in 2017.You will shake your head in wonder, laugh, and maybe cry too. If you want less pain, worry, and stress about dis-ease and life in general, you will want to read this simple yet powerful story.",Informative
Little Lady with a Big Drum,"This, the official autobiography of Elayne Jones, is the story of one woman's remarkable life and career in her own words; a journey from meager beginnings as a self-described ""skinny little girl from Harlem,"" to the highest echelons of classical music. With a musical talent and personal drive that enabled her to transcend racial and gender barriers, Jones became the first African American woman in the New York Philharmonic Symphony Orchestra. A world renown tympanist, Elayne Jones is a graduate of the Arts and Music High School in New York. She then attended Julliard, being among the first winners of the Ellington Julliard Scholarship. Jones' professional career began in 1949 with the New York City Opera. Over the course of five decades, Elayne Jones played with the American Ballet Theatre, Arthur Fiedler and the World Symphony Orchestra, Leopold Stokowski and the American Symphony Orchestra, Seiji Ozawa and the San Francisco Symphony, and the San Francisco Opera. In 1965 she won the LaGuardia Memorial Award in recognition of her outstanding achievements in music. She has presented over 375 solo lecture demonstrations nationally and internationally of percussion instruments in schools and colleges, and in 1975, National Educational Television produced and aired a TV special on PBS featuring Jones entitled, ""A Day in the Life of a Musician."" Countless performances by Jones include television, recordings, musicals, and ballets. Elayne Jones is universally recognized as one the most prominent African Americans of the 20th Century. Alongside music, Jones was also an accomplished amateur tennis player for some 43 years, until an injury forced her to give up the game. Some of the high points in playing included tennis matches with tenor Luciano Pavarotti and conductor Seiji Ozawa. Jones retired from her career in music in 1998. A mother of three, she currently resides in the San Francisco East Bay Area, in Walnut Creek, California.",Informative
Lud-in-the-Mist,"Lud-in-the-Mist, the capital city of the small country Dorimare, is a port at the conﬂuence of two rivers, the Dapple and the Dawl. The Dapple has its origin beyond the Debatable Hills to the west of Lud-in-the-Mist, in Fairyland. In the days of Duke Aubrey, some centuries earlier, fairy things had been looked upon with reverence, and fairy fruit was brought down the Dapple and enjoyed by the people of Dorimare. But after Duke Aubrey had been expelled from Dorimare by the burghers, the eating of fairy fruit came to be regarded as a crime, and anything related to Fairyland was unspeakable. Now, when his son Ranulph is believed to have eaten fairy fruit, Nathaniel Chanticleer, the mayor of Lud-in-the-Mist, finds himself looking into old mysteries in order to save his son and the people of his city.",Poetic
Master Lists for Writers,"Write faster...write more! Master Lists for Writers makes ""show, don't tell"" a lot easier and helps you figure out your story more quickly. In this book, you'll find: - lists of phrases for describing facial expressions, body language, gestures, physical appearance, and emotions- 175 master plot ideas, including romance, high-stakes, family, and workplace stories- lists of words for writing action scenes and love scenes - inspiration for figuring out character traits and quirks, backstories, occupations, motivations, and goals- lists for describing settings and writing dialogue- lists of good character names for contemporary stories...plus medieval England, Regency England, Wild West, and WWII settings- and more! Whether you're writing novels or short fiction, screenwriting, or any other kind of storytelling, Master Lists for Writers is a rich source of inspiration you'll turn to again and again.This book contains adult language.",Informative
Meet Me in Paradise,"Marin Cole has never: Seen the ocean Climbed a mountain Taken a risk on love ....But if her sister's plan works, she just might do all three. Ever since her journalist mother died on assignment, Marin has played it safe, refusing to set foot outside the state of Tennessee. Her wild-child younger sister, Sadie, has trotted the globe as a photographer, living off of art and adrenaline. When Sadie returns from a tough assignment abroad and looks a little worse for wear, Marin reluctantly agrees to a sisters' spa weekend on the tropical island of Saba. But her lifelong fear of travel is affirmed when Sadie misses the flight, Marin's luggage gets mixed up with another passenger's, and an episode of turbulence sends her hurtling into the lap of Lucas Tsai, the handsome stranger who stole her sister's seat. For the first time in a long time, Marin has to step outside of her comfort zone as she explores the island with Lucas and learns what she's been missing out on. With each breathtaking new experience, Marin gets closer to her real self, the man she’s falling for, and the heart-wrenching truth about why she’s there in the first place.",Optimistic
One Direction: Who We Are: Our Official Autobiography,"For the first time EVER, global superstars One Direction are releasing their 100% official autobiography, offering a new, intimate insight into their lives as never before seen or heard!",Informative
Part of Your World,"After a wild bet, gourmet grilled-cheese sandwich, and cuddle with a baby goat, Alexis Montgomery has had her world turned upside down. The cause: Daniel Grant, a ridiculously hot carpenter who’s ten years younger than her and as casual as they come—the complete opposite of sophisticated city-girl Alexis. And yet their chemistry is undeniable. While her ultra-wealthy parents want her to carry on the family legacy of world-renowned surgeons, Alexis doesn’t need glory or fame. She’s fine with being a “mere” ER doctor. And every minute she spends with Daniel and the tight-knit town where he lives, she’s discovering just what’s really important. Yet letting their relationship become anything more than a short-term fling would mean turning her back on her family and giving up the opportunity to help thousands of people. Bringing Daniel into her world is impossible, and yet she can’t just give up the joy she’s found with him either. With so many differences between them, how can Alexis possibly choose between her world and his? ",Optimistic
Red Velvet Cupcake Murder,"This summer has been warmer than usual in Lake Eden, Minnesota, and Hannah Swensen is trying to beat the heat both in and out of her bakery kitchen. But she’s about to find out the hard way that nothing cools off a hot day like a cold-blooded murder. At the grand opening of a local hotel, a police department employee nearly dies falling from a penthouse—and then another woman, with whom Hannah has a less-than-friendly relationship, winds up dead. Hannah is the prime suspect—and to clear her own name, she’s got to find out who iced the victim.",Suspenseful
Robert Ward's The Crucible,"In Robert Ward's The Crucible: Creating an American Musical Nationalism, Robert Paul Kolt explores the life of the American composer Robert Ward through an examination of his most popular and enduring work, The Crucible. Focusing on the musical-linguistic relationships within the opera, Kolt demonstrates Ward's unique synthesis of text and music, one that lends itself to the perception of American musical nationalism. This book contains the most thorough and in-depth biography of Ward yet in print. Based on interviews with the composer, Kolt presents new information about Ward's life and career, focusing on his opera and examining the formation and construction of The Crucible's libretto and score, in turn offering new insights into the process of composing an opera. Kolt observes how the libretto's linguistic aspects helped Ward formulate the opera's melodic and rhythmic musical material. A detailed and unique analysis of the opera, particularly the musical and linguistic techniques Ward employed, demonstrates how these techniques lend themselves to the opera's reception as a work of American musical nationalism. The book also provides yet unpublished information on Arthur Miller's play, examining how it came to be written and soon after became the basis for Ward's work. Several appendixes provide a fuller picture, including a deleted scene from Miller's play and Ward's version of the scene, a chronological overview of the Salem Witchcraft Trials, and illustrations and photo reproductions from Ward's manuscript.",Informative
Spark Romance,"Romance in a box: the gift of simple, meaningful strategies to kindle a spark and break up the routine in a pick-me-up package. Filled with conversation starters, fun date ideas, and ways to express love that will deepen a connection and spark intimacy. Sweet and not overtly sexy, these prompts will shake up the routine for couples at any stage in their relationship. Includes 50 faux matchsticks with printed prompts. ",Informative
Start Where You Are,"The perennially helpful guide to transforming our pains and difficulties into opportunities for genuine joy and personal growth, from the beloved Buddhist nun and author of When Things Fall Apart We all want to be fearless, joyful, and fully alive. And we all know that it’s not so easy. We’re bombarded every day with false promises of ways to make our lives better—buy this, go here, eat this, don’t do that; the list goes on and on. But Pema Chödrön shows that, until we get to the heart of who we are and really make friends with ourselves, everything we do will always be superficial. In this perennial self-help bestseller, Pema offers down-to-earth guidance on how we can go beyond the fleeting attempts to “fix” our pain and, instead, to take our lives as they are as the only path to achieve what we all yearn for most deeply—to embrace rather than deny the difficulties of our lives. These teachings, framed around fifty-nine traditional Tibetan Buddhist maxims, point us directly to our own hearts and minds, such as “Always meditate on whatever provokes resentment,” “Be grateful to everyone,” and “Don’t expect applause.” By working with these slogans as everyday meditations, Start Where You Are shows how we can all develop the courage to work with our own inner pain and discover true joy, holistic well-being, and unshakeable confidence.",Informative
Stop Getting Dumped!,"Dating expert Lisa Daily confides the secrets of the Dream Girls - including how to spot bad boys and jerks before they break your heart, the five common mistakes women make that push men away, and the BIG ONE, how to be a woman men just can't live without. This laugh-out-loud guide teaches you:
- How you may be sabotaging your current relationship right now!
- The secret to getting a man to call you.
- How to make a man think about you all the time.
AND
- The real reasons men fall in love and propose, and how to make them work for you.",Informative
Stories about Stories,"The first comprehensive study of fantasy's uses of myth, this book offers insights into the genre's popularity and cultural importance. Combining history, folklore, and narrative theory, Attebery's study explores familiar and forgotten fantasies and shows how the genre is also an arena for negotiating new relationships with traditional tales.",Informative
Telling Lies in Modern American Autobiography,"This collection of twelve essays discusses the principles and practices of women's autobiographical writing in America, England, and France from the eighteenth to the twentieth centuries.",Informative
The Big Leap,"Hansen, co-author of Cracking the Millionaire Code In The Big Leap, Gay Hendricks, the New York Times bestselling author of Five Wishes, demonstrates how to eliminate the barriers to success by overcoming false fears and beliefs. Fans of Wayne Dyer, Eckhart Tolle, Marianne Williamson, and The Secret will find useful, effective tips for breaking down the walls to a better life in The Big Leap.",Informative
The Black Coast,"War Dragons. Fearsome Raiders. A Daemonic Warlord on the Rise. When the citizens of Black Keep see ships on the horizon, terror takes them because they know who is coming: for generations, the keep has been raided by the fearsome clanspeople of Tjakorsha. Saddling their war dragons, Black Keep's warriors rush to defend their home only to discover that the clanspeople have not come to pillage at all. Driven from their own land by a daemonic despot who prophesises the end of the world, the raiders come in search of a new home . . . Meanwhile the wider continent of Narida is lurching toward war. Black Keep is about to be caught in the crossfire – if only its new mismatched society can survive. The start of an unmissable fantasy series.",Suspenseful
The Cambridge Companion to Autobiography,"A historical overview of autobiography from the works of Augustine, Montaigne, and Rousseau to the Romantic, Victorian, and modern eras.",Informative
The Cambridge History of English Poetry,A literary-historical account of English poetry from Anglo-Saxon writings to the present.,Informative
The Case of the Ad That Subtracts and Other True Math Mysteries for You to Solve,"They’re multiplied and divided. They’re spectacular and average. What are they? Math mysteries, of course! Get ready to crack the cases and the real math info wide open. You might need your abacus for this one.",Informative
The Devouring Gray,"Can a group of teenagers hold back the otherworldly horror that stalks the woods? On the edge of town a beast haunts the woods, trapped in the Gray, its bonds loosening... Uprooted from the city, Violet Saunders doesn't have much hope of fitting in at her new school in Four Paths, a town almost buried in the woodlands of rural New York. The fact that she's descended from one of the town's founders doesn't help much, either—her new neighbours treat her with distant respect, and something very like fear. When she meets Justin, May, Isaac, and Harper, all children of founder families, and sees the otherworldly destruction they can wreak, she starts to wonder if the townsfolk are right to be afraid. When bodies start to appear in the woods, the locals become downright hostile. Can the teenagers solve the mystery of Four Paths, and their own part in it, before another calamity strikes?",Suspenseful
The Edge of Dreams,"Molly Murphy Sullivan's husband Daniel, a captain in the New York City police force, is stumped. He's chasing a murderer whose victims have nothing in common—nothing except for the taunting notes that are delivered to Daniel after each murder. And when Daniel receives a note immediately after Molly and her young son Liam are in a terrible train crash, Daniel and Molly both begin to fear that maybe Molly herself was the target. Molly's detective instincts are humming, but finding the time to dig deeper into this case is a challenge. She's healing from injuries sustained in the crash and also sidetracked by her friends Sid and Gus's most recent hobby, dream analysis. And when Molly herself starts suffering from strange dreams, she wonders if they just might hold the key to solving Daniel's murder case.",Suspenseful
The Fantasy Fiction Formula,"There's more to writing a successful fantasy story than building a unique world or inventing a new type of magic. From the writing of strong, action-packed scenes to the creation of dynamic, multi-dimensional characters, fantasy author Deborah Chester guides novices and intermediate writers through a step-by-step process of story construction. Whether offering tips on how to test a plot premise or survive what she calls the dark dismal middle, Chester shares the techniques she uses in writing her own novels. Examples drawn from both traditional and urban fantasy illustrate her nuts-and-bolts approach to elemental story design. With a foreword by New York Times best-selling author Jim Butcher, who studied writing in Chester's classes at the University of Oklahoma, The fantasy fiction formula delivers a practical, proven approach to writing fantasy like a pro.",Informative
The Glass Castle,"The Glass Castle is a remarkable memoir of resilience and redemption, and a revelatory look into a family at once deeply dysfunctional and uniquely vibrant. When sober, Jeannette’s brilliant and charismatic father captured his children’s imagination, teaching them physics, geology, and how to embrace life fearlessly. But when he drank, he was dishonest and destructive. Her mother was a free spirit who abhorred the idea of domesticity and didn’t want the responsibility of raising a family. The Walls children learned to take care of themselves. They fed, clothed, and protected one another, and eventually found their way to New York. Their parents followed them, choosing to be homeless even as their children prospered.The Glass Castle is truly astonishing—a memoir permeated by the intense love of a peculiar but loyal family.",Inspirational
The Gunslinger,"He is a haunting figure, a loner on a spellbinding journey into good and evil. In his desolate world, which frighteningly mirrors our own, Roland pursues The Man in Black, encounters an alluring woman named Alice, and begins a friendship with the Kid from Earth called Jake. Both grippingly realistic and eerily dreamlike, The Gunslinger leaves readers eagerly awaiting the next chapter.",Suspenseful
The Happiness Mindset,"There are some things in life nobody ever tells you. Things that you somehow just figure out on your own as you grow up, through life experience or observations of how other people handle things, or otherwise through seeking professional help. For example, dealing with a relationship breakup; facing rejection at school or at job interviews; being betrayed by a friend or a lover; suffering a financial loss; or falling seriously ill. These are universal experiences that everyone goes through. No one is immune to them. Do you sometimes wish someone had told you how to prevent these negative events, or at least shown you how to recover quickly from setbacks, losses or pain so you could quickly bounce back, focus on the things you love and live a happier, more successful life? This book includes 12 life strategies designed to guarantee a happier and more rewarding life and teach you how to create a ""winning"" mind set so that no matter what life throws at you, you can experience happiness and success and go from strength to strength.",Informative
The Hidden Mysteries,"The creation of the world which consist of humans, the universe which comprises of all the existing matter and space as a whole is still a mystery which mankind has not been able to give a concrete answer to. Simply put a mystery is best described as something that is difficult or impossible to understand or explain. It can also be looked at as something beyond the comprehension of man. The Bible tells us that the mystery of God is Jesus Christ now revealed in us: Colossians 2:-3 KJV: “ In whom are hid all the treasures of wisdom and knowledge. From the perspective of the Bible a mystery is something that was hidden at one time but has been made known to the children of God. Unravelling the mystery of God is something that is beyond the comprehension of man. It is mind blowing and explosive for man to want to unravel it by their own human understanding, knowledge, or intelligence. This can only be achieved through the help of the Holy Spirit. That is why when Jesus was talking to his disciples about his impending crucifixion and resurrection in John 16 verse 13 & 14 “Howbeit when he, the Spirit of truth, is come, he will guide you into all truth: for he shall not speak of himself; but whatsoever he shall hear, that shall he speak: and he will shew you things to come. He shall glorify me: for he shall receive of mine and shall shew it unto you. So this book The Hidden Mystery focus on what aspect of God’s word could be termed as mysteries:- The mystery of conception and birth both physical and spiritual: The mystery of Faith: The mystery of marriage: The mystery of the Word: The mystery of Prayer: the Mystery of Life; The mystery of the cross etc. When it comes to the mysteries of God and the truth surrounding the creation of mankind, there is a constant battle going on in man’s mind. The raging battle is centered around “belief and unbelief” Such battles can only be won by submitting totally to the will of God.",Informative
"The Money Book for the Young, Fabulous & Broke","The Money Book for the Young, Fabulous & Broke is financial expert Suze Orman's answer to a generation's cry for help. They're called ""Generation Debt"" and ""Generation Broke"" by the media — people in their twenties and thirties who graduate college with a mountain of student loan debt and are stuck with one of the weakest job markets in recent history. The goals of their parents' generation — buy a house, support a family, send kids to college, retire in style — seem absurdly, depressingly out of reach. They live off their credit cards, may or may not have health insurance, and come up so far short at the end of the month that the idea of saving money is a joke. This generation has it tough, without a doubt, but they're also painfully aware of the urgent need to take matters into their own hands. The Money Book was written to address the specific financial reality that faces young people today and offers a set of real, not impossible solutions to the problems at hand and the problems ahead. Concisely, pragmatically, and without a whiff of condescension, Suze Orman tells her young, fabulous & broke readers precisely what actions to take and why. Throughout these pages, there are icons that direct readers to a special YF&B domain on Suze's website that offers more specialized information, forms, and interactive tools that further customize the information in the book. Her advice at times bucks conventional wisdom (did she just say use your credit card?) and may even seem counter-intuitive (pay into a retirement fund even though your credit card debt is killing you?), but it's her honesty, understanding, and uncanny ability to anticipate the needs of her readers that has made her the most trusted financial expert of her day. Over the course of ten chapters that can be consulted methodically, step-by-step or on a strictly need-to-know basis, Suze takes the reader past broke to a secure place where they'll never have to worry about revisiting broke again. And she begins the journey with a bit of overwhelmingly good news (yes, there really is good news): Young people have the greatest asset of all on their side — time.",Informative
The Moon Pool,"Set on the island of Ponape, full of ruins from ancient civilizations, the novel chronicles the adventures of a party of explorers who discover a previously unknown underground world full of strange peoples and super-scientific wonders. From the depths of this world, the party unwittingly unleashes the Dweller, a monstrous terror that threatens the islands of the South Pacific.",Suspenseful
The Mysterious Story of God,"After visiting more than 500 important religious sites, studying more than 1,000 religious, anthropological, and archaeological texts, and years of careful and intense meditation, author Dinesh Sastry has reached some important revelations he considers to be absolute truths. In The Mysterious Story of God, he reveals secrets of God and breaks the code embedded in the Bible, the Bhagavat Gita, Hindu Puranas, and other religious, political, and pop culture texts and occurrences. Through the years, he’s been in touch with top world leaders and corporate titans and is privy to exhilarating truths and revelations, which he shares. He divulges who the covert agencies of the United States and other countries have concluded is the final avatar of God on Earth. Sastry reminds all that the mystery of God is like a complex puzzle, using codes only one person in the history of time and humanity, with the key to the scroll, can solve completely.",Informative
The Plus One,"A brilliant but socially inept robotics engineer builds her own wedding date--and learns more about love than she ever expected--in this hilarious and heartwarming debut novel. ""Prepare to fall in love!"" --Aimee Agresti, author of Campaign Widows When she couldn't find Mr. Right, she built him. Dating is hard. Being dateless at your perfect sister's wedding is harder. Meet Kelly. Twenty-nine, go-getter, a brilliant robotics engineer, and perpetually single. So when her younger sister's wedding looms and her attempts to find a date become increasingly cringeworthy, Kelly does the only logical thing: she builds her own boyfriend. Ethan is perfect: gorgeous, attentive, and smart--all topped off by a mechanical heart endlessly devoted to her. Not to mention he's good with her mother. When she's with him, Kelly discovers a more confident, spontaneous version of herself--the person she'd always dreamed she could be. But as the struggle to keep Ethan's identity secret threatens to detonate her career, Kelly knows she has to kiss her perfect man good-bye. There's just one problem: she's falling for him.",Humorous
The Seven Dials Mystery,"During a weekend party at The Chimneys, a historic English country house, a group of friends decide to play a prank on a friend infamous for oversleeping. Only the eight alarm clocks they set up in his room don’t wake him up and, in the morning, they discover Gerald isn’t just dead asleep. He’s dead. Was it an overdose of the sleeping draught beside his bed? Or is there a murderer afoot? Led by Lady Eileen Brent, the houseguests investigate. But their efforts have them stumbling on a spy plot. What sort of killer are they after? And will they find him before he strikes again?",Suspenseful
The Silent Patient,"Alicia Berenson’s life is seemingly perfect. A famous painter married to an in-demand fashion photographer, she lives in a grand house with big windows overlooking a park in one of London’s most desirable areas. One evening her husband Gabriel returns home late from a fashion shoot, and Alicia shoots him five times in the face, and then never speaks another word. Alicia’s refusal to talk, or give any kind of explanation, turns a domestic tragedy into something far grander, a mystery that captures the public imagination and casts Alicia into notoriety. The price of her art skyrockets, and she, the silent patient, is hidden away from the tabloids and spotlight at the Grove, a secure forensic unit in North London. Theo Faber is a criminal psychotherapist who has waited a long time for the opportunity to work with Alicia. His determination to get her to talk and unravel the mystery of why she shot her husband takes him down a twisting path into his own motivations—a search for the truth that threatens to consume him....",Suspenseful
The Spiritual Origins of Eastern Europe and the Future Mysteries of the Holy Grail,"Although Eastern Europe has been part of Christian humanity for more than a thousand years, its task and spiritual identity remain a mystery, the answer to which cannot be found unless we look behind outer historical events to the spiritual, meta-historical dimensions of history. This momentous work, breathtaking in its scope and detail, represents just such a penetrating, esoteric study of Eastern Europe in the light of Rudolf Steiner's spiritual research. Prokofieff shows how, from the earliest times, the future ""conscience of humanity"" flowed from hidden mystery centers in Hibernia to the eastern Slavic peoples. As a result, qualities of ""compassion, patience, and willingness for sacrifice"" developed in their souls, creating a truly Christian ""Grail mood."" Despite incalculable suffering--from the persecutions by the Mogul hordes of the thirteenth century to the Bolshevik experiment of the twentieth century--this quality has become an unconquerable force in the depths of their being. In illuminating the maya of outer history, Prokofieff reveals the forces that have been at work to hinder the progress and future intentions of humankind. Those adversarial forces have created a ""karma of materialism"" that the eastern Slavic peoples have taken upon themselves out of their exalted willingness for sacrifice. Will we be able to use the present opportunity granted by this sacrifice to fulfill the primary purposes of the present cultural epoch? Serious study of this book--intended for students of spiritual science--can lead to a profound awakening to the challenges that face humankind today.",Informative
Therapeutic Dimensions of Autobiography in Creative Writing,"Dimensions of Autobiography in Creative Writing brings together theory and practice from psychoanalysis, literary and cultural studies and the growing field of creative writing studies. It highlights the importance of autobiographical writing not only as an opening into fiction writing, but also as a powerful therapeutic tool. Celia Hunt discusses how autobiographical fiction can be used in therapeutic work by art therapists, psychotherapists and creative writing tutors, as well as in personal development by writers of any kind. She draws up guidelines for a successful course on autobiography and creative writing, and presents case studies and practical ideas for writing about the self. She shows how writing autobiographical fiction can help people to explore significant events and relationships in their lives. Finding a writing voice in this way clarifies and strengthens the writer's sense of identity, leading to a fuller realisation of his or her potential in life.",Informative
Third Language Acquisition and Universal Grammar,"This volume presents studies which approach the relatively new field of third language (L3) acquisition from the generative linguistic perspective. It aims to bring together researchers who are interested in L3 acquisition and who are at the same time working within the generative framework i.e. Chomsky's Universal Grammar (UG) approach to language acquisition. A total of nine contributions are included, reporting research on L3 involving different combinations of source/target languages and investigating various UG-related properties.",Informative
This Is How,"If you're fat and fail every diet, if you're thin but can't get thin enough, if you lose your job, if your child dies, if you are diagnosed with cancer, if you always end up with exactly the wrong kind of person, if you always end up alone, if you can't get over the past, if your parents are insane and ruining your life, if you really and truly wish you were dead, if you feel like it's your destiny to be a star, if you believe life has a grudge against you, if you don't want to have sex with your spouse and don't know why, if you feel so ashamed, if you're lost in life. If you have ever wondered, How am I aupposed to survive this? This is How.",Informative
This Is How You Lose the Time War,"Among the ashes of a dying world, an agent of the Commandment finds a letter. It reads: Burn before reading. Thus begins an unlikely correspondence between two rival agents hellbent on securing the best possible future for their warring factions. Now, what began as a taunt, a battlefield boast, becomes something more. Something epic. Something romantic. Something that could change the past and the future. Except the discovery of their bond would mean the death of each of them. There’s still a war going on, after all. And someone has to win. That’s how war works, right? ",Poetic
Twenty Thousand Leagues Under the Sea,"When an unidentified “monster” threatens international shipping, French oceanographer Pierre Aronnax and his unflappable assistant Conseil join an expedition organized by the US Navy to hunt down and destroy the menace. After months of fruitless searching, they finally grapple with their quarry, but Aronnax, Conseil, and the brash Canadian harpooner Ned Land are thrown overboard in the attack, only to find that the “monster” is actually a futuristic submarine, the Nautilus, commanded by a shadowy, mystical, preternaturally imposing man who calls himself Captain Nemo. Thus begins a journey of 20,000 leagues—nearly 50,000 miles—that will take Captain Nemo, his crew, and these three adventurers on a journey of discovery through undersea forests, coral graveyards, miles-deep trenches, and even the sunken ruins of Atlantis.",Suspenseful
Undisruptable,"Ian Whitworth built national companies from nothing. Coronavirus hammered some of them flat. Yet he’s fine with that. Because when the chaos is swirling and shit is getting real, there’s opportunity. Now is the time to put yourself in control – where no boss or virus can take you down. So many talented people want to give it a shot, yet they’re held back by the big business myths. But success is simpler than your crusty CEO wants you to think. Ian built his businesses on simple rules, Year 6 maths, basic decency and no jargon. It generated profits that made the bank people say: ‘We’ve never seen anything like this before.’ Ian’s advice is so readable that many of his readers have no interest in commerce, they just like his dry humour and guidance on living a better life. He takes you step-by-step through the whole entrepreneur experience, from the day you open the doors through to when you pay others to run the place for you. There are 60 short and often surprising chapters in the trademark style of his popular 'Motivation for Sceptics' blog, from ‘Your Success Goals Are Built on Lies’ to ‘Business Whack-A-Mole Skills’ and ‘Remote Work Sucks Unless You're Old’. Whether you’re running your own business, leading someone else’s or freelancing, Undisruptable is the only handbook you need. And one you’ll actually enjoy reading to the end.",Informative
Waking Gods,"As a child, Rose Franklin made an astonishing discovery: a giant metallic hand, buried deep within the earth. As an adult, she’s dedicated her brilliant scientific career to solving the mystery that began that fateful day: Why was a titanic robot of unknown origin buried in pieces around the world? Years of investigation have produced intriguing answers—and even more perplexing questions. But the truth is closer than ever before when a second robot, more massive than the first, materializes and lashes out with deadly force. Now humankind faces a nightmare invasion scenario made real, as more colossal machines touch down across the globe. But Rose and her team at the Earth Defense Corps refuse to surrender. They can turn the tide if they can unlock the last secrets of an advanced alien technology. The greatest weapon humanity wields is knowledge in a do-or-die battle to inherit the Earth . . . and maybe even the stars. ",Suspenseful
Waylon: An Autobiography,"Waylon Jennings relates the story of his life as a country music star. His beginnings were poor but he became Buddy Holly's protege before sinking into drug abuse and 3 failed marriages. His success came when he met his present wife, Jessi Colter.",Informative
What the Devil Knows,"Sebastian St. Cyr thought a notorious killer had been brought to justice until a shocking series of gruesome new murders stuns the city in this thrilling historical mystery from the USA Today bestselling author of Who Speaks for the Damned. It's October 1814. The war with France is finally over and Europe's diplomats are convening in Vienna for a conference that will put their world back together. With peace finally at hand, London suddenly finds itself in the grip of a series of heinous murders eerily similar to the Ratcliffe Highway murders of three years before. In 1811, two entire families were viciously murdered in their homes. A suspect--a young seaman named John Williams--was arrested. But before he could be brought to trial, Williams hanged himself in his cell. The murders ceased, and London slowly began to breathe easier. But when the lead investigator, Sir Edwin Pym, is killed in the same brutal way three years later and others possibly connected to the original case meet violent ends, the city is paralyzed with terror once more. Was the wrong man arrested for the murders? Bow Street magistrate Sir Henry Lovejoy turns to his friend Sebastian St. Cyr, Viscount Devlin, for assistance. Pym's colleagues are convinced his manner of death is a coincidence, but Sebastian has his doubts. The more he looks into the three-year-old murders, the more certain he becomes that the hapless John Williams was not the real killer. Which begs the question--who was and why are they dead set on killing again?",Suspenseful
Your Sacred Self,"The bestselling author of Your Erroneous Zones, Pulling Your Own Strings, and Wisdom of the Ages combines psychological insights and guidelines for achieving spiritual fulfillment to present a three-step program designed to help readers look inside themselves to find a new sense of self-awareness and spiritual joy. Developing the sacred self, Wayne Dyer explains, brings an understanding of our place in the world and a sense of satisfaction in ourselves and others. In Your Sacred Self, Dyer offers a program that helps listeners establish a spiritually-oriented, rather than an ego-oriented, approach to life. Step by step, Dyer shows us how to progress from emotional awareness to psychological insight to spiritual alternatives in order to change our experience of life from the need to acquire to a sense of abundance; from a sense of one's self as sinful and inferior to a sense of one's self as divine; from a need to achieve and acquire to an awareness that detachment and letting go bring freedom. Your Sacred Self is an inspiring, hopeful, illuminating guide that can help everyone live a happier, richer, more meaningful life.",Informative
