Title,Book Blurb,ground_truth
The Lascar's Dagger,"FAITH WILL NOT SAVE HIM. Saker looks like a simple priest, but in truth he's a spy for the head of his faith. It's a dangerous job, and more lives than merely his own depend on his secrecy. When Saker is wounded by a Lascar sailor's blade the weapon seems to follow him home. Unable to discard it, nor the sense of responsibility that comes with it, Saker can only follow its lead. It will put him on a journey to strange shores, on a path that will reveal terrible secrets about the empire, about the people he serves, and likely lead to his own destruction. The Lascar's dagger demands a price, and that price will be paid in blood.",suspenseful
The Mystery of the Gold Coin,"Second graders Ethan and Ella are sad about moving away from their hometown to travel the world with their mom, a journalist, and dad, who will home school them, but before they go they have a mystery to solve.",suspenseful
Ready Player One,"A world at stake. A quest for the ultimate prize. Are you ready? In the year 2045, reality is an ugly place. The only time Wade Watts really feels alive is when he’s jacked into the OASIS, a vast virtual world where most of humanity spends their days. When the eccentric creator of the OASIS dies, he leaves behind a series of fiendish puzzles, based on his obsession with the pop culture of decades past. Whoever is first to solve them will inherit his vast fortune—and control of the OASIS itself. Then Wade cracks the first clue. Suddenly he’s beset by rivals who’ll kill to take this prize. The race is on—and the only way to survive is to win. ",suspenseful
What a Time to be Alone,"In What A Time To Be Alone,The Slumflower will be your life guru, confidante and best friend. She’ll show you that being alone is not just okay: it’s just about the best freaking thing that’s ever happened to you. As she says, ‘You’re bad as hell and you were made with intention.’ It’s about time you realised. Peppered with insightful Igbo proverbs from Chidera’s Nigerian mother and full of her own original artwork, What A Time To Be Alone will help you navigate the modern world. We can all decide our own fates and Chidera shows us how, using a three-part approach filled with sass, wisdom and charm. Learn how to celebrate YOU – decide your self-worth, take time to heal and empower yourself in this messy world. Don’t worry about THEM – avoid other people’s demons and realise that everyone is protecting themselves from something – no matter how aggressive their method. Feel the togetherness in US – sustain and grow healthy relationships and avoid toxicity in your friendships. Own your story. Create your own narrative. Read this book. ",optimistic
American Autobiography,This is the first comprehensive assessment of the major periods and varieties of American autobiography. The eleven original essays in this volume do not only survey what has been done; they also point toward what can and should be done in future studies of a literary genre that is now receiving major scholarly attention.,informative
Nona the Ninth,"Her city is under siege. The zombies are coming back. And all Nona wants is a birthday party. In many ways, Nona is like other people. She lives with her family, has a job at her local school, and loves walks on the beach and meeting new dogs. But Nona's not like other people. Six months ago she woke up in a stranger's body, and she's afraid she might have to give it back. The whole city is falling to pieces. A monstrous blue sphere hangs on the horizon, ready to tear the planet apart. Blood of Eden forces have surrounded the last Cohort facility and wait for the Emperor Undying to come calling. Their leaders want Nona to be the weapon that will save them from the Nine Houses. Nona would prefer to live an ordinary life with the people she loves, with Pyrrha and Camilla and Palamedes, but she also knows that nothing lasts forever. And each night, Nona dreams of a woman with a skull-painted face.",suspenseful
The War of the Worlds,"When an army of invading Martians lands in England, panic and terror seize the population. As the aliens traverse the country in huge three-legged machines, incinerating all in their path with a heat ray and spreading noxious toxic gases, the people of the Earth must come to terms with the prospect of the end of human civilization and the beginning of Martian rule.",pessimistic
Handbook of Medieval Studies,"This interdisciplinary handbook provides extensive information about research in medieval studies and its most important results over the last decades. The handbook is a reference work which enables the readers to quickly and purposely gain insight into the important research discussions and to inform themselves about the current status of research in the field. The handbook consists of four parts. The first, large section offers articles on all of the main disciplines and discussions of the field. The second section presents articles on the key concepts of modern medieval studies and the debates therein. The third section is a lexicon of the most important text genres of the Middle Ages. The fourth section provides an international bio-bibliographical lexicon of the most prominent medievalists in all disciplines. A comprehensive bibliography rounds off the compendium. The result is a reference work which exhaustively documents the current status of research in medieval studies and brings the disciplines and experts of the field together.",informative
The Spiritual Origins of Eastern Europe and the Future Mysteries of the Holy Grail,"Although Eastern Europe has been part of Christian humanity for more than a thousand years, its task and spiritual identity remain a mystery, the answer to which cannot be found unless we look behind outer historical events to the spiritual, meta-historical dimensions of history. This momentous work, breathtaking in its scope and detail, represents just such a penetrating, esoteric study of Eastern Europe in the light of Rudolf Steiner's spiritual research. Prokofieff shows how, from the earliest times, the future ""conscience of humanity"" flowed from hidden mystery centers in Hibernia to the eastern Slavic peoples. As a result, qualities of ""compassion, patience, and willingness for sacrifice"" developed in their souls, creating a truly Christian ""Grail mood."" Despite incalculable suffering--from the persecutions by the Mogul hordes of the thirteenth century to the Bolshevik experiment of the twentieth century--this quality has become an unconquerable force in the depths of their being. In illuminating the maya of outer history, Prokofieff reveals the forces that have been at work to hinder the progress and future intentions of humankind. Those adversarial forces have created a ""karma of materialism"" that the eastern Slavic peoples have taken upon themselves out of their exalted willingness for sacrifice. Will we be able to use the present opportunity granted by this sacrifice to fulfill the primary purposes of the present cultural epoch? Serious study of this book--intended for students of spiritual science--can lead to a profound awakening to the challenges that face humankind today.",informative
Zayn,"The first and only official book from ZAYN. Global superstar ZAYN shares a photographic journey of his life since leaving One Direction. ZAYN opens up with this collection of thoughts, inspiration, and never-before-seen personal photographs. After five years of massive success with One Direction, ZAYN launched his career as a solo artist with Mind of Mine, becoming one of the most successful artists in the world. Now, for the first time ever, ZAYN is going to tell and show all in this intimate and raw scrapbook of his life. Never-before-released photos give readers insight to ZAYN, no-holds-barred. Gorgeously designed with hundreds of full-color photographs and Zayn's notes, drawings, song lyrics, and personal stories, the book captures Zayn's most private moments and his candid feelings on fame, success, music, and life. The next chapter of ZAYN'S evolution into global superstar, told by the artist who is living it.",optimistic
The Case of the Ad That Subtracts and Other True Math Mysteries for You to Solve,"They’re multiplied and divided. They’re spectacular and average. What are they? Math mysteries, of course! Get ready to crack the cases and the real math info wide open. You might need your abacus for this one.",informative
Culture and Society in Medieval Galicia,"In Culture and Society in Medieval Galicia, twenty-three international authors examine Galicia’s changing place in Iberia, Europe, and the Mediterranean and Atlantic worlds from late antiquity through the thirteenth century. With articles on art and architecture; religion and the church; law and society; politics and historiography; language and literature; and learning and textual culture, the authors introduce medieval Galicia and current research on the region to medievalists, Hispanists, and students of regional culture and society. The cult of St. James, Santiago Cathedral, and the pilgrimage to Compostela are highlighted and contextualized to show how Galicia’s remoteness became the basis for a paradoxical centrality in medieval art, culture, and religion. ",informative
"Robert Louis Stevenson, Science, and the Fin de Siècle","In this fascinating book, Reid examines Robert Louis Stevenson's writings in the context of late-Victorian evolutionist thought, arguing that an interest in 'primitive' life is at the heart of his work. She investigates a wide range of Stevenson's writing, including Dr Jekyll and Mr Hyde and Treasure Island as well as previously unpublished material from the Stevenson archive at Yale. Reid's interpretation offers a new way of understanding the relationship between his Scottish and South Seas work. Her analysis of Stevenson's engagement with anthropological and psychological debate also illuminates the dynamic intersections between literature and science at the fin de siècle.",informative
The Cambridge History of English Poetry,A literary-historical account of English poetry from Anglo-Saxon writings to the present.,informative
Dark Knights of Steel (2021-) #1,"An entire medieval world will be forever changed when a spaceship crash-lands from a doomed planet. Monarchs will die, kingdoms will rise, and what seemed the end of the world for many…was only the beginning! An epic high-fantasy story set in a DC Universe where nothing is what it seems.",suspenseful
Living the Creative Life,"How DO they do it? If you could ask your favorite artist or crafter only one question, chances are you'd ask about creativity: Where do your ideas come from? How did you get started? What are your tricks for overcoming blocks? In Living the Creative Life, author Ricë Freeman-Zachery has compiled answers to these questions and more from 15 successful artists in a variety of mediums—from assemblage to fiber arts, beading to mixed-media collage. Creativity is different for everyone, and these artists share their insights on the muse (if you believe in her), keeping a sketchbook (or not), and prioritizing your art, whether you aspire to create solely for your own pleasure or to become a full-time artist. • Try your hand at creative jumpstarts straight from the pros. • Glimpse the artists' innermost thoughts and works in progress as you peruse pages from their journals and notebooks. • Share textile artist Sas Colby's triumph over creative block during an exotic art retreat. • Learn how internationally acclaimed artist James Michael Starr uses experience from his former ""day job"" to fuel his creation today. • Explore the work of Michael deMeng, Claudine Hellmuth, Melissa Zink and the other artists right alongside their insights. No crafter or artist should live the creative life without Living the Creative Life! The inspiration is contagious.",informative
I'm So (Not) Over You,"It’s been months since aspiring journalist Kian Andrews has heard from his ex-boyfriend, Hudson Rivers, but an urgent text has them meeting at a café. Maybe Hudson wants to profusely apologize for the breakup. Or confess his undying love. . . But no, Hudson has a favor to ask—he wants Kian to pretend to be his boyfriend while his parents are in town, and Kian reluctantly agrees. The dinner doesn’t go exactly as planned, and suddenly Kian is Hudson’s plus one to Georgia’s wedding of the season. Hudson comes from a wealthy family where reputation is everything, and he really can’t afford another mistake. If Kian goes, he’ll help Hudson preserve appearances and get the opportunity to rub shoulders with some of the biggest names in media. This could be the big career break Kian needs. But their fake relationship is starting to feel like it might be more than a means to an end, and it’s time for both men to fact-check their feelings.",humorous
Science Fiction,"An encyclopedia of science fiction magazines, authors, classic titles, graphic works, genre films and television programs, and the effect history has played in relation to this genre.",suspenseful
The Dragon's Path,"All paths lead to war. . . Marcus' hero days are behind him. He knows too well that even the smallest war still means somebody's death. When his men are impressed into a doomed army, staying out of a battle he wants no part of requires some unorthodox steps. Cithrin is an orphan, ward of a banking house. Her job is to smuggle a nation's wealth across a war zone, hiding the gold from both sides. She knows the secret life of commerce like a second language, but the strategies of trade will not defend her from swords. Geder, sole scion of a noble house, has more interest in philosophy than in swordplay. A poor excuse for a soldier, he is a pawn in these games. No one can predict what he will become. Falling pebbles can start a landslide. A spat between the Free Cities and the Severed Throne is spiraling out of control. A new player rises from the depths of history, fanning the flames that will sweep the entire region onto The Dragon's Path -- the path to war. ",suspenseful
Death at the Savoy,"Elizabeth Taylor and Richard Burton are squabbling in the American Bar while Noël Coward drinks champagne. Royals wait upstairs in luxurious suites for discreet encounters. In short, all is as it should be at the Savoy. If only it weren’t for the dead body in Room 705. Could it be murder at the Savoy? Impossible! Who could have done such a thing? Suspicion falls upon Priscilla Tempest, the quick-witted Canadian head of the Savoy press office who has a penchant for champagne, the wrong sort of men—and trouble. When it is discovered that Priscilla had been with the deceased—a notorious international arms dealer—the night before he was found dead, she is questioned by Scotland Yard Inspector Robert “Charger” Lightfoot and is suddenly under the unforgiving eye of her boss, the Savoy’s straitlaced general manager, Clive Banville. Her job on the line, her life in danger, Priscilla must elude the police and the general manager’s duplicitous wife, ward off the amorous advances of a famous drunken actor, and discover whether that really was a member of the royal family seen leaving the victim’s suite shortly before his body was discovered. ",suspenseful
The Proposition,"Accepting the challenge to convert brash, handsome, incorrigible Mick Tremore into a gentleman in only six weeks, Lady Edwina Bollash is concerned less with her abilities than with resisting the man's considerable charms.",optimistic
Firestar,"In the 21st Century, a woman philanthropist launches a private space program aimed at developing new technologies to improve life on Earth. But as with every innovation, this one steps on some people's toes and they resort to violence to stop her. A work of imagination in space technologies.",suspenseful
Colossians,"Some people cant see the forest for the treesthey get so bogged down in details that they lose sight of what its all about. Others cant see the trees for the forestthey miss the wondrous details all around them. So why not look instead at both the forest and the trees? This commentary on Pauls letter to the Colossians guides you in doing just that. Even though we will be exploring ancient biblical cultures and learning plenty about the Greek language, no prior academic training is needed. Technical terms have been set aside. Instead, with everyday language we will discover the big picture and revel in the fine details of this stunning letter, amazed by how God is still speaking these same words today to contemporary personal and social challenges. We will not then be tourists rapidly zipping through Colossians as if on a monotonous interstate highway. Instead we will be hiking our way through this letter, step by step, phrase by phrase, finding joy in Gods truth and growing in our faith. Come and join the journey.",informative
"Weight, Sex, and Marriage","Reveals the intricate connection between weight problems and marital satisfaction in women, and describes the often hidden rewards of being overweight. Clearly delineating the issues surrounding weight gain, this encouraging book helps readers set attainable weight goals and also offers concrete strategies for success.",inspirational
The Unwanted Wife,"Delicate, titian-haired Theresa Noble has met her father's associates in the past, but the gorgeous, Italian-born Sandro De Lucci leaves her speechless. Eighteen months into their marriage, however, Sandro has turned to ice. Desperate to escape a relationship that has proven to be as stubbornly passionate as it is cold and hateful, Theresa summons up the courage to ask for a divorce. But before he'll grant her request, Sandro demands something from Theresa: a son. The stalemate sickens her. Never mind that Sandro has yet to introduce Theresa to the large family that means so much to him. Or that Theresa overhears her husband on the phone with a mystery woman. Most damning is that Theresa senses, in Sandro's treatment of her, the behind-the-scenes machinations of Jackson Noble, her cruel father. From the depths of her anxiety, Theresa must seek an empowering truth about the husband who calls her, with such cold affection, his cara, his beloved.",suspenseful
The Psychology of Winning,"Imprint. Denis Waitley, a distinguished motivator, teacher and US air force pilot, has spent most of his life showing people how they can win He creates the formula to develop the qualities of a total winner - self-awareness, self-esteem, self-control, self-motivation, self-image, self-direction, self-discipline, self-dimension.",inspirational
"Sari, Not Sari","Manny Dogra is the beautiful young CEO of Breakup, a highly successful company that helps people manage their relationship breakups. As preoccupied as she is with her business, she’s also planning her wedding to handsome architect Adam Jamieson while dealing with the loss of her beloved parents. For reasons Manny has never understood, her mother and father, who were both born in India, always wanted her to become an “All-American” girl. So that’s what she did. She knows next to nothing about her South Asian heritage, and that’s never been a problem—until her parents are no longer around, and an image of Manny that’s been Photoshopped to make her skin look more white appears on a major magazine cover. Suddenly, the woman who built an empire encouraging people to be true to themselves is having her own identity crisis. But when an irritating client named Sammy Patel approaches Manny with an odd breakup request, the perfect solution presents itself: If they both agree to certain terms, he’ll give her a crash course in being “Indian” at his brother’s wedding. What follows is days of dancing and dal, masala and mehndi as Manny meets the lovable, if endlessly interfering, aunties and uncles of the Patel family, and, along the way, discovers much more than she could ever have anticipated.",optimistic
Halting State,"A daring bank robbery has taken place at Hayek Associates—a dot-com start-up company that’s just floated onto the London stock exchange. But this crime may be a bit beyond Smith’s expertise. The prime suspects are a band of marauding orcs with a dragon in tow for fire support. The bank is located within the virtual reality land of Avalon Four, and the robbery was supposed to be impossible. When word gets out, Hayek Associates and all its virtual “economies” are going to crash hard. For Smith, the investigation seems pointless. But the deeper she digs, the bigger the case gets. There are powerful players—both real and pixelated—who are watching her every move. Because there is far more at stake than just some game-head’s fantasy financial security…",suspenseful
Initiation into the Mysteries of the Ancient World,"The ancient Mysteries have long attracted the interest of scholars, an interest that goes back at least to the time of the Reformation. After a period of interest around the turn of the twentieth century, recent decades have seen an important study of Walter Burkert (1987). Yet his thematic approach makes it hard to see how the actual initiation into the Mysteries took place. To do precisely that is the aim of this book. It gives a ‘thick description’ of the major Mysteries, not only of the famous Eleusinian Mysteries, but also those located at the interface of Greece and Anatolia: the Mysteries of Samothrace, Imbros and Lemnos as well as those of the Corybants. It then proceeds to look at the Orphic-Bacchic Mysteries, which have become increasingly better understood due to the many discoveries of new texts in the recent times. Having looked at classical Greece we move on to the Roman Empire, where we study not only the lesser Mysteries, which we know especially from Pausanias, but also the new ones of Isis and Mithras. We conclude our book with a discussion of the possible influence of the Mysteries on emerging Christianity. Its detailed references and up-to-date bibliography will make this book indispensable for any scholar interested in the Mysteries and ancient religion, but also for those scholars who work on initiation or esoteric rituals, which were often inspired by the ancient Mysteries.",informative
Artifact Space,"Out in the darkness of space, something is targeting the Greatships. With their vast cargo holds and a crew that could fill a city, the Greatships are the lifeblood of human occupied space, transporting an unimaginable volume - and value - of goods from City, the greatest human orbital, all the way to Tradepoint at the other, to trade for xenoglas with an unknowable alien species. It has always been Marca Nbaro's dream to achieve the near-impossible: escape her upbringing and venture into space. All it took, to make her way onto the crew of the Greatship Athens was thousands of hours in simulators, dedication, and pawning or selling every scrap of her old life in order to forge a new one. But though she's made her way onboard with faked papers, leaving her old life - and scandals - behind isn't so easy. She may have just combined all the dangers of her former life, with all the perils of the new . . .",suspenseful
A Court of Thorns and Roses," When nineteen-year-old huntress Feyre kills a wolf in the woods, a terrifying creature arrives to demand retribution. Dragged to a treacherous magical land she knows about only from legends, Feyre discovers that her captor is not truly a beast, but one of the lethal, immortal faeries who once ruled her world. At least, he's not a beast all the time. As she adapts to her new home, her feelings for the faerie, Tamlin, transform from icy hostility into a fiery passion that burns through every lie she's been told about the beautiful, dangerous world of the Fae. But something is not right in the faerie lands. An ancient, wicked shadow is growing, and Feyre must find a way to stop it, or doom Tamlin-and his world-forever. From bestselling author Sarah J. Maas comes a seductive, breathtaking book that blends romance, adventure, and faerie lore into an unforgettable read.",optimistic
The Grand Babylon Hotel,"The Grand Babylon Hotel is an exclusive London establishment, and American millionaire Theodore Racksole, visiting the hotel with his spirited 23-year-old daughter Nella, decides to buy the place. What he hasn't counted on is having to deal with a criminal conspiracy whose purposes are not at all clear, and events take an unexpected turn as Theodore and Nella play detective. Replete with evil villains, physical dangers, and secret passages, The Grand Babylon Hotel is a mesmerizing thriller that will be enjoyed by mystery lovers everywhere.",suspenseful
This Is How You Lose the Time War,"Among the ashes of a dying world, an agent of the Commandment finds a letter. It reads: Burn before reading. Thus begins an unlikely correspondence between two rival agents hellbent on securing the best possible future for their warring factions. Now, what began as a taunt, a battlefield boast, becomes something more. Something epic. Something romantic. Something that could change the past and the future. Except the discovery of their bond would mean the death of each of them. There’s still a war going on, after all. And someone has to win. That’s how war works, right? ",poetic
A Wish Upon a Dress,"A very special wedding gown leads two women to find the love they always wished for The dress was made many years ago, and it came with a promise: the first man you meet is the man you'll marry. Shelly Hansen is horrified when her great-aunt's wedding dress arrives. Because according to family legend, she's destined to marry the next man she meets. So when she trips on an escalator and falls into Mark Brady's arms, she tells him--and herself--that she isn't interested in marriage. But then she starts seeing him everywhere. Is it coincidence...or destiny? After her own wedding, Shelly sends her best friend, Jill Morrison, the dress--which is delivered to Jill's hotel in Hawaii. But at least the man Jill sat beside on the plane--gorgeous grouch Jordan Wilcox--can't be the man in question, can he? She met him before she got the dress. But the gown always ends up in a wedding! ",optimistic
The Miracle Morning (Updated and Expanded Edition),"Getting everything you want out of life isn’t about doing more. It’s about becoming more. Hal Elrod and The Miracle Morning have helped millions of people become the person they need to be to create the life they’ve always wanted. Now, it’s your turn. Hal’s revolutionary SAVERS method is a simple, effective step-by-step process to transform your life in as little as six minutes per day: - Silence: Reduce stress and improve mental clarity by beginning each day with peaceful, purposeful quiet - Affirmations: Reprogram your mind to overcome any fears or beliefs that are limiting your potential or causing you to suffer - Visualization: Experience the power of mentally rehearsing yourself showing up at your best each day - Exercise: Boost your mental and physical energy in as little as sixty seconds - Reading: Acquire knowledge and expand your abilities by learning from experts - Scribing: Keep a journal to deepen gratitude, gain insights, track progress, and increase your productivity by getting clear on your top priorities This updated and expanded edition has more than forty pages of new content, including: - The Miracle Evening: Optimize your bedtime and sleep to wake up every day feeling refreshed and energized for your Miracle Morning - The Miracle Life: Begin your path to inner freedom so you can truly be happy and learn to love the life you have while you create the life you want",optimistic
Hardy Boys 59: Night of the Werewolf,"A ferocious, wolf-like creature appears during the night of the full moon in a small Adirondack town, attacking livestock and scaring many of the residents. A young man with a history of werewolves in his family line is suspect. Joe barely escapes a horrible death as the young detectives solve this exciting and hair-raising mystery.",optimistic
Anthropology and Autobiography,"Anthropological writings by anthropologists in the field have long been a valuable tool to the profession. But until now, the theoretical implications of its use have not been fully explored. Anthropology and Autobiography provides unique insights into the fieldwork, autobiographical materials and/or textual critiques of anthropologists, many of whose ethnographies are already familiar. It considers the role of the anthropologist as fieldworker and writer, examining the ways in which nationality, age, gender, and personal history influence the anthropologist's behavior towards the individuals he is observing. This volume also contributes to debates about reflexivity and the political responsibility of the anthropologist, who, as a participant, has traditionally made only stylized appearances in the academic text. The contributors examine their work among peoples in Africa, Japan, the Caribbean, Greece, Shetland, England, indigenous Australia, Indonesia, and Sri Lanka. Autobiography is developed alongside political, intellectual, and historical changes. The anthropologists confront and examine issues of racism, reciprocity and friendships. Anthropology and Autobiography will appeal to anthropologists and social scientists interested in ethnographic approaches, the self, reflexivity, qualitative methodology, and the production of texts.",informative
"The Money Book for the Young, Fabulous & Broke","The Money Book for the Young, Fabulous & Broke is financial expert Suze Orman's answer to a generation's cry for help. They're called ""Generation Debt"" and ""Generation Broke"" by the media — people in their twenties and thirties who graduate college with a mountain of student loan debt and are stuck with one of the weakest job markets in recent history. The goals of their parents' generation — buy a house, support a family, send kids to college, retire in style — seem absurdly, depressingly out of reach. They live off their credit cards, may or may not have health insurance, and come up so far short at the end of the month that the idea of saving money is a joke. This generation has it tough, without a doubt, but they're also painfully aware of the urgent need to take matters into their own hands. The Money Book was written to address the specific financial reality that faces young people today and offers a set of real, not impossible solutions to the problems at hand and the problems ahead. Concisely, pragmatically, and without a whiff of condescension, Suze Orman tells her young, fabulous & broke readers precisely what actions to take and why. Throughout these pages, there are icons that direct readers to a special YF&B domain on Suze's website that offers more specialized information, forms, and interactive tools that further customize the information in the book. Her advice at times bucks conventional wisdom (did she just say use your credit card?) and may even seem counter-intuitive (pay into a retirement fund even though your credit card debt is killing you?), but it's her honesty, understanding, and uncanny ability to anticipate the needs of her readers that has made her the most trusted financial expert of her day. Over the course of ten chapters that can be consulted methodically, step-by-step or on a strictly need-to-know basis, Suze takes the reader past broke to a secure place where they'll never have to worry about revisiting broke again. And she begins the journey with a bit of overwhelmingly good news (yes, there really is good news): Young people have the greatest asset of all on their side — time.",informative
Q,"Quincy Jones grew up poor on the mean streets of Chicago’s South Side, brushing against the law and feeling the pain of his mother’s descent into madness. But when his father moved the family west to Seattle, he took up the trumpet and was literally saved by music. A prodigy, he played backup for Billie Holiday and toured the world with the Lionel Hampton Band before leaving his teens. Soon, though, he found his true calling, inaugurating a career that included arranging albums for Frank Sinatra, Ray Charles, Dinah Washington, Sarah Vaughan, and Count Basie; composing the scores of such films as The Pawnbroker, In Cold Blood, In the Heat of the Night, and The Color Purple; producing the bestselling album of all time, Michael Jackson’s Thriller, and the bestselling single “We Are the World”; and producing and arranging his own highly praised albums, including the Grammy Award–winning Back on the Block. His musical achievements, in a career that spans every style of American popular music, yielded an incredible eighty Grammy nominations and twenty-eight wins, and are matched by his record as a pioneering music executive, film and television producer, tireless social activist, and business entrepreneur—one of the most successful black business figures in America. Q is an impressive self-portrait by one of the master makers of American culture, a complex, many-faceted man with far more than his share of talents and an unparalleled vision, as well as some entirely human flaws.",optimistic
"Historicizing the Enlightenment, Volume 2","Enlightenment critics from Dryden through Johnson and Wordsworth conceived the modern view that art and especially literature entails a double reflection: a reflection of the world, and a reflection on the process by which that reflection is accomplished. Instead “neoclassicism” and “Augustanism” have been falsely construed as involving a one-dimensional imitation of classical texts and an unselfconscious representation of the world. In fact these Enlightenment movements adopted an oblique perspective that registers the distance between past tradition and its present reenactment, between representation and presence. Two modern movements, Romanticism and modernism, have appropriated as their own these innovations, which derive from Enlightenment thought. Both of these movements ground their error in a misreading of “imitation” as understood by Aristotle and his Enlightenment proponents. Rightly understood, neoclassical imitation, constitutively aware of the difference between what it knows and how it knows it, is an experimental inquiry that generates a range of prefixes—“counter-,” “mock-,” “anti-,” “neo-”—that mark formal degrees of its epistemological detachment. Romantic ideology has denied the role of the imagination in Enlightenment imitation, imposing on the eighteenth century a dichotomous periodization: duplication versus imagination, the mirror versus the lamp. Structuralist ideology has dichotomized narration and description, form and content, structure and history. Poststructuralist ideology has propounded for the novel a contradictory “novel tradition”—realism, modernism, postmodernism, postcolonialism—whose stages both constitute a sequence and collapse it, each stage claiming the innovation of the stage that precedes it.",informative
Self-Compassion,"Kristin Neff, Ph.D., says that it’s time to “stop beating yourself up and leave insecurity behind.” Self-Compassion: Stop Beating Yourself Up and Leave Insecurity Behind offers expert advice on how to limit self-criticism and offset its negative effects, enabling you to achieve your highest potential and a more contented, fulfilled life. More and more, psychologists are turning away from an emphasis on self-esteem and moving toward self-compassion in the treatment of their patients—and Dr. Neff’s extraordinary book offers exercises and action plans for dealing with every emotionally debilitating struggle, be it parenting, weight loss, or any of the numerous trials of everyday living.",inspirational
Stand Firm,"The pace of modern life is accelerating. To keep up, we must keep on moving and adapting – constantly striving for greater happiness and success. Or so we are told. But the demands of life in the fast lane come at a price: stress, fatigue and depression are at an all-time high, while our social interactions have become increasingly self-serving and opportunistic. How can we resist today's obsession with introspection and self-improvement? In this witty and bestselling book, Danish philosopher and psychologist Svend Brinkmann argues that we must not be afraid to reject the self-help mantra and 'stand firm'. The secret to a happier life lies not in finding your inner self but in coming to terms with yourself in order to coexist peacefully with others. By encouraging us to stand firm and get a foothold in life, this vibrant anti-self-help guide offers a compelling alternative to life coaching, positive thinking and the need always to say 'yes!'",informative
Stop Getting Dumped!,"Dating expert Lisa Daily confides the secrets of the Dream Girls - including how to spot bad boys and jerks before they break your heart, the five common mistakes women make that push men away, and the BIG ONE, how to be a woman men just can't live without. This laugh-out-loud guide teaches you:
- How you may be sabotaging your current relationship right now!
- The secret to getting a man to call you.
- How to make a man think about you all the time.
AND
- The real reasons men fall in love and propose, and how to make them work for you.",informative
Meet Me in Paradise,"Marin Cole has never: Seen the ocean Climbed a mountain Taken a risk on love ....But if her sister's plan works, she just might do all three. Ever since her journalist mother died on assignment, Marin has played it safe, refusing to set foot outside the state of Tennessee. Her wild-child younger sister, Sadie, has trotted the globe as a photographer, living off of art and adrenaline. When Sadie returns from a tough assignment abroad and looks a little worse for wear, Marin reluctantly agrees to a sisters' spa weekend on the tropical island of Saba. But her lifelong fear of travel is affirmed when Sadie misses the flight, Marin's luggage gets mixed up with another passenger's, and an episode of turbulence sends her hurtling into the lap of Lucas Tsai, the handsome stranger who stole her sister's seat. For the first time in a long time, Marin has to step outside of her comfort zone as she explores the island with Lucas and learns what she's been missing out on. With each breathtaking new experience, Marin gets closer to her real self, the man she’s falling for, and the heart-wrenching truth about why she’s there in the first place.",optimistic
Autobiography,"“Spend the day in bed” with Autobiography by Morrissey, whose new album Low in High School is out November 17th Steven Patrick Morrissey was born in Manchester on May 22nd 1959. Singer-songwriter and co-founder of the Smiths (1982–1987), Morrissey has been a solo artist for twenty-six years, during which time he has had three number 1 albums in England in three different decades. Achieving eleven Top 10 albums (plus nine with the Smiths), his songs have been recorded by David Bowie, Nancy Sinatra, Marianne Faithfull, Chrissie Hynde, Thelma Houston, My Chemical Romance and Christy Moore, amongst others. An animal protectionist, in 2006 Morrissey was voted the second greatest living British icon by viewers of the BBC, losing out to Sir David Attenborough. In 2007 Morrissey was voted the greatest northern male, past or present, in a nationwide newspaper poll. In 2012, Morrissey was awarded the Keys to the City of Tel-Aviv. It has been said “Most pop stars have to be dead before they reach the iconic status that Morrissey has reached in his lifetime.”",informative
Glow,"If a violent battle destroyed the only world you've ever known, would you be brave enough to save who was left? Would love be strong enough to survive the fight? Either way, there's no turning back. The Empyrean is the only home 15-year-old Waverly has ever known. Part of the first generation to be successfully conceived in deep space, she and her boyfriend Kieran will be pioneers of New Earth. Waverly knows she must marry young in order to have children who can carry on the mission, and Kieran, the handsome captain-to-be, has everything Waverly could want in a husband. Everyone is sure he's the best choice. Still, there's a part of Waverly that wants more from life than marriage, and she is secretly intrigued by the shy, darkly brilliant Seth. Suddenly, Waverly's dreams are interrupted by the inconceivable – a violent betrayal by the Empyrean's sister ship, the New Horizon. The New Horizon's leaders are desperate to populate the new planet first, and will do anything to get what they need: young girls. In one pivotal moment, Waverly and Kieran are separated, and find themselves at the helm of dangerous missions, where every move has potentially devastating consequences, and decisions of the heart may lead to disaster. ",suspenseful
The Seven Dials Mystery,"During a weekend party at The Chimneys, a historic English country house, a group of friends decide to play a prank on a friend infamous for oversleeping. Only the eight alarm clocks they set up in his room don’t wake him up and, in the morning, they discover Gerald isn’t just dead asleep. He’s dead. Was it an overdose of the sleeping draught beside his bed? Or is there a murderer afoot? Led by Lady Eileen Brent, the houseguests investigate. But their efforts have them stumbling on a spy plot. What sort of killer are they after? And will they find him before he strikes again?",suspenseful
The Mystery of Edwin Drood,"Edwin Drood is contracted to marry orphan Rosa Bud when he comes of age, but when they find that duty has gradually replaced affection, they agree to break off the engagement. Shortly afterwards, in the middle of a storm on Christmas Eve, Edwin disappears, leaving nothing behind but some personal belongings and the suspicion that his jealous uncle John Jasper, madly in love with Rosa, is the killer. And beyond this presumed crime there are further intrigues: the dark opium dens of the sleepy cathedral town of Cloisterham, and the sinister double life of Choirmaster Jasper, whose drug-fuelled fantasy life belies his respectable appearance. Dickens died before completing The Mystery of Edwin Drood, leaving its tantalising mystery unsolved and encouraging successive generations of readers to turn detective.",suspenseful
The Eye of Argon,"This is not a hoax. Jim Theis was a real person, who wrote The Eye of Argon in all seriousness as a teenager, and published it in a fanzine, Osfan in 1970. But the story did not pass into the oblivion that awaits most amateur fiction. Instead, a miracle happened, and transcribed and photocopied texts began to circulate in science fiction circles, gaining a wide and incredulous audience among both professionals and fans. It became the ultimate samizdat, an underground classic, and for more than thirty years it has been the subject of midnight readings at conventions, as thousands have come to appreciate the negative genius of this amazing Ed Wood of prose.",informative
Go Big Now,"Transform Aspirational Thoughts into Life-Changing Results What’s the biggest challenge you face if you want to accomplish great things? It’s getting and keeping the right mindset, according to the hundreds of high achievers Julia Pimsleur has interviewed and worked with as a business coach. In Go Big Now, Pimsleur distills two decades of studying complex mindset practices into eight essential “mindset keys” that can be used by anyone to get the Go Big Mindset and achieve ambitious professional and life goals. Pimsleur shares personal stories of how she used these keys to raise venture capital and build multimillion-dollar companies, and illustrates each key with an example from a leader, CEO, or celebrity whose mindset catapulted them to success. You’ll learn to reframe perceived setbacks, replace unhelpful thoughts and limiting beliefs with empowering ones, and stay motivated to pursue your big goal, even in the face of massive hurdles. With the Go Big Mindset, you’ll boost your mental resilience and discover how to think your way to bigger, better results.",inspirational
The Widows of Eastwick,"More than three decades have passed since the events described in John Updike’s The Witches of Eastwick. The three divorcées—Alexandra, Jane, and Sukie—have left town, remarried, and become widows. They cope with their grief and solitude as widows do: they travel the world, to such foreign lands as Canada, Egypt, and China, and renew old acquaintance. Why not, Sukie and Jane ask Alexandra, go back to Eastwick for the summer? The old Rhode Island seaside town, where they indulged in wicked mischief under the influence of the diabolical Darryl Van Horne, is still magical for them. Now Darryl is gone, and their lovers of the time have aged or died, but enchantment remains in the familiar streets and scenery of the village, where they enjoyed their lusty primes as free and empowered women. And, among the local citizenry, there are still those who remember them, and wish them ill. How they cope with the lingering traces of their evil deeds, the shocks of a mysterious counterspell, and the advancing inroads of old age, form the burden on Updike’s delightful, ominous sequel.",pessimistic
What I Know For Sure,"The inspirational wisdom Oprah Winfrey shares in her monthly O., The Oprah Magazine column updated, curated, and collected for the first time in a beautiful keepsake book. As a creative force, student of the human heart and soul, and champion of living the life you want, Oprah Winfrey stands alone. Over the years, she has made history with a legendary talk show - the highest-rated program of its kind, launched her own television network, become the nation's only African-American billionaire, and been awarded both an honorary degree by Harvard University and the Presidential Medal of Freedom. From all her experiences, she has gleaned life lessons—which, for fourteen years, she's shared in O, The Oprah Magazine's widely popular ""What I Know For Sure"" column, a monthly source of inspiration and revelation. Now, for the first time, these thoughtful gems have been revised, updated, and collected in What I Know For Sure, a beautiful cloth bound book with a ribbon marker, packed with insight and revelation from Oprah Winfrey. Organized by theme—joy, resilience, connection, gratitude, possibility, awe, clarity, and power—these essays offer a rare, powerful and intimate glimpse into the heart and mind of one of the world's most extraordinary women—while providing readers a guide to becoming their best selves. Candid, moving, exhilarating, uplifting, and frequently humorous, the words Oprah shares in What I Know For Sure shimmer with the sort of truth that readers will turn to again and again.",humorous
Before the Coffee Gets Cold,"If you could go back in time, who would you want to meet? In a small back alley of Tokyo, there is a café that has been serving carefully brewed coffee for more than one hundred years. Local legend says that this shop offers something else besides coffee—the chance to travel back in time. Over the course of one summer, four customers visit the café in the hopes of making that journey. But time travel isn’t so simple, and there are rules that must be followed. Most important, the trip can last only as long as it takes for the coffee to get cold. Heartwarming, wistful, mysterious and delightfully quirky, Toshikazu Kawaguchi’s internationally bestselling novel explores the age-old question: What would you change if you could travel back in time? ",humorous
Ace of Shades,"A teenage girl goes searching for her mother in the City of Sin in this YA fantasy from the New York Times–bestselling coauthor of All of Us Villains. Welcome to New Reynes, the so-called City of Sin, where casino families reign, gangs infest the streets . . . and secrets hide in every shadow. It’s no place for a properly raised young lady. But when her mother goes missing, Enne Salta leaves her finishing school—and her reputation—behind. Following her mother’s trail, she finds herself in the city where no one survives uncorrupted. Frightened and alone, Enne’s only clue leads her to Levi Glaiyser—a street lord and con man in desperate need of the compensation Enne offers. Their search sends this unlikely duo through glamorous casinos, illicit cabarets, and into the clutches of a ruthless Mafia donna. But as Levi’s enemies close in on them, a deadly secret from Enne’s past comes to light and she must surrender herself to the City of Sin —to a vicious game of execution . . . Where the players never win.",pessimistic
If I Could Tell You Just One Thing...,"Richard Reed built Innocent Drinks from a smoothie stall on a street corner to one of the biggest brands in Britain. He credits his success to four brilliant pieces of advice, each given to him just when he needed them most. Ever since, it has been Richard's habit, whenever he meets somebody he admires, to ask them for their best piece of advice. If they could tell him just one thing, what would it be? Richard has collected pearls of wisdom from some of the most remarkable, inspiring and game-changing people in the world - in business, tech, politics, sport, art, spirituality, medicine, film, and design. From Richard Branson to Andy Murray, from the president of Google to President Clinton, and from Richard Curtis to Annie Lennox, Richard has picked some of the world's most interesting brains to give you a lesson in how to live, how to create and how to succeed.",inspirational
Assassins in Love,When one killer falls for another Agent:Misha Profile:Highly trained in every method the assassins guild has to offer. Always goes by the book. Agent: Rikki Profile:Rogue assassin who kills only to rid the world of hardened criminals. Hates organizations. Always does it her way. Love becomes a matter of life and death Misha's mission is to get Rikki to join the guild or give up her guns. He completely underestimated the effect she would have on him...and what heat and chaos they could bring to each other...,suspenseful
Falling For You,"After six years of focusing on her career, Natalie Armstrong craves the peace and tranquility that only Sapphire Bay can give her. But returning to her grandparents’ cottage isn’t as easy as she imagined. No one told her about her houseguest or the unexpected changes in the small town she calls home. Gabe Lanigan is a former NYPD detective. His new career as a bestselling crime writer has brought him everything he didn't want - fame, fortune, and a deep distrust of strangers. When Natalie arrives in Sapphire Bay, their unlikely friendship sparks into something he never expected. But the real reason he left New York City is closing in fast and Natalie is standing in his way. ",optimistic
Salt Redux,"How does a brother cope with life knowing his sister is a murderess? How can a nobleman have the life he has always wanted when a lurking evil consumes his thoughts and haunts his dreams? What will it take for good to triumph over evil? For readers who enjoyed Salt Bride, the story continues…",suspenseful
Crime Hits Home,"Everyone comes from someplace. Everyone has somewhere they feel safe. Some people have found their home and are content where they are. Others feel trapped and yearn to go somewhere else. Many are somewhere else and yearn to go back. But evenin these safest of places, sometimes…crime hits home. What happens then? In this volume, MWA brings together some of today’s biggest crime writers—and some of our most exciting new talents—to consider this question. Each writer has defined home as they see fit: a place, a group, a feeling. The crime can come from without or within. What happens when crime hits home? ",suspenseful
Little Lady with a Big Drum,"This, the official autobiography of Elayne Jones, is the story of one woman's remarkable life and career in her own words; a journey from meager beginnings as a self-described ""skinny little girl from Harlem,"" to the highest echelons of classical music. With a musical talent and personal drive that enabled her to transcend racial and gender barriers, Jones became the first African American woman in the New York Philharmonic Symphony Orchestra. A world renown tympanist, Elayne Jones is a graduate of the Arts and Music High School in New York. She then attended Julliard, being among the first winners of the Ellington Julliard Scholarship. Jones' professional career began in 1949 with the New York City Opera. Over the course of five decades, Elayne Jones played with the American Ballet Theatre, Arthur Fiedler and the World Symphony Orchestra, Leopold Stokowski and the American Symphony Orchestra, Seiji Ozawa and the San Francisco Symphony, and the San Francisco Opera. In 1965 she won the LaGuardia Memorial Award in recognition of her outstanding achievements in music. She has presented over 375 solo lecture demonstrations nationally and internationally of percussion instruments in schools and colleges, and in 1975, National Educational Television produced and aired a TV special on PBS featuring Jones entitled, ""A Day in the Life of a Musician."" Countless performances by Jones include television, recordings, musicals, and ballets. Elayne Jones is universally recognized as one the most prominent African Americans of the 20th Century. Alongside music, Jones was also an accomplished amateur tennis player for some 43 years, until an injury forced her to give up the game. Some of the high points in playing included tennis matches with tenor Luciano Pavarotti and conductor Seiji Ozawa. Jones retired from her career in music in 1998. A mother of three, she currently resides in the San Francisco East Bay Area, in Walnut Creek, California.",informative
Change Your World,"The self-improvement industry puts the responsibility for change on us as individuals, producing few if any long-term changes in our health or happiness. Michael Ungar shows that individual growth depends very little on what we think, feel, or behave. He is one of the world's leading experts on thriving through adversity. Delving into the latest research, he demonstrates that we share responsibility for our personal well-being with our family and friends, and even our employers and politicians. In fact, the more the odds are stacked against us, the less motivation, positive thinking and grit are important to resilience and the more we benefit from an environment rich in opportunity. Ungar explores real people's lives and discovers that the answers lie in the people and the support systems around us. The good news is that it is easier to change your environment than it is to change yourself. Indeed, Ungar has solid evidence that we can influence the world around us in ways that will make us more resilient both at home and on the job. ",humorous
Film Genre for the Screenwriter,"Film Genre for the Screenwriter is a practical study of how classic film genre components can be used in the construction of a screenplay. Based on Jule Selbo’s popular course, this accessible guide includes an examination of the historical origins of specific film genres, how and why these genres are received and appreciated by film-going audiences, and how the student and professional screenwriter alike can use the knowledge of film genre components in the ideation and execution of a screenplay. Explaining the defining elements, characteristics and tropes of genres from romantic comedy to slasher horror, and using examples from classic films like Casablanca alongside recent blockbuster franchises like Harry Potter, Selbo offers a compelling and readable analysis of film genre in its written form. The book also offers case studies, talking points and exercises to make its content approachable and applicable to readers and writers across the creative field.",informative
Invictus,"Farway Gaius McCarthy was born outside of time. The son of a time traveler from 2354 AD and a gladiator living in ancient Rome, Far's very existence defies the laws of nature. All he's ever wanted was to explore history for himself, but after failing his entrance exam into the government program, Far will have to settle for a position on the black market-captaining a time-traveling crew to steal valuables from the past. During a routine heist on the sinking Titanic, Far meets a mysterious girl named Eliot who always seems to be one step ahead of him. Eliot has secrets-big ones-that will affect Far's life from beginning to end. Armed with the knowledge that history is not as steady as it seems, she will lead Far and his team on a race through time to set things right before the clock runs out.",suspenseful
How to Write a Mystery,"From 70 of the most successful mystery writers in the business, an invaluable guide to crafting mysteries—from character development and plot to procedurals and thrillers—“this is a writing guide that readers and writers will turn to again and again” (Booklist, starred review). Mystery Writers of America (MWA) is known for providing unparalleled resources on the craft, art, and business of storytelling, helping writers of all levels improve their skills for nearly a century. Now, this handbook helps authors navigate the ever-shifting publishing landscape—from pacing, plotting, the business side of publishing, to the current demand for diversity and inclusivity across all genres, and more. Featuring essays by a new generation of bestselling experts on various elements of the craft and shorter pieces of crowd-sourced wisdom from the MWA membership as a whole, the topics covered can be categorized as follows: —Before Writing (rules; genres; setting; character; research; etc.) —While Writing (outlining; the plot; dialogue; mood; etc.) —After Writing (agents; editors; self-pub; etc.) —Other than Novels (short stories; true crime; etc.) —Other Considerations (diverse characters; legal questions; criticism) Also included is a collection of essays from MWA published authors—including Jeffery Deaver, Tess Gerritsen, and Charlaine Harris—selected by bestselling authors Lee Child and Laurie King and arranged thematically answering, “What piece of writing advice do you wish you’d had at the beginning of your career?” “Everything you wanted to know about how to plan, draft, write, revise, publish, and market a mystery” (Kirkus Reviews), this inclusive manual provides practical, current, easily digestible advice for new and established authors alike.",informative
The Moon Pool,"Set on the island of Ponape, full of ruins from ancient civilizations, the novel chronicles the adventures of a party of explorers who discover a previously unknown underground world full of strange peoples and super-scientific wonders. From the depths of this world, the party unwittingly unleashes the Dweller, a monstrous terror that threatens the islands of the South Pacific.",suspenseful
Go Get Your Everything,"This book is about you, and living on your own terms. No anecdotes. No activity sheets or exercises. Just life advice in gritty short takes. Hope you like it rough.",pessimistic
The Classroom Mystery,"Someone has been stealing food from Snowball, the classroom pet bunny! Can Izzy use her SEN Superpowers to track down the culprit and save the day? SEN Superpowers: The Classroom Mystery explores the topic of ADHD with an empowering story and adorable illustrations. The SEN Superpowers series celebrates the positive traits associated with a range of common SEN (Special Education Needs) conditions, boosting the confidence and strength-awareness of children with those conditions, while also allowing for better understanding and positivity among their peers. Each book includes a page of discussion points about the story, a page of tips for how to boost abilities (inclusive for children with and without special educational needs), and, finally, a further page of notes for parents and teachers. The books feature a dyslexic-friendly font to encourage accessibility and inclusivity for all readers.",informative
The Lathe Of Heaven,"During a time racked by war and environmental catastrophe, George Orr discovers his dreams alter reality. George is compelled to receive treatment from Dr. William Haber, an ambitious sleep psychiatrist who quickly grasps the immense power George holds. After becoming adept at manipulating George’s dreams to reshape the world, Haber seeks the same power for himself. George—with some surprising help—must resist Haber’s attempts, which threaten to destroy reality itself. ",suspenseful
My Autobiography,"Take an unforgettable journey with the man George Bernard Shaw called “the only genius to come out of the movie industry” as he moves from his impoverished South London childhood to the heights of Hollywood wealth and fame; from the McCarthy-era investigations to his founding of United Artists to his “reverse migration” back to Europe. Charlie Chaplin’s heartfelt and hilarious autobiography—one of the very first celebrity memoirs—tells the story of his life, showcasing all the charms, peculiarities and deeply-held beliefs that made him such an endearing and lasting character. Re-issued as part of Melville House’s Neversink Library, My Autobiography offers dedicated Chaplin fans and casual admirers alike an astonishing glimpse into the heart and the mind of Hollywood’s original genius maverick.",optimistic
Hardy Boys 01: The Tower Treasure,"A dying criminal confesses that his loot has been stored ""in the tower."" Both towers of the looted mansion are searched in vain. It remains for the Hardy boys to make an astonishing discovery that clears up the mystery and clears the name of a friend’s father.",suspenseful
No More Bananas,"“Feel better, get done more and become a nicer person” In this age of social media, fake news, individualism and information overload, the certainties we relied on in the past are gone. In our quest for assurance and support, the only seemingly dependable pillar left is other people. So we look to them. But they are unsettled too. And by looking to them, we create and perpetuate our own vicious stress-cycle. As a result, we lose our sensible selves. And we go bananas. But there is good news. If we look around us, there are people who withstand the collective lunacy and stay grounded. They do something that most of us have a hard time doing: they stay themselves. And the best news is that what they can do, you can do too. It doesn’t require any special talents or supernatural powers. It only requires doing. In this amiable, open and accessible book, Jeroen Kraaijenbrink takes you on his personal journey out of Bananaland. Drawing from cognitive psychology, martial arts, Saint Benedict, personal experience, and a wide range of other sources, the book offers a nine-step approach with some remarkably practical advice for keeping a cool head in the collective lunacy. “Free yourself from the collective lunacy and reclaim your calm and sensible self”",optimistic
What about Murder?,Identifies and annotates 239 books about mystery and detective fiction published through the end of 1981.,informative
"History, Historians, and Autobiography","Though history and autobiography both claim to tell true stories about the past, historians have traditionally rejected first-person accounts as subjective and therefore unreliable. What then, asks Jeremy D. Popkin in History, Historians, and Autobiography, are we to make of the ever-increasing number of professional historians who are publishing stories of their own lives? And how is this recent development changing the nature of history-writing, the historical profession, and the genre of autobiography? Drawing on the theoretical work of contemporary critics of autobiography and the philosophy of Paul Ricoeur, Popkin reads the autobiographical classics of Edward Gibbon and Henry Adams and the memoirs of contemporary historians such as Emmanuel Le Roy Ladurie, Peter Gay, Jill Ker Conway, and many others, he reveals the contributions historians' life stories make to our understanding of the human experience. Historians' autobiographies, he shows, reveal how scholars arrive at their vocations, the difficulties of writing about modern professional life, and the ways in which personal stories can add to our understanding of historical events such as war, political movements, and the traumas of the Holocaust. An engrossing overview of the way historians view themselves and their profession, this work will be of interest to readers concerned with the ways in which we understand the past, as well as anyone interested in the art of life-writing.",informative
The Moon is Hell,"The Moon is Hell is this great writer-editor's vision of the first men on the moon - written 18 years before Neil Armstrong made history. This is the story of the American space programme - not as it happened, but as it might have been.",optimistic
Part of Your World,"After a wild bet, gourmet grilled-cheese sandwich, and cuddle with a baby goat, Alexis Montgomery has had her world turned upside down. The cause: Daniel Grant, a ridiculously hot carpenter who’s ten years younger than her and as casual as they come—the complete opposite of sophisticated city-girl Alexis. And yet their chemistry is undeniable. While her ultra-wealthy parents want her to carry on the family legacy of world-renowned surgeons, Alexis doesn’t need glory or fame. She’s fine with being a “mere” ER doctor. And every minute she spends with Daniel and the tight-knit town where he lives, she’s discovering just what’s really important. Yet letting their relationship become anything more than a short-term fling would mean turning her back on her family and giving up the opportunity to help thousands of people. Bringing Daniel into her world is impossible, and yet she can’t just give up the joy she’s found with him either. With so many differences between them, how can Alexis possibly choose between her world and his? ",optimistic
Her Last Mistake (A Rachel Gift FBI Suspense Thriller—Book 7),"As beautiful women turn up dead, killed in an eerily peaceful way, FBI Special Agent Rachel Gift recognizes the signature of a serial killer—and knows she has little time left if she is to save the next victim. FBI Agent Rachel Gift, 33, unparalleled for her ability to enter the minds of serial killers, is a rising star in the Behavioral Crimes Unit—until a routine doctor visit reveals she has but a few months left to live. Not wishing to burden others with her pain, Rachel decides, agonizing as it is, not to tell anyone—not even her boss, her partner, her husband, or her seven-year-old daughter. She wants to go down fighting, and to take as many serial killers with her as she can. As she races against time to catch the killer, Rachel’s skills are put to the test like never before. Can she connect all the dots before it’s too late? Or will another victim disappear—forever? ",suspenseful
Undisruptable,"Ian Whitworth built national companies from nothing. Coronavirus hammered some of them flat. Yet he’s fine with that. Because when the chaos is swirling and shit is getting real, there’s opportunity. Now is the time to put yourself in control – where no boss or virus can take you down. So many talented people want to give it a shot, yet they’re held back by the big business myths. But success is simpler than your crusty CEO wants you to think. Ian built his businesses on simple rules, Year 6 maths, basic decency and no jargon. It generated profits that made the bank people say: ‘We’ve never seen anything like this before.’ Ian’s advice is so readable that many of his readers have no interest in commerce, they just like his dry humour and guidance on living a better life. He takes you step-by-step through the whole entrepreneur experience, from the day you open the doors through to when you pay others to run the place for you. There are 60 short and often surprising chapters in the trademark style of his popular 'Motivation for Sceptics' blog, from ‘Your Success Goals Are Built on Lies’ to ‘Business Whack-A-Mole Skills’ and ‘Remote Work Sucks Unless You're Old’. Whether you’re running your own business, leading someone else’s or freelancing, Undisruptable is the only handbook you need. And one you’ll actually enjoy reading to the end.",informative
Your Sacred Self,"The bestselling author of Your Erroneous Zones, Pulling Your Own Strings, and Wisdom of the Ages combines psychological insights and guidelines for achieving spiritual fulfillment to present a three-step program designed to help readers look inside themselves to find a new sense of self-awareness and spiritual joy. Developing the sacred self, Wayne Dyer explains, brings an understanding of our place in the world and a sense of satisfaction in ourselves and others. In Your Sacred Self, Dyer offers a program that helps listeners establish a spiritually-oriented, rather than an ego-oriented, approach to life. Step by step, Dyer shows us how to progress from emotional awareness to psychological insight to spiritual alternatives in order to change our experience of life from the need to acquire to a sense of abundance; from a sense of one's self as sinful and inferior to a sense of one's self as divine; from a need to achieve and acquire to an awareness that detachment and letting go bring freedom. Your Sacred Self is an inspiring, hopeful, illuminating guide that can help everyone live a happier, richer, more meaningful life.",informative
Mail-Order Mysteries,"Rediscover your sense of wonder! Generations of comic book readers remember the tantalizing promises of vintage novelty advertisements that offered authentic laser-gun plans, x-ray specs, and even 7-foot-tall monsters (with glow-in-the-dark eyes!). But what would you really get if you entrusted your hard-earned $1.69 to the post office? Mail-Order Mysteries answers this question, revealing the amazing truths (and agonizing exaggerations) about the actual products marketed to kids in the ‘60s, ‘70s, and ‘80s. Pop-culture historian Kirk Demarais shares his astonishing collection, including: 100 Toy Soldiers in a Footlocker Count Dante’s World’s Deadliest Fighting Secrets GRIT Hercules Wrist Band Hypno-Coin Life-Size Monsters Mystic Smoke Sea Monkeys Soil From Dracula’s Castle U-Control Ghost Ventrilo Voice Thrower ...and many, many more! With more than 150 extraordinary, peculiar, and downright fraudulent collectibles, Mail-Order Mysteries is a must-have book comic book fans everywhere. Trust us.",humorous
The Tao Is Silent,"The Tao Is Silent Is Raymond Smullyan's beguiling and whimsical guide to the meaning and value of eastern philosophy to westerners. ""To me,"" Writes Smullyan, ""Taoism means a state of inner serenity combined with an intense aesthetic awareness. Neither alone is adequate; a purely passive serenity is kind of dull, and an anxiety-ridden awareness is not very appealing."" This is more than a book on Chinese philosophy. It is a series of ideas inspired by Taoism that treats a wide variety of subjects about life in general. Smullyan sees the Taoist as ""one who is not so much in search of something he hasn't, but who is enjoying what he has."" Readers will be charmed and inspired by this witty, sophisticated, yet deeply religious author, whether he is discussing gardening, dogs, the art of napping, or computers who dream that they're human.",poetic
Ancillary Justice,"On a remote, icy planet, the soldier known as Breq is drawing closer to completing her quest. Once, she was the Justice of Toren -- a colossal starship with an artificial intelligence linking thousands of soldiers in the service of the Radch, the empire that conquered the galaxy. Now, an act of treachery has ripped it all away, leaving her with one fragile human body, unanswered questions, and a burning desire for vengeance.",pessimistic
Right Romance,"In this book, Emily Griffiths Jones examines the intersections of romance, religion, and politics in England between 1588 and 1688 to show how writers during this politically turbulent time used the genre of romance to construct diverse ideological communities for themselves. Right Romance argues for a recontextualized understanding of romance as a multigeneric narrative structure or strategy rather than a prose genre and rejects the common assumption that romance was a short-lived mode most commonly associated with royalist politics. Puritan republicans likewise found in romance strength, solace, and grounds for political resistance. Two key works that profoundly influenced seventeenth-century approaches to romance are Philip Sidney’s New Arcadia and Edmund Spenser’s The Faerie Queene, which grappled with romance’s civic potential and its limits for a newly Protestant state. Jones examines how these works influenced writings by royalists and republicans during and after the English Civil War. Remaining chapters pair writers from both sides of the war in order to illuminate the ongoing ideological struggles over romance. John Milton is analyzed alongside Margaret Cavendish and Percy Herbert, and Lucy Hutchinson alongside John Dryden. In the final chapter, Jones studies texts by John Bunyan and Aphra Behn that are known for their resistance to generic categorization in an attempt to rethink romance’s relationship to election, community, gender, and generic form. Original and persuasive, Right Romance advances theoretical discussion about romance, pushing beyond the limits of the genre to discover its impact on constructions of national, communal, and personal identity.",informative
The Autobiography,"From pirate radio to Buckingham Palace and an MBE, Johnnie Walker tells the amazing story of how he came to be one of the best known and most loved broadcasters in Britain, with a voice recognised by millions. Obsessed with music, the young Johnnie longed to move the crowd with the kind of beats he found irresistible. Deejaying in local dance halls and pubs around his childhood home in Solihull gave him a taste for playing his beloved music, and his success showed he had real talent. A great future beckoned. With luck and not a little front, he swung himself a slot on the newly launched pirate radio station Radio England, and Johnnie Walker's incredible career began. Now he tells the full and extraordinary story.",inspirational
The Book of Myself,"Have you ever wanted to create your own autobiography or wished you could read about the life of a relative or friend? The Book of Myself is a do-it-yourself memoir that helps you record and preserve the experiences, relationships, and lessons that define you. Created by a grandson who wanted to capture his grandfather's life story for future generations, The Book of Myself offers 201 memory-evoking prompts on family, friends, and the journey you take through all of life's stages. It is the perfect way for you -- or someone close to you -- to record life's highlights and everyday moments that can slip through your fingers if not written down.",inspirational
The Black Cauldron,"The peaceful land of Prydain is under threat. The evil Lord of Annuvin is using the dark magic of the Black Cauldron to create a terrifying army of deathless warriors. The Cauldron must be destroyed, and Taran joins Prince Gwydion and his faithful knights, Ellidyr and Adaon, in this perilous quest. Taran is desperate to wear his first sword and prove his worth amongst such noble men. But their adventure will demand great sacrifices, as each warrior fulfils his destiny in totally unexpected ways. ",suspenseful
Teaching Tainted Lit,"Popular American fiction has now secured a routine position in the higher education classroom despite its historic status as culturally suspect. This newfound respect and inclusion have almost certainly changed the pedagogical landscape, and Teaching Tainted Lit explores that altered terrain. If the academy has historically ignored, or even sneered at, the popular, then its new accommodation within the framework of college English is noteworthy: surely the popular introduces both pleasures and problems that did not exist when faculty exclusively taught literature from an established “high” canon. How, then, does the assumption that the popular matters affect teaching strategies, classroom climates, and both personal and institutional notions about what it means to study literature? The essays in this collection presume that the popular is here to stay and that its instructive implications are not merely noteworthy, but richly nuanced and deeply compelling. They address a broad variety of issues concerning canonicity, literature, genre, and the classroom, as its contributors teach everything from Stephen King and Lady Gaga to nineteenth-century dime novels and the 1852 best-seller Uncle Tom’s Cabin. It is no secret that teaching popular texts fuels controversies about the value of cultural studies, the alleged relaxation of aesthetic standards, and the possible “dumbing down” of Americans. By implicitly and explicitly addressing such contentious issues, these essays invite a broader conversation about the place of the popular not only in higher education but in the reading lives of all Americans.",informative
Ender's Game,"Andrew ""Ender"" Wiggin thinks he is playing computer simulated war games; he is, in fact, engaged in something far more desperate. The result of genetic experimentation, Ender may be the military genius Earth desperately needs in a war against an alien enemy seeking to destroy all human life. The only way to find out is to throw Ender into ever harsher training, to chip away and find the diamond inside, or destroy him utterly. Ender Wiggin is six years old when it begins. He will grow up fast. But Ender is not the only result of the experiment. The war with the Buggers has been raging for a hundred years, and the quest for the perfect general has been underway almost as long. Ender's two older siblings, Peter and Valentine, are every bit as unusual as he is, but in very different ways. While Peter was too uncontrollably violent, Valentine very nearly lacks the capability for violence altogether. Neither was found suitable for the military's purpose. But they are driven by their jealousy of Ender, and by their inbred drive for power. Peter seeks to control the political process, to become a ruler. Valentine's abilities turn more toward the subtle control of the beliefs of commoner and elite alike, through powerfully convincing essays. Hiding their youth and identities behind the anonymity of the computer networks, these two begin working together to shape the destiny of Earth-an Earth that has no future at all if their brother Ender fails.",pessimistic
Hooked,"Once upon a time, there was a little boy. His belly full of laughter, his life full of joy. Until one day, something changed; stripped his innocence away. The hole inside making space for the devil to come and play. His dreams gone forever, he grew up way too fast. An endless night of crocodiles, and watches made of glass. He grew into a villain, the taste of vengeance on his tongue. Craving to make his enemies pay for the misdeeds they had done. Instead he found a Darling girl, and refused to let her go. For what better way to make the man pay, than to steal his little shadow.",poetic
Autobiography of Red,"Geryon, a young boy who is also a winged red monster, reveals the volcanic terrain of his fragile, tormented soul in an autobiography he begins at the age of five. As he grows older, Geryon escapes his abusive brother and affectionate but ineffectual mother, finding solace behind the lens of his camera and in the arms of a young man named Herakles, a cavalier drifter who leaves him at the peak of infatuation. When Herakles reappears years later, Geryon confronts again the pain of his desire and embarks on a journey that will unleash his creative imagination to its fullest extent. By turns whimsical and haunting, erudite and accessible, richly layered and deceptively simple, Autobiography of Red is a profoundly moving portrait of an artist coming to terms with the fantastic accident of who he is. ",pessimistic
New Romance,"The raw charm of rustic farmhouses, the inviting ease of country homes: New Romance presents romantic interiors inspired by modernity. From country house to chalet, New Romance highlights the charm and grace of interiors. Soft classic tones and unfinished woods provide the look and feel of dreamy antiquity. Mudrooms and breezeways bring the bright airiness of rustic outdoor spaces within the walls of beautiful homes and residences. The classic lines and traditional textures nestled within a palette of pale greys and rosé tones add to the visual storyline: soft and sophisticated, nostalgic and contemporary. New Romance features the impeccably stylized and the casually comfortable whilst providing creative insight and inspiration for established interior designers, quixotic stylists, and those undertaking their own DIY projects. This romantic collection presents an array of desirable and divine dream homes.",poetic
In the Mystery's Shadow,"As our lifespans continue to grow longer, millions of people every year spend time caring for the elderly and dying-some as professionals, some as volunteers, and some through their loving but demanding care for parents, spouses, or other family members or friends. In her book In the Mystery's Shadow, Susan Swetnam draws on her experience serving thousands of ill and dying clients, often in hospice programs, as a certified massage therapist-and also on her experience of caring for her own husband, who died young of cancer. She explains how this sometimes difficult work offers not just the fulfillment of giving comfort to people who need it, but also moments of breathtaking wonder, moments that hint at the untold complexity of being human and affirm our sacred connections with each other. She writes of the hard lessons caregivers learn about themselves, while at the same time knowing the strange and humbling sense of being used in the service of God's love. Insightfully connecting end-of-life care with the liturgical year, Swetnam invites those who care for the sick and dying, whether professional or volunteer, to stay awake to the sacred implications of their labors.",optimistic
Darcy Sweet Mystery,"Introducing Darcy Sweet... She isn't what you would call a girly girl. She almost never wears makeup and loves nothing more than to wear a well-worn pair of jeans, a t-shirt and her most comfortable pair of sneakers. She would like to think she is just an ordinary woman, but she's not. She has a connection to the spirit world that seems to draw her into mysterious situations more often than not. Add to the mix the antics of a rather naughty, slightly psychic cat and the eccentric ghost of her great-aunt Millie, and you have a life that is anything but ordinary",humorous
Gothic Science Fiction 1980-2010,"Gothic fiction's focus on the irrational and supernatural would seem to conflict with science fiction's rational foundations. However, as this novel collection demonstrates, the two categories often intersect in rich and revealing ways. Analyzing a range of works—including literature, film, graphic novels, and trading card games—from the past three decades through the lens of this hybrid genre, this volume examines their engagement with the era's dramatic changes in communication technology, medical science, and personal and global politics.",informative
Pariah's Lament,"When an attempt is made on the life of Ashara, Keeper of Yurr, his young, hapless advisor Edvar must uncover and stop those behind it. With enemies in the capital city and the belligerent Tesh, Keeper of neighbouring nation Karrabar stirring trouble in the Borderlands, can Edvar hold together Ashara's brittle reign? The troubles ripple throughout Yurr, affecting an ancient race of people known as the Amast, who in their time of utmost need, turn to pariah Isy for salvation. Rejected by society, kith and kin, can Isy guide the Amast to safety during the greatest turmoil Yurr has known since the War of the Damned?",suspenseful
Chicken Soup for the Veteran's Soul,"Chicken Soup for the Veteran's Soul will inspire and touch any veterans and their families, and allow others to appreciate the freedom for which they fought.",inspirational
The Dragon Waiting,"In a snowbound inn high in the Alps, four people meet who will alter fate. A noble Byzantine mercenary . . . A female Florentine physician . . . An ageless Welsh wizard . . . And Sforza, the uncanny duke. Together they will wage an intrigue-filled campaign against the might of Byzantium to secure the English throne for Richard, Duke of Gloucester—and make him Richard III. ",suspenseful
Tell No One,"For Dr. David Beck, the loss was shattering. And every day for the past eight years, he has relived the horror of what happened. The gleaming lake. The pale moonlight. The piercing screams. The night his wife was taken. The last night he saw her alive. Everyone tells him it’s time to move on, to forget the past once and for all. But for David Beck, there can be no closure. A message has appeared on his computer, a phrase only he and his dead wife know. Suddenly Beck is taunted with the impossible—that somewhere, somehow, his wife is alive…and he’s been warned to tell no one. ",suspenseful
The Blue Nowhere,"Set in Silicon Valley, full of stunning—and fact-based—technical details, The Blue Nowhere is Deaver for the 21st Century. His code name is Phate—a sadistic computer hacker who infiltrates people's computers, invades their lives, and with chilling precision lures them to their deaths. To stop him, the authorities free imprisoned former hacker Wyatt Gillette to aid the investigation. Teamed with old-school homicide detective Frank Bishop, Gillette must combine their disparate talents to catch a brilliant and merciless killer.",suspenseful
Stories about Stories,"The first comprehensive study of fantasy's uses of myth, this book offers insights into the genre's popularity and cultural importance. Combining history, folklore, and narrative theory, Attebery's study explores familiar and forgotten fantasies and shows how the genre is also an arena for negotiating new relationships with traditional tales.",informative
You Are Not a Rock,"Mental health is . . . being yourself. A prescriptive and positive guide, illustrated with line drawings, making the case that mental well-being, like physical health, can be strengthened over time and with specific techniques We all want to feel less anxiety, guilt, anger and sadness. We want to obsess less and be less lonely, free ourselves from our demons, compulsive habits, and stress. But as humans (unlike rocks) we experience all of these. And paradoxically, trying to avoid and control them only makes things worse. Having struggled with serious mental illness for many years himself, Mark Freeman has become a dedicated mental-health advocate and coach. He makes the case that instead of trying to feel less and avoid pain and stress, we need to build emotional fitness, especially our capacity for strength, balance and focus. With wit, compassion, and depth of experience and anecdotes, he shows that we can recover from many mental disorders, from mild to very serious, at all ages and stages of life, and even if other methods have failed. Freeman's innovative approach makes use of a range of therapeutic techniques, mindfulness training, peer support, humor, and common sense.",inspirational
This Alien Shore,"It is the second stage of human colonization—the first age, humanity’s initial attempt to people the stars, ended in disaster when it was discovered that Earth’s original superluminal drive did permanent genetic damage to all who used it—mutating Earth’s far-flung colonists in mind and body. Now, one of Earth’s first colonies has given humanity back the stars, but at a high price—a monopoly over all human commerce. And when a satellite in Earth’s outer orbit is viciously attacked by corporate raiders, an unusual young woman flees to a ship bound for the Up-and-Out. But her narrow escape does not mean safety. For speeding across the galaxy pursued by ruthless, but unknown adversaries, this young woman will discover a secret which is buried deep inside her psyche—a revelation the universe may not be ready to face . . .",suspenseful
Project Hail Mary," Ryland Grace is the sole survivor on a desperate, last-chance mission—and if he fails, humanity and the earth itself will perish. Except that right now, he doesn’t know that. He can’t even remember his own name, let alone the nature of his assignment or how to complete it. All he knows is that he’s been asleep for a very, very long time. And he’s just been awakened to find himself millions of miles from home, with nothing but two corpses for company. His crewmates dead, his memories fuzzily returning, Ryland realizes that an impossible task now confronts him. Hurtling through space on this tiny ship, it’s up to him to puzzle out an impossible scientific mystery—and conquer an extinction-level threat to our species. And with the clock ticking down and the nearest human being light-years away, he’s got to do it all alone. Or does he? ",suspenseful
Long Walk to Freedom,"Nelson Mandela was one of the great moral and political leaders of his time: an international hero whose lifelong dedication to the fight against racial oppression in South Africa won him the Nobel Peace Prize and the presidency of his country. After his triumphant release in 1990 from more than a quarter-century of imprisonment, Mandela was at the center of the most compelling and inspiring political drama in the world. As president of the African National Congress and head of South Africa's antiapartheid movement, he was instrumental in moving the nation toward multiracial government and majority rule. He is still revered everywhere as a vital force in the fight for human rights and racial equality. Long Walk to Freedom is his moving and exhilarating autobiography, destined to take its place among the finest memoirs of history's greatest figures. Here for the first time, Nelson Rolihlahla Mandela told the extraordinary story of his life -- an epic of struggle, setback, renewed hope, and ultimate triumph. The book that inspired the major motion picture Mandela: Long Walk to Freedom.",inspirational
Golden Chaos,"Life isn't a fairytale, but for a few days I got to pretend it was. Now I'm back in my childhood bedroom in New York, eating breakup ice cream and listening to early 2000s emo music. Whatever, this was the wake-up call I needed. It's time for Ria 2.0. No more bailouts. No more half-baked projects. No more impulsive decisions. Simple, right? Except my ex-boyfriend wants to drop the ex part, the three bears aren't so willing to let their Goldilocks go, and their mother is more Wicked Witch than Mama Bear. How am I supposed to pull it together when chaos follows everywhere I go? ",optimistic
A Way Back to Happy,"Sometimes you have to fall apart so that you can start again... After five years stuck in the wrong marriage, 33-year-old Emma is finally free. Her husband has moved out, her son Freddie is making friends, and her parents are finally trying to stop micro-managing her life. On a celebratory night out with her three best friends, Emma meets Finn. Young, dimpled and irresistibly Scottish Finn. Between landing her dream job, stolen moments with Finn, and precious time with Freddie, Emma is happier than she has ever been. Then one accident changes everything and Emma's life is thrown into chaos. With the help of all who love her, can Emma find a way back to happy? ",suspenseful
Autobiographical Comics,"A complete guide to the history, form and contexts of the genre, Autobiographical Comics helps readers explore the increasingly popular genre of graphic life writing. In an accessible and easy-to-navigate format, the book covers such topics as: · The history and rise of autobiographical comics · Cultural contexts · Key texts – including Maus, Robert Crumb, Persepolis, Fun Home, and American Splendor · Important theoretical and critical approaches to autobiographical comics Autobiographical Comics includes a glossary of crucial critical terms, annotated guides to further reading and online resources and discussion questions to help students and readers develop their understanding of the genre and pursue independent study.",informative
Hardy Boys 19: The Disappearing Floor,"Once again Frank and Joe Hardy take on a puzzling case when their famous detective father asks the boys to assist him in tracking down a notorious jewel thief and his accomplices. The trail leads to the outskirts of the Hardys’ home town and to a weirdly guarded mansion on the old Perth estate. With their pal Chet Morton, the brothers must tackle the mystery of the mansion heir’s sudden death. A disappearing floor, a huge, savage-looking, hound, a galloping ghost, and a college professor’s startling invention are just a few of the strange elements that complicate the boys’ efforts to solve both mysteries.",suspenseful
How to Get Your Sh!t Together: Overcome Anxiety - Defeat Depression - Move on from Trauma - Get Organised - Find Meaning - Follow Your Dreams,"THE LAST SELF-HELP BOOK YOU WILL EVER NEED. In his personal, realistic, and down to earth style, Zachary Phillips shares what it takes to survive the impact of mental illness and childhood trauma. To go from a place of barely surviving, to passionately thriving. Drawing from his lived experience with mental illness, childhood trauma and the recovery process, Zachary Phillips provides practical advice, tips and techniques for: - Overcoming Anxiety - Defeating Depression - Moving On From Trauma - Getting Organised - Finding Meaning - Following Your Dreams How To Get Your Sh!t Together has the potential to turn your life around, to improve your mental state, functionality and overall health. Zachary Phillips is a writer, podcaster, vlogger, teacher, mental health advocate, motivational speaker and martial artist. He uses these platforms to promote mental health awareness, personal development and self-discovery.",inspirational
Surprise Island,"The Aldens spend the summer on Grandfather's island! Joe, the island's friendly handyman, helps them with anything they need, but as the children continue to explore their summer home, they realize there is more to the island—and to their new friend—than meets the eye. ",suspenseful
The Tiger at Midnight,"A broken bond. A dying land. A cat-and-mouse game that can only end in bloodshed. Esha lost everything in the royal coup—and as the legendary rebel known as the Viper, she’s made the guilty pay. Now she’s been tasked with her most important mission to date: taking down the ruthless General Hotha. Kunal has been a soldier since childhood. His uncle, the general, has ensured that Kunal never strays from the path—even as a part of Kunal longs to join the outside world, which has only been growing more volatile. When Esha and Kunal’s paths cross one fated night, an impossible chain of events unfolds. Both the Viper and the soldier think they’re calling the shots, but they’re not the only players moving the pieces. As the bonds that hold their land in order break down and the sins of the past meet the promise of a new future, both the soldier and the rebel must decide where their loyalties lie: with the lives they’ve killed to hold on to or with the love that’s made them dream of something more.",suspenseful
Flesh and Fantasy,"The classiest, most outrageous, most intelligent Hollywood book ever assembled, Flesh and Fantasy reveals the wonderful unreality that made ""Hollywood,"" America's greatest contribution to popular world culture. A witty and stylish panorama of the Star System and the Great American Dream Machine, lavishly illustrated with over 1,000 rare and unusual photographs, Flesh and Fantasy is the ultimate Hollywood book. From the history of the Hollywood cleavage to the history of Hollywood reportage, Penny Stallings shows us how stars were made, how they spent their money in the pre-income tax era, how Oscars were won, what happened to the Lights That Failed, and much, much more. A fun, entertaining, intelligent, and unique book with quizzes, games and gossip galore (did you know Clark Gable was slated to be the original Tarzan?) No one who loves the movies and lives for the Late Show should miss Flesh and Fantasy.",informative
First Class Murder,"A murdered heiress, a missing necklace, and a train full of shifty, unusual, and suspicious characters leaves Daisy and Hazel with a new mystery to solve in this third novel of the Wells & Wong Mystery series. Hazel Wong and Daisy Wells are taking a vacation across Europe on world-famous passenger train, the Orient Express—and it’s clear that each of their fellow first-class travelers has something to hide. Even more intriguing: There’s rumor of a spy in their midst. Then, during dinner, a bloodcurdling scream comes from inside one of the cabins. When the door is broken down, a passenger is found murdered—her stunning ruby necklace gone. But the killer has vanished, as if into thin air. The Wells & Wong Detective Society is ready to crack the case—but this time, they’ve got competition.",suspenseful
Everybody's Autobiography,"“Alice B. Toklas wrote hers and now everybody will write theirs.” In 1933 Gertrude Stein’s The Autobiography of Alice B. Toklas skyrocketed to the top of the bestseller lists, and the author found herself a celebrity. Everybody’s Autobiography is the very Steinian account of her soul-satisfying next five years in France, England, and America, where she made a triumphant tour of the country. Here are Stein’s devastating analyses of some of the major figures of the day whom she met—among them Dashiell Hammett, Charlie Chaplin, Pablo Picasso, Marianne Moore, Mrs. Roosevelt, and Sherwood Anderson—and also of her own life and work.",informative
Out of the Gate,"Dermot Harding is ten years older than me.A family friend. An employee on my father's ranch.But I've loved him as long as I can remember.At eighteen, I kissed him and he pushed me away. He said I was too young. The army took him from me for three long years, but now he's back at Gold Rush Ranch-looking at me like he's never looked at me before. Letting his hands linger longer than they should. Offering to help me train the racehorse I've always dreamed of owning.I say that I've moved on, but our chemistry? It's electric. It's overpowering. And soon all our reasons for staying away from each other fall away, along with our clothes.He says he's too old and too broken for someone like me. He says we can never work. But his body tells another story.I put my pride on the line for him once before.Am I a fool to risk it again?",optimistic
"Self-Help, Inc.",Why doesn't self-help help? Micki McGee explores the demand for self-help & what it tells us about ourselves.,pessimistic
Disrupt Yourself,"Whitney Johnson wants you to consider this simple, yet powerful, idea: disruptive companies and ideas upend markets by doing something truly different--they see a need, an empty space waiting to be filled, and they dare to create something for which a market may not yet exist. As president and cofounder of Rose Park Advisors' Disruptive Innovation Fund with Clayton Christensen, Johnson used the theory of disruptive innovation to invest in publicly traded stocks and private early-stage companies. In Disrupt Yourself, she helps you understand how the frameworks of disruptive innovation can apply to your particular path, whether you are: a self-starter ready to make a disruptive pivot in your business a high-potential individual charting your career trajectory a manager looking to instill innovative thinking amongst your team a leader facing industry changes that make for an uncertain future We are living in an era of accelerating disruption; no one is immune. Johnson makes the compelling case that managing the S-curve waves of learning and mastery is a requisite skill for the future. If you want to be successful in unexpected ways, follow your own disruptive path. Dare to innovate. Do something astonishing. Disrupt yourself.",inspirational
Women and the Autobiographical Impulse,"Forming a critical introduction to the history of women's autobiography from the mid 18th-century to the present, this book analyses the most important changes in women's autobiography, exploring their motivation, context, style, and the role of life experiences. Caine effortlessly segues across three centuries of history: from the emergence of the 'modern autobiography' in the 18th-century which laid bare the scandalous lives of 'fallen women', to the literary and suffragist autobiographies of the 19th-century to the establishment of feminist publishers in the 20th century and the taboo-shattering autobiographies they produced. The result is a much-needed history, one which provides a different way of thinking about the trajectory of genre information. Caine's compelling study fills an important gap in the genre of autobiography, by embracing a wide range of women and offering an extensive discussion of the autobiographies of women across the 19th and 20th centuries, making it ideal for classroom use.",informative
The Daughter of Time,"Inspector Alan Grant of Scotland Yard, recuperating from a broken leg, becomes fascinated with a contemporary portrait of Richard III that bears no resemblance to the Wicked Uncle of history. Could such a sensitive, noble face actually belong to one of the world's most heinous villains, a venomous hunchback who may have killed his brother's children to make his crown secure? Or could Richard have been the victim, turned into a monster by the usurpers of England's throne? Grant determines to find out once and for all, with the help of the British Museum and an American scholar, what kind of man Richard Plantagenet really was and who killed the Princes in the Tower.",suspenseful
The Player Of Games,"The Culture - a humanoid/machine symbiotic society - has thrown up many great Game Players. One of the best is Jernau Morat Gurgeh, Player of Games, master of every board, computer and strategy. Bored with success, Gurgeh travels to the Empire of Azad, cruel & incredibly wealthy, to try their fabulous game, a game so complex, so like life itself, that the winner becomes emperor. Mocked, blackmailed, almost murdered, Gurgeh accepts the game and with it the challenge of his life, and very possibly his death.",suspenseful
The Lotus Palace,"An unlikely pair of heroes find themselves caught in a star-crossed relationship in this rich tale of history, mystery and forbidden love! At the Lotus Palace, the best of society comes to drink and enjoy the company of beautiful and talented courtesans. Street-smart and practical Yue-ying is not part of this elite class but is content to live in the shadow of her mistress, Mingyu, only serving as her silent attendant at the lavish and exquisite palace. Running into notorious flirt Bai Huang changes everything. Bai Huang, an eternal student at the palace, is different from Yue-ying in every way. But as the two are thrown together in an attempt to solve a deadly mystery, they both start to dream of a different life. Their statuses forbid them from being together, but could they find a way to follow their hearts? ",suspenseful
Death on Tap,"When Sloan Krause walks in on her husband, Mac, screwing the barmaid, she gives him the boot. Sloan has spent her life in Leavenworth, Washington becoming an expert in brewing craft beer, and she doesn’t have time to be held back by her soon-to-be ex-husband. She decides to strike out on her own, breaking away from the Krause family brewery, and goes to work for Nitro, the hip new nano-brewery in the Bavarian-themed town. Nitro’s owner, brewmaster Garrett Strong, has the brew-world abuzz with his newest recipe, “Pucker-Up IPA.” This place is the new cool place in town, and Mac can’t help but be green with envy at their success. But just as Sloan is settling in to her new gig, she finds one of Nitro’s competitors dead in the fermenting tub, clutching the secret recipe for the IPA. When Mac, is arrested, Sloan knows that her ex might be a cheater, but a murderer? No way. Danger is brewing in Beervaria and suddenly Sloan is on the case.",suspenseful
The Autobiography of William Carlos Williams,"The Autobiography is an unpretentious book; it reads much as Williams talked--spontaneously and often with a special kind of salty humor. But it is a very human story, glowing with warmth and sensitivity. It brings us close to a rare man and lets us share his affectionate concern for the people to whom he ministered, body and soul, through a long rich life as physician and writer.",informative
Postern of Fate,"Tommy and Tuppence Beresford have just become the proud owners of an old house in an English village. Along with the property, they have inherited some worthless bric-a-brac, including a collection of antique books. While rustling through a copy of The Black Arrow, Tuppence comes upon a series of apparently random underlinings. However, when she writes down the letters, they spell out a very disturbing message: ""Mary Jordan did not die naturally."" And sixty years after their first murder, Mary Jordan's enemies are still ready to kill. . . .",suspenseful
Scardown,"She wasn’t born for this mission. She was modified for it. The year is 2062, and after years on the run, Jenny Casey is back in the Canadian armed forces. Those who were once her enemies are now her allies, and at fifty, she’ s been handpicked for the most important mission of her life—a mission for which her artificially reconstructed body is perfectly suited. With the earth capable of sustaining life for just another century, Jenny—as pilot of the starship Montreal—must discover brave new worlds. And with time running out, she must succeed where others have failed. Now Jenny is caught in a desperate battle where old resentments become bitter betrayals and justice takes the cruelest forms of vengeance. With the help of a brilliant AI, an ex-crime lord, and the man she loves, Jenny may just get her chance to save the world. If it doesn’t come to an end first. . . .",suspenseful
Twenty Thousand Leagues Under the Sea,"When an unidentified “monster” threatens international shipping, French oceanographer Pierre Aronnax and his unflappable assistant Conseil join an expedition organized by the US Navy to hunt down and destroy the menace. After months of fruitless searching, they finally grapple with their quarry, but Aronnax, Conseil, and the brash Canadian harpooner Ned Land are thrown overboard in the attack, only to find that the “monster” is actually a futuristic submarine, the Nautilus, commanded by a shadowy, mystical, preternaturally imposing man who calls himself Captain Nemo. Thus begins a journey of 20,000 leagues—nearly 50,000 miles—that will take Captain Nemo, his crew, and these three adventurers on a journey of discovery through undersea forests, coral graveyards, miles-deep trenches, and even the sunken ruins of Atlantis.",suspenseful
Red Velvet Cupcake Murder,"This summer has been warmer than usual in Lake Eden, Minnesota, and Hannah Swensen is trying to beat the heat both in and out of her bakery kitchen. But she’s about to find out the hard way that nothing cools off a hot day like a cold-blooded murder. At the grand opening of a local hotel, a police department employee nearly dies falling from a penthouse—and then another woman, with whom Hannah has a less-than-friendly relationship, winds up dead. Hannah is the prime suspect—and to clear her own name, she’s got to find out who iced the victim.",suspenseful
Shikasta,"This is the first volume in the series of novels Doris Lessing calls collectively Canopus in Argos: Archives. Presented as a compilation of documents, reports, letters, speeches and journal entries, this purports to be a general study of the planet Shikasta, clearly the planet Earth, to be used by history students of the higher planet Canopus and to be stored in the Canopian archives. For eons, galactic empires have struggled against one another, and Shikasta is one of the main battlegrounds. Johar, an emissary from Canopus and the primary contributor to the archives, visits Shikasta over the millennia from the time of the giants and the biblical great flood up to the present. With every visit he tries to distract Shikastans from the evil influences of the planet Shammat but notes with dismay the ever-growing chaos and destruction of Shikasta as its people hurl themselves towards World War III and annihilation.",informative
Not a Self-help Book," Marty Wu, compulsive reader of advice manuals, would love to come across as a poised young advertising professional. Instead she trips over her own feet and blurts out inappropriate comments. The bulk of her brain matter, she decides, consists of gerbils ""spinning madly in alternating directions."" Marty hopes to someday open a boutique costume shop, but it's hard to keep focused on her dream. First comes a spectacular career meltdown that sends her ricocheting between the stress of New York and the warmth of supportive relatives in Taiwan. Then she faces one domestic drama after another, with a formidable mother who's impossible to please, an annoyingly successful and well- adjusted brother, and surprising family secrets that pop up just when she doesn't want to deal with them. Mining the comedic potential of the 1.5-generation American experience, NOT A SELF-HELP BOOK is an insightful and witty portrait of a young woman scrambling to balance familial expectations and her own creative dreams. ",humorous
Iacocca,"He’s an American legend, a straight-shooting businessman who brought Chrysler back from the brink and in the process became a media celebrity, newsmaker, and a man many had urged to run for president. The son of Italian immigrants, Lee Iacocca rose spectacularly through the ranks of Ford Motor Company to become its president, only to be toppled eight years later in a power play that should have shattered him. But Lee Iacocca didn’t get mad, he got even. He led a battle for Chrysler’s survival that made his name a symbol of integrity, know-how, and guts for millions of Americans. In his classic hard-hitting style, he tells us how he changed the automobile industry in the 1960s by creating the phenomenal Mustang. He goes behind the scenes for a look at Henry Ford’s reign of intimidation and manipulation. He recounts the miraculous rebirth of Chrysler from near bankruptcy to repayment of its $1.2 billion government loan so early that Washington didn’t know how to cash the check.",inspirational
Luka Modric,"For the first time, Real Madrid galáctico and Croatian legend Luka Modric tells the story of his journey from a childhood in his war-torn homeland to becoming a serial UEFA Champions League winner and one of the most celebrated footballers in the world. Regarded as one of the great midfield players of the last 20 years, Luka reveals the difficulties of growing up during the Croatian War of Independence and his beginnings as a footballer. The FIFA World Cup finalist sets the record straight regarding key moments at Dinamo Zagreb, Tottenham Hotspur and Real Madrid; he gives us intimate insights into his treasured home life; and he brings us his personal account of his career peak – Croatia's dramatic path to the 2018 FIFA World Cup Final. What were his thoughts during decisive matches? What was his relationship with key players and coaches? What is the inner determination that keeps him on the pitch? What does it take to become the best footballer in the world? Luka was consistently underestimated in his early career, but through grit and determination he has defied the expectations of everyone who doubted him, and reached the ultimate heights of world football. This is Luka Modric in his own words.",inspirational
Fun Home,"A fresh and brilliantly told memoir from a cult favorite comic artist, marked by gothic twists, a family funeral home, sexual angst, and great books. This breakout book by Alison Bechdel is a darkly funny family tale, pitch-perfectly illustrated with Bechdel's sweetly gothic drawings. Like Marjane Satrapi's Persepolis, it's a story exhilaratingly suited to graphic memoir form. Meet Alison's father, a historic preservation expert and obsessive restorer of the family's Victorian home, a third-generation funeral home director, a high school English teacher, an icily distant parent, and a closeted homosexual who, as it turns out, is involved with his male students and a family babysitter. Through narrative that is alternately heartbreaking and fiercely funny, we are drawn into a daughter's complex yearning for her father. And yet, apart from assigned stints dusting caskets at the family-owned ""fun home,"" as Alison and her brothers call it, the relationship achieves its most intimate expression through the shared code of books. When Alison comes out as homosexual herself in late adolescense, the denouement is swift, graphic -- and redemptive.",optimistic
Dirty Like Me,"Struggling barista Katie Bloom doesn't even know who Jesse Mayes is until she inadvertently wins the coveted role of sex kitten in his hot new music video. But by the time she's in bed with him, she knows his reputation as a love maker and heartbreaker. Making out with a stranger in front of a camera crew isn't how Katie imagined herself getting over a broken heart but when Jesse touches her, sparks fly. The sex is fake but the chemistry is real and soon the steamy video is blazing up the charts. Then Jesse makes Katie an irresistible offer: act as his girlfriend for six weeks while he promotes his new album. The only catch is that their sizzling make-out sessions will be for the cameras only.",suspenseful
The Folding Knife,"Basso the Magnificent. Basso the Great. Basso the Wise. The First Citizen of the Vesani Republic is an extraordinary man. He is ruthless, cunning, and above all, lucky. He brings wealth, power and prestige to his people. But with power comes unwanted attention, and Basso must defend his nation and himself from threats foreign and domestic. In a lifetime of crucial decisions, he's only ever made one mistake. One mistake, though, can be enough.",suspenseful
The Midnight Library: A GMA Book Club Pick,"Somewhere out beyond the edge of the universe there is a library that contains an infinite number of books, each one the story of another reality. One tells the story of your life as it is, along with another book for the other life you could have lived if you had made a different choice at any point in your life. While we all wonder how our lives might have been, what if you had the chance to go to the library and see for yourself? Would any of these other lives truly be better? In The Midnight Library, Matt Haig's enchanting blockbuster novel, Nora Seed finds herself faced with this decision. Faced with the possibility of changing her life for a new one, following a different career, undoing old breakups, realizing her dreams of becoming a glaciologist; she must search within herself as she travels through the Midnight Library to decide what is truly fulfilling in life, and what makes it worth living in the first place.",suspenseful
Theory of Prose,"Viktor Shklovsky's 1925 book Theory of Prose might have become the most important work of literary criticism in the twentieth century had not two obstacles barred its way: the crackdown by the Soviet dictatorship on Shklovsky and other Russian Formalists in the 1930s, and the unavailability of an English translation. Now translated in its entirety for the first time, Theory of Prose not only anticipates structuralism and post-structuralism, but poses questions about the nature of fiction that are as provocative today as they were in the 1920s. Arguing that writers structure their material according to artistic principles rather than from attempts to imitate ""reality,"" Shklovsky uses Cervantes, Tolstoi, Sterne, Dickens, Bely, and Rozanov to give us a new way of thinking about fiction and, in his most impassioned moments, about the world. Benjamin Sher's lucid translation will allow Shklovsky's Theory of Prose to fulfill its destiny as a major theoretical work of the twentieth century.",informative
The New Routledge Companion to Science Fiction,"The New Routledge Companion to Science Fiction provides an overview of the study of science fiction across multiple academic fields. It offers a new conceptualisation of the field today, marking the significant changes that have taken place in sf studies over the past 15 years. Building on the pioneering research in the first edition, the collection reorganises historical coverage of the genre to emphasise new geographical areas of cultural production and the growing importance of media beyond print. It also updates and expands the range of frameworks that are relevant to the study of science fiction. The periodisation has been reframed to include new chapters focusing on science fiction produced outside the Anglophone context, including South Asian, Latin American, Chinese and African diasporic science fiction. The contributors use both well- established critical and theoretical approaches and embrace a range of new ones, including biopolitics, climate crisis, critical ethnic studies, disability studies, energy humanities, game studies, medical humanities, new materialisms and sonic studies. This book is an invaluable resource for students and established scholars seeking to understand the vast range of engagements with science fiction in scholarship today.",informative
In My Own Way,"In this new edition of his acclaimed autobiography — long out of print and rare until now — Alan Watts tracks his spiritual and philosophical evolution. A child of religious conservatives in rural England, he went on to become a freewheeling spiritual teacher who challenged Westerners to defy convention and think for themselves. Watts's portrait of himself shows that he was a philosophical renegade from early on in his intellectual life. Self-taught in many areas, he came to Buddhism through the teachings of Christmas Humphreys and D. T. Suzuki. Told in a nonlinear style, In My Own Way combines Watts's brand of unconventional philosophy with wry observations on Western culture and often hilarious accounts of gurus, celebrities, and psychedelic drug experiences. A charming foreword by Watts's father sets the tone of this warm, funny, and beautifully written story. Watts encouraged readers to “follow your own weird” — something he always did himself, as this remarkable account of his life shows.",inspirational
Science Fiction and Philosophy,"A timely volume that uses science fiction as a springboard to meaningful philosophical discussions, especially at points of contact between science fiction and new scientific developments. Raises questions and examines timely themes concerning the nature of the mind, time travel, artificial intelligence, neural enhancement, free will, the nature of persons, transhumanism, virtual reality, and neuroethics Draws on a broad range of books, films and television series, including The Matrix, Star Trek, Blade Runner, Frankenstein, Brave New World, The Time Machine, and Back to the Future Considers the classic philosophical puzzles that appeal to the general reader, while also exploring new topics of interest to the more seasoned academic",informative
Hodor Autobiography,"Hodor finally tells his heroic tale in his own words! With his enormous size and strength, Hodor carries/drags Bran Stark through great dangers on their harrowing journey North. As a reader, remember that Hodor tells you his saga IN HIS OWN WORDS. If you love this hero as much as we do, you'll know exactly what to expect in Hodor's autobiography. ",informative
Romance Writing,"Romance Writing explores the changing nature of both the romance genre and the discourse of romantic love from the seventeenth century to the present day. Indeed, it is one of the first studies to approach romantic love as both genre and discourse in more than sixty years. Faced with the challenge of writing a cultural history for what is commonly understood to be one of lifes most universal, a-historical and cross-cultural phenomena, Lynne Pearce has invoked the concept of the gift to calculate loves added value at different cultural/historical moments. Building upon those philosophical traditions which have argued for the powerfully transformative nature of romantic love, Pearce shows how in the history of literature lovers have utilized its spark to change not only themselves, but also their worlds, through acts of creativity and heroism. The gift of love ranges from the simple gift of a name in the seventeenth century, through notions of immortality, self-sacrifice and selfhood in the nineteenth and twentieth centuries, through to the liberating temporal and spatial dislocations of the postmodern age. The opening chapter, The Alchemy of Love, also undertakes an in-depth engagement of the changing nature, and meaning, of romantic love. Providing a judicious blend of close reading and cultural history, Romance Writing will be essential reading for undergraduate students as well as postgraduates and scholars working in the field, while also offering much of interest to the general reader.",optimistic
Time Off,"Discover the transformative power of leisure to recapture your calm and creativity.Are your busiest days really the ones that make you feel the most accomplished? It might be time to question whether 'busy' = 'productive'. After reaching breaking points in their careers, business coach John Fitch and AI researcher Max Frenzel learned the critical importance of taking time off. Now these former workaholics will help you revolutionize the way you get things done.History's greatest minds, as well as some of the most successful leaders, thinkers, and creatives of today, found success by practicing a more balanced approach to work and life. Embracing their insights on how constant hustle can be your worst enemy, you will realize that time off means much more than just taking a break. Rediscover a more fulfilled and versatile version of yourself and unlock your true creative potential.Through relatable personal anecdotes, historically sound approaches to downtime, and scientifically backed strategies for increasing your creativity, Time Off will reshape the way you think about work and leisure.In Time Off, you'll discover:- The most effective methods to reclaim leisure, while increasing productivity and creativity- Why having a rest ethic will be a key competitive advantage in the future of work- Tactics for getting away from the work without the dreaded guilt- How to thrive alongside AI and use technology to become more human- The many ways in which time off improves your leadership skills, and much, much more!",optimistic
Mystery Lights at Blue Harbour,"Lorinda and James are up to their ears in mystery. What are those scary lights flashing through the moonless dark out on the inky water? No one will answer their questions, not even their parents. They're scared, too! It's up to Lorinda and James and their friends to get to the bottom of this ...",suspenseful
Spark Romance,"Romance in a box: the gift of simple, meaningful strategies to kindle a spark and break up the routine in a pick-me-up package. Filled with conversation starters, fun date ideas, and ways to express love that will deepen a connection and spark intimacy. Sweet and not overtly sexy, these prompts will shake up the routine for couples at any stage in their relationship. Includes 50 faux matchsticks with printed prompts. ",informative
Young Adult Science Fiction,"At the close of the nineteenth century, American youths developed a growing interest in electricity and its applications, machines, and gadgetry. When authors and publishers recognized the extent of this interest in technology, they sought to create reading materials that would meet this market need. The result was science fiction written especially for young adults. While critics tended to neglect young adult science fiction for decades, they gradually came to recognize its practical and cultural value. Science fiction inspired many young adults to study science and engineering and helped foster technological innovation. At the same time, these works also explored cultural and social concerns more commonly associated with serious literature. Nor was young adult science fiction a peculiarly American phenomenon: authors in other countries likewise wrote science fiction for young adult readers. This book examines young adult science fiction in the U.S. and several other countries and explores issues central to the genre. The first part of the book treats the larger contexts of young adult science fiction and includes chapters on its history and development. Included are discussions of science fiction for young adults in the U.S. and in Canada, Great Britain, Germany, and Australia. These chapters are written by expert contributors and chart the history of young adult science fiction from the nineteenth century to the present. The second section of the book considers topics of special interest to young adult science fiction. Some of the chapters look at particular forms and expressions of science fiction, such as films and comic books. Others treat particular topics, such as the portrayal of women in Robert Heinlein's works and representations of war in young adult science fiction. Yet another chapter studies the young adult science fiction novel as a coming-of-age story and thus helps distinguish the genre from science fiction written for adult readers. All chapters reflect current research, and the volume concludes with extensive bibliographies.",informative
The Cambridge Companion to Fantasy Literature,This is the first introduction to the whole field of modern fantasy literature in the English-speaking world.,informative
Froch,"When Carl Froch defeated George Groves in their Wembley Stadium re-match in front of 80,000 fans, it went down as the biggest fight in British boxing history, cementing Carl’s place as our greatest boxer – a pure warrior who has never accepted the easy way. Carl grew up a tough kid on a Nottingham estate, where boxing helped to keep him out of trouble. His incredible natural ability soon led to a world amateur medal before he turned pro and embarked on a long journey with his mentor and corner man Rob McCracken. Carl’s career has always been defined by taking on the odds with blisteringly tough fights. He was never scared to fight in someone else’s backyard and always faced the hardest opponents to prove himself – Jean Pascal, Arthur Abraham, Andre Ward, Lucien Bute and his incredible last round knock-out of Jermain Taylor. But of course he will always be remembered for his showdowns with the great Dane Mikkel Kessler and then George Groves, avenging his initial points defeat by Kessler and finishing Groves for a second time with one of the greatest punches in British boxing history. Froch was first a local and now a national hero and here he tells the story of how he fought his way through sheer guts and determination to the summit of the boxing world. ",informative
The Art of Self-Improvement,"A brilliant distillation of the key ideas behind successful self-improvement practices throughout history, showing us how they remain relevant today. Literary Supplement Self-help today is a multi-billion-dollar global industry, one often seen as a by-product of neoliberalism and capitalism. Far from being a recent phenomenon, however, the practice of self-improvement has a long and rich history, extending all the way back to ancient China. For millennia, philosophers, sages, and theologians have reflected on the good life and devised strategies on how to achieve it. Focusing on ten core ideas of self-improvement that run through the world's advice literature, Anna Katharina Schaffner reveals the ways they have evolved across cultures and historical eras, and why they continue to resonate with us today. Reminding us that there is much to learn from looking at time-honed models, Schaffner also examines the ways that self-improvement practices provide powerful barometers of the values, anxieties, and aspirations that preoccupy us at particular moments in time and expose basic assumptions about our purpose and nature.",informative
Dragonsbane,"An idealistic young prince convinces an aging warrior and a struggling witch to help him kill the dragon that is terrorizing his kingdom/. As a vicious dragon stalks the Southlands, Crown Prince Gareth ventures to the forbidding North in search of the only man who can kill it. He is Lord Aversin, the Dragonsbane, whose dragon-slaying days have won him renown across the land. But when Gareth finds Lord Aversin, he discovers the mighty hero is squat and bespectacled, the ruler of a mud-village who admits that he killed the dragon not with a lance, but with ignoble poison. Still, he’ll have to do. Gareth and Aversin set off in company with Jenny Waynest, a witch with great ambitions but disappointingly puny powers—a ragtag crew destined to become legendary, or die in the attempt. ",humorous
Ensnared (The Spider's Mate #1),"He's spent years as a hunter, but now he's the one ensnared in a creature's trap. Ketahn did not want a mate. Fate has a different plan for him. When the queen he despises declares her intention to claim him, he retreats into the jungle. What he finds there changes his world. Small, delicate, and pale skinned, Ivy Foster is nothing like the females Ketahn has known. She's not of his kind at all. Yet the moment he sees her, he knows the truth in his soul-she is his heartsthread. And now that he has her, he won't let anything take her away. Not the jungle, not the gods, not the queen and her warriors. Whether Ivy agrees or not, their webs are entangled. ",pessimistic
A Planet for Rent,"In A Planet for Rent, Yoss critiques life under Castro in the ‘90s by drawing parallels with a possible Earth of the not-so-distant future. Wracked by economic and environmental problems, the desperate planet is rescued, for better or worse, by alien colonizers, who remake the planet as a tourist destination. Ruled over by a brutal interstellar bureaucracy, dispossessed humans seek better lives via the few routes available—working for the colonial police; eking out a living as black marketeers, drug dealers, or artists; prostituting themselves to exploitative extraterrestrial visitors—or they face the cold void of space in rickety illegal ships.",pessimistic
The Gunslinger,"He is a haunting figure, a loner on a spellbinding journey into good and evil. In his desolate world, which frighteningly mirrors our own, Roland pursues The Man in Black, encounters an alluring woman named Alice, and begins a friendship with the Kid from Earth called Jake. Both grippingly realistic and eerily dreamlike, The Gunslinger leaves readers eagerly awaiting the next chapter.",suspenseful
Murder at the Brightwell,"“It’s more terrible than you think, Mrs. Ames. It appears that Mr. Howe was murdered.” Amory Ames, a wealthy young woman questioning her marriage to her notoriously charming playboy husband, Milo, is looking for a change. She accepts a request for help from her former fiancé, Gil Trent, not knowing that she’ll soon become embroiled in a murder investigation that will not only test her friendship with Gil, but also will upset the status quo with her husband. Amory accompanies Gil to the luxurious Brightwell Hotel in an attempt to circumvent the marriage of his sister, Emmeline, to Rupert Howe a disreputable ladies man. There is more than her happiness at stake, however, when Rupert is murdered and Gil is arrested for the crime. Matters are further complicated by Milo’s unexpected arrival, and as the line between friend and foe becomes less clear, Amory must decide where her heart lies and catch the killer before she, too, becomes a victim. ",suspenseful
3 Science Fiction Stories,"Monsoons of Death: A very nice blend of horror story and a study of true bravery on the planet Mars. A newly commissioned lieutenant finds out a lot about both! Larson's Luck: Vance takes us on a lighthearted jaunt into hot shot space ship pilots, piracy and the good part of breaking the rules. Vital Ingredient: Travel far into the future when the sport of boxing still has two muscled opponents battling it out in a ring, but they are simply puppets, every muscle, feint and jab controlled by ring side ""managers""; ex fighters who have moved up. The story asks the question: is this how champions are made? And answers it of course in a most satisfying manner.",optimistic
The Big Leap,"Hansen, co-author of Cracking the Millionaire Code In The Big Leap, Gay Hendricks, the New York Times bestselling author of Five Wishes, demonstrates how to eliminate the barriers to success by overcoming false fears and beliefs. Fans of Wayne Dyer, Eckhart Tolle, Marianne Williamson, and The Secret will find useful, effective tips for breaking down the walls to a better life in The Big Leap.",informative
The End of Self-Help,"The self-help genre is replete with books telling people how to be happier and more fulfilled. And books with a spiritual or mindfulness perspective suggest that being present is the solution. But no book provides the precise and constructive guidance needed to discover that happiness is truly possible in any moment. Until now. Using clear language and useful examples, ""The End of Self-Help: Discovering Peace and Happiness Right at the Heart of Your Messy, Scary, Brilliant Life"" describes how personal suffering is a case of mistaken identity. The book starts with common, entrenched psychological experiences such as unresolved problems from the past, worries about the future, feelings of inadequacy, compulsive behaviors, and confusing emotions. In skillful detail, it illuminates the shift of attention required for true happiness. Explorations in each chapter bring the material alive in the reader's own experience, essential to challenge decades of conditioning.The book walks alongside readers as they become experts in how their thoughts and feelings bring about suffering and realize the simple fact of peaceful, aware presence that is always here and available. It describes that this infinite, spacious presence is the truth of who we are, that we're not limited to our thoughts and feelings. The book illustrates how to live this insight in the moments of everyday life.",inspirational
Move on Motherf*cker,"Your negative inner voice is a total assh*le. Tell it to f*ck off with this irreverent, laugh-out-loud guide! I’m not good enough. This shouldn’t be happening. Things never work out for me. When we’re anxious, stressed, or fearful, the negative voice in our heads can be extremely powerful. It tells us we’re not smart or attractive enough. It berates us for our mistakes. And it keeps us feeling stuck in an endless loop of worry, shame, and hopelessness. But there is a way to shut it down. Blending evidence-based cognitive behavioral therapy (CBT), mindfulness, and profanity, this unexpected guide will show you how to respond to your negative inner voice with one very important phrase: Move on, mother*cker (MOMF)! With MOMF, you’ll learn to manage worry and anxiety, put a stop to unhelpful internal dialogue, and approach new situations with humor, levity, and perspective. You’ll also find real tools to help you: Set personal and professional boundaries Identify toxic or codependent relationships Become assertive without being aggressive Stop seeking perfection This book also includes journaling and other self-awareness exercises to help you put MOMF to work every day. So, stop letting your inner voice tear you down. With this fun and effective guide, you’ll learn how to take control of your negative thoughts and get back to living your best life.",humorous
Telling Lies in Modern American Autobiography,"This collection of twelve essays discusses the principles and practices of women's autobiographical writing in America, England, and France from the eighteenth to the twentieth centuries.",informative
The Uncoiling Python,"The oral and written traditions of the Africans of South Africa have provided an understanding of their past and the way the past relates to the present. These traditions continue to shape the past by the present, and vice versa. From the time colonial forces first came to the region in 1487, oral and written traditions have been a bulwark against what became 350 years of colonial rule, characterized by the racist policies of apartheid. The Uncoiling Python: South African Storytellers and Resistance is the first in-depth study of how Africans used oral traditions as a means of survival against European domination. Africans resisted colonial rule from the beginning. They participated in open insurrections and other subversive activities in order to withstand the daily humiliations of colonial rule. Perhaps the most effective and least apparent expression of subversion was through indigenous storytelling and poetic traditions. Harold Scheub has collected the stories and poetry of the Xhosa, Zulu, Swati, and Ndebele peoples to present a fascinating analysis of how the apparently harmless tellers of tales and creators of poetry acted as front-line soldiers.",informative
The Wild,"I brought them to the wilderness because we couldn't cope with our reality. The plan was to make a new life that didn't include heartache. No people. No technology. No interference. Just us. A chance to piece together what was broken. But the wilderness is untamed and harsh. Brutal and unforgiving. It doesn't give a damn about your feelings. Tragedy lives there too. No escaping the truths that won't let you go. All you can do is survive where love, no matter how beastly, is the only thing you can truly count on. Confusing. Wrong. Twisted. Beautiful. Sick. Love is wild. And we're going to set it free. WARNING: The Wild is an extremely taboo story. Most will find that the themes in this book will make you incredibly uncomfortable or maybe even offend you. This book is only for the brave, the open-minded, and the ones who crave love in even the most dismal of situations. Extreme sexual themes and violence in certain scenes, which could trigger emotional distress, are found in this story. If you are sensitive to heavy taboo themes, then this story is not for you. Seriously, you've been warned. Don't say I didn't try. You're probably going to cringe many, many, many times. Even if you're on the fence, it's probably not a good idea to proceed. However, if you're intrigued and fearless and kind of sort of trust me, then carry on. This book is for you.",poetic
The Plus One,"A brilliant but socially inept robotics engineer builds her own wedding date--and learns more about love than she ever expected--in this hilarious and heartwarming debut novel. ""Prepare to fall in love!"" --Aimee Agresti, author of Campaign Widows When she couldn't find Mr. Right, she built him. Dating is hard. Being dateless at your perfect sister's wedding is harder. Meet Kelly. Twenty-nine, go-getter, a brilliant robotics engineer, and perpetually single. So when her younger sister's wedding looms and her attempts to find a date become increasingly cringeworthy, Kelly does the only logical thing: she builds her own boyfriend. Ethan is perfect: gorgeous, attentive, and smart--all topped off by a mechanical heart endlessly devoted to her. Not to mention he's good with her mother. When she's with him, Kelly discovers a more confident, spontaneous version of herself--the person she'd always dreamed she could be. But as the struggle to keep Ethan's identity secret threatens to detonate her career, Kelly knows she has to kiss her perfect man good-bye. There's just one problem: she's falling for him.",humorous
Pseudoscience and Science Fiction,"Aliens, flying saucers, ESP, the Bermuda Triangle, antigravity ... are we talking about science fiction or pseudoscience? Sometimes it is difficult to tell the difference. Both pseudoscience and science fiction (SF) are creative endeavours that have little in common with academic science, beyond the superficial trappings of jargon and subject matter. The most obvious difference between the two is that pseudoscience is presented as fact, not fiction. Yet like SF, and unlike real science, pseudoscience is driven by a desire to please an audience – in this case, people who “want to believe”. This has led to significant cross-fertilization between the two disciplines. SF authors often draw on “real” pseudoscientific theories to add verisimilitude to their stories, while on other occasions pseudoscience takes its cue from SF – the symbiotic relationship between ufology and Hollywood being a prime example of this. This engagingly written, well researched and richly illustrated text explores a wide range of intriguing similarities and differences between pseudoscience and the fictional science found in SF. ",suspenseful
What the Devil Knows,"Sebastian St. Cyr thought a notorious killer had been brought to justice until a shocking series of gruesome new murders stuns the city in this thrilling historical mystery from the USA Today bestselling author of Who Speaks for the Damned. It's October 1814. The war with France is finally over and Europe's diplomats are convening in Vienna for a conference that will put their world back together. With peace finally at hand, London suddenly finds itself in the grip of a series of heinous murders eerily similar to the Ratcliffe Highway murders of three years before. In 1811, two entire families were viciously murdered in their homes. A suspect--a young seaman named John Williams--was arrested. But before he could be brought to trial, Williams hanged himself in his cell. The murders ceased, and London slowly began to breathe easier. But when the lead investigator, Sir Edwin Pym, is killed in the same brutal way three years later and others possibly connected to the original case meet violent ends, the city is paralyzed with terror once more. Was the wrong man arrested for the murders? Bow Street magistrate Sir Henry Lovejoy turns to his friend Sebastian St. Cyr, Viscount Devlin, for assistance. Pym's colleagues are convinced his manner of death is a coincidence, but Sebastian has his doubts. The more he looks into the three-year-old murders, the more certain he becomes that the hapless John Williams was not the real killer. Which begs the question--who was and why are they dead set on killing again?",suspenseful
The Icarus Hunt," Jordan McKell has a problem with authority. Unfortunately for him, the iron-fisted authority of the powerful Patthaaunutth controls virtually every aspect of galactic shipping. In order to survive, Jordan ekes out a living dabbling in interstellar smuggling for outlaw concerns that represent the last vestiges of free trade in the galaxy. So when Jordan and his partner, Ixil--an alien with two ferret-like ""outhunters"" linked to his neural system--are hired by a mysterious gentleman to fly a ship and its special cargo to Earth, they jump at the job. Caution has never been one of Jordan's strong suits. But this time he may have taken on more than even he can handle. The ship, Icarus, turns out to be a ramshackle hulk, the ragtag crew literally picked up off the street, and the cargo so secret, it's sealed in a special container that takes up most of the cramped and ill-designed ship. As if that weren't bad enough, it looks like the authorities already suspect something is afoot, there's a saboteur aboard, and the Icarus appears to be shaking apart at the seams. It doesn't seem as if things could get any worse. That is, until a beautiful crew member helps McKell uncover the true nature of the cargo he's carrying. With his enemies closing in on the lumbering Icarus, the unknown saboteur still aboard, and authorities on Earth pressured to turn them in, McKell and Ixil become fugitives. Their only chance is to stay one step ahead of their pursuers as they try to make it home. A bold and epic novel filled with unrelenting action and a good dose of humor, The Icarus Hunt is a wild hyperspace romp through the galaxy.",suspenseful
The Winter King,"After three long years of war, starkly handsome Wynter Atrialan will have his vengeance on Summerlea's king by taking one of the man's beautiful, beloved daughters as his bride. But though peace is finally at hand, Wynter's battle with the Ice Heart, the dread power he embraced to avenge his brother's death, rages on. Khamsin Coruscate, Princess of Summerlea and summoner of Storms, has spent her life exiled to the shadows of her father's palace. Reviled by her father, marriage to Wintercraig's icy king was supposed to be a terrible punishment, but instead offers Kham her first taste of freedom—and her first taste of overwhelming passion. As fierce, indomitable Wynter weathers even Khamsin's wildest storms, surprising her with a tenderness she never expected, Kham wants more than Wynter's passion—she yearns for his love. But the power of the Ice Heart is growing, dangerous forces are gathering, and a devastating betrayal puts Khamsin and Wynter to the ultimate test.",suspenseful
Writing Memoir (Lit Starts),"Focus on a single aspect of the craft of writing with help from the San Francisco Writers' Grotto. Writing Memoir starts with a foreword by New York Times bestselling author Julie Lythcott-Haims, who offers pointers for crafting a compelling narrative from your own experiences. The rest of the book consists of prompts and space to write, providing opportunities to reframe aspects of your life in thoughtful and interesting ways. Among other ideas, you'll be asked to write: a virtual tour of your hometown a description of what's in your purse or wallet right now a list of all the lies you've told an account of a historical event from your own lifetime, in a way that reveals something significant about yourself Perfectly sized to take to a café, on vacation, or on your morning commute, this book is designed for practicing your creative writing a little bit at a time. Special Features Paperback with textured cover stock, flaps, and a lay-flat binding Advice from a published writer, followed by fill-in prompts and space to write Part of the Lit Starts series, a collection of single-subject writing prompt books by the San Francisco Writers' Grotto Check out the other books in this series: Writing Action, Writing Character, Writing Dialogue, Writing Humor, and Writing Sci-fi and Fantasy.",optimistic
The Sittaford Mystery,"In a remote house in the middle of Dartmoor, six shadowy figures huddle around a table for a seance. Tension rises as the spirits spell out a chilling message: ""Captain Trevelyan . . . dead . . . murder."" Is this black magic or simply a macabre joke? The only way to be certain is to locate Captain Trevelyan. Unfortunately, his home is six miles away and, with snowdrifts blocking the roads, someone will have to make the journey on foot. . . .",suspenseful
The Clockwork Dynasty,"When a young anthropologist specializing in ancient technology uncovers a terrible secret concealed in the workings of a three-hundred-year-old mechanical doll, she is thrown into a hidden world that lurks just under the surface of our own. With her career and her life at stake, June Stefanov will ally with a remarkable traveler who exposes her to a reality she never imagined, as they embark on an around-the-world adventure and discover breathtaking secrets of the past… Russia, 1725: In the depths of the Kremlin, the tsar’s loyal mechanician brings to life two astonishingly humanlike mechanical beings. Peter and Elena are a brother and sister fallen out of time, possessed with uncanny power, and destined to serve great empires. Struggling to blend into pre-Victorian society, they are pulled into a legendary war that has raged for centuries. The Clockwork Dynasty seamlessly interweaves past and present, exploring a race of beings designed to live by ironclad principles, yet constantly searching for meaning. As June plunges deeper into their world, her choices will ultimately determine their survival or extermination. ",suspenseful
Goodnight Dune,"In a great green room, tucked away in bed, a young bunny gazes upon the two remaining moons of Arrakis.",poetic
This Time Next Year,"Their lives began together, but their worlds couldn't be more different. After thirty years of missed connections, they're about to meet again... Minnie Cooper knows two things with certainty: that her New Year's birthday is unlucky, and that it's all because of Quinn Hamilton, a man she's never met. Their mothers gave birth to them at the same hospital just after midnight on New Year's Day, but Quinn was given the cash prize for being the first baby born in London in 1990--and the name Minnie was meant to have, as well. With luck like that, it's no wonder each of her birthdays has been more of a disaster than the one before. When Minnie unexpectedly runs into Quinn at a New Year's party on their mutual thirtieth birthday, she sees only more evidence that fortune has continued to favor him. The gorgeous, charming business owner truly seems to have it all--while Minnie's on the brink of losing her pie-making company and her home. But if Quinn and Minnie are from different worlds, why do they keep bumping into each other? And why is it that each fraught encounter leaves them both wanting more? ",humorous
The Barrow,"To find the Sword, unearth the Barrow. To unearth the Barrow, follow the Map. When a small crew of scoundrels, would-be heroes, deviants, and ruffians discover a map that they believe will lead them to a fabled sword buried in the barrow of a long-dead wizard, they think they've struck it rich. But their hopes are dashed when the map turns out to be cursed and then is destroyed in a magical ritual. The loss of the map leaves them dreaming of what might have been, until they rediscover the map in a most unusual and unexpected place. Stjepan Black-Heart, suspected murderer and renegade royal cartographer; Erim, a young woman masquerading as a man; Gilgwyr, brothel owner extraordinaire; Leigh, an exiled magus under an ignominious cloud; Godewyn Red-Hand, mercenary and troublemaker; Arduin Orwain, scion of a noble family brought low by scandal; and Arduin's sister Annwyn, the beautiful cause of that scandal: together they form a cross section of the Middle Kingdoms of the Known World, united by accident and dark design, on a quest that will either get them all in the history books...or get them all killed. ",suspenseful
The Mystery of the Secret Notes,"Someone is leaving secret notes for Daisy's best friend, Justin. He turns to Detective Daisy to help solve the mystery",suspenseful
What Do You Care What Other People Think: Further Adventures of a Curious Character,"One of the greatest physicists of the twentieth century, Richard Feynman possessed an unquenchable thirst for adventure and an unparalleled ability to tell the stories of his life. ""What Do You Care What Other People Think?"" is Feynman’s last literary legacy, prepared with his friend and fellow drummer, Ralph Leighton. Among its many tales—some funny, others intensely moving—we meet Feynman’s first wife, Arlene, who taught him of love’s irreducible mystery as she lay dying in a hospital bed while he worked nearby on the atomic bomb at Los Alamos. We are also given a fascinating narrative of the investigation of the space shuttle Challenger’s explosion in 1986, and we relive the moment when Feynman revealed the disaster’s cause by an elegant experiment: dropping a ring of rubber into a glass of cold water and pulling it out, misshapen.",informative
Top Five Regrets of the Dying,"After too many years of unfulfilling work, Bronnie Ware began searching for a job with heart. Despite having no formal qualifications or previous experience in the field, she found herself working in palliative care. During the time she spent tending to those who were dying, Bronnie's life was transformed. Later, she wrote an Internet blog post, outlining the most common regrets that the people she had cared for had expressed. The post gained so much momentum that it was viewed by more than three million readers worldwide in its first year. At the request of many, Bronnie subsequently wrote a book, The Top Five Regrets of the Dying, to share her story. Bronnie has had a colourful and diverse life. By applying the lessons of those nearing their death to her own life, she developed an understanding that it is possible for everyone, if we make the right choices, to die with peace of mind. In this revised edition of the best-selling memoir that has been read by over a million people worldwide, with translations in 29 languages, Bronnie expresses how significant these regrets are and how we can positively address these issues while we still have the time. The Top Five Regrets of the Dying gives hope for a better world. It is a courageous, life-changing book that will leave you feeling more compassionate and inspired to live the life you are truly here to live.",inspirational
Handbook of Autobiography / Autofiction,"Autobiographical writings have been a major cultural genre from antiquity to the present time. General questions of the literary as, e.g., the relation between literature and reality, truth and fiction, the dependency of author, narrator, and figure, or issues of individual and cultural styles etc., can be studied preeminently in the autobiographical genre. Yet, the tradition of life-writing has, in the course of literary history, developed manifold types and forms. Especially in the globalized age, where the media and other technological / cultural factors contribute to a rapid transformation of lifestyles, autobiographical writing has maintained, even enhanced, its popularity and importance. By conceiving autobiography in a wide sense that includes memoirs, diaries, self-portraits and autofiction as well as media transformations of the genre, this three-volume handbook offers a comprehensive survey of theoretical approaches, systematic aspects, and historical developments in an international and interdisciplinary perspective. While autobiography is usually considered to be a European tradition, special emphasis is placed on the modes of self-representation in non-Western cultures and on inter- and transcultural perspectives of the genre. The individual contributions are closely interconnected by a system of cross-references. The handbook addresses scholars of cultural and literary studies, students as well as non-academic readers.",informative
The Hidden Mysteries,"The creation of the world which consist of humans, the universe which comprises of all the existing matter and space as a whole is still a mystery which mankind has not been able to give a concrete answer to. Simply put a mystery is best described as something that is difficult or impossible to understand or explain. It can also be looked at as something beyond the comprehension of man. The Bible tells us that the mystery of God is Jesus Christ now revealed in us: Colossians 2:-3 KJV: “ In whom are hid all the treasures of wisdom and knowledge. From the perspective of the Bible a mystery is something that was hidden at one time but has been made known to the children of God. Unravelling the mystery of God is something that is beyond the comprehension of man. It is mind blowing and explosive for man to want to unravel it by their own human understanding, knowledge, or intelligence. This can only be achieved through the help of the Holy Spirit. That is why when Jesus was talking to his disciples about his impending crucifixion and resurrection in John 16 verse 13 & 14 “Howbeit when he, the Spirit of truth, is come, he will guide you into all truth: for he shall not speak of himself; but whatsoever he shall hear, that shall he speak: and he will shew you things to come. He shall glorify me: for he shall receive of mine and shall shew it unto you. So this book The Hidden Mystery focus on what aspect of God’s word could be termed as mysteries:- The mystery of conception and birth both physical and spiritual: The mystery of Faith: The mystery of marriage: The mystery of the Word: The mystery of Prayer: the Mystery of Life; The mystery of the cross etc. When it comes to the mysteries of God and the truth surrounding the creation of mankind, there is a constant battle going on in man’s mind. The raging battle is centered around “belief and unbelief” Such battles can only be won by submitting totally to the will of God.",informative
The Family Trade,"Miriam Beckstein is happy in her life. She's a successful reporter for a hi-tech magazine in Boston, making good money doing what she loves. When her researcher brings her iron-clad evidence of a money-laundering scheme, Miriam thinks she's found the story of the year. But when she takes it to her editor, she's fired on the spot and gets a death threat from the criminals she has uncovered. Before the day is over, she's received a locket left by the mother she never knew-the mother who was murdered when she was an infant. Within is a knotwork pattern, which has a hypnotic effect on her. Before she knows it, she's transported herself to a parallel Earth, a world where knights on horseback chase their prey with automatic weapons, and where world-skipping assassins lurk just on the other side of reality - a world where her true family runs things. The six families of the Clan rule the kingdom of Gruinmarkt from behind the scenes, a mixture of nobility and criminal conspirators whose power to walk between the worlds makes them rich in both. Braids of family loyalty and intermarriage provide a fragile guarantee of peace, but a recently-ended civil war has left the families shaken and suspicious. Taken in by her mother's people, she becomes the star of the story of the century-as Cinderella without a fairy godmother. As her mother's heir, Miriam is hailed as the prodigal countess Helge Thorold-Hjorth, and feted and feasted. Caught up in schemes and plots centuries in the making, Miriam is surrounded by unlikely allies, forbidden loves, lethal contraband, and, most dangerous of all, her family. Her unexpected return will supercede the claims of other clan members to her mother's fortune and power, and whoever killed her mother will be happy to see her dead, too. Behind all this lie deeper secrets still, which threaten everyone and everything she has ever known. Patterns of deception and interlocking lies, as intricate as the knotwork between the universes. But Miriam is no one's pawn, and is determined to conquer her new home on her own terms. ",suspenseful
Angelmass,"Deep in space lies the black hole known as Angelmass, so called because it emits enigmatic particles with the unusual ability to render humans calm, reasonable, and incapable of lying—which would normally be seen as a good thing. But not by everyone. For while Empyrean human colonies on the edge of the galaxy utilize the power of the “angels,” the Earth-based Pax empire views the emissions as a threat that could be used to subvert humanity. Academic Jereko Kosta is pressed into service by the Pax to spy on the Empyrean, joining the crew of a ship actively hunting the particles. But what he learns turns out to be both scientifically fascinating and morally frightening. When the Pax make an aggressive move that may lead to all-out war with the Empyrean, Kosta is the only one who can stop the conflict between the human powers and force them to see that the angels they’re about to fight over are far from holy.",suspenseful
Murder in the Bookshop,"Balfour is a successful man who is passionate about collecting rare books. Balfour is married to Allie, whom he neglects in favor of his passion. He employs Keith Ramsey to manage his enterprise. When Balfour is informed that John Sewell has a pair of rare Lewis Carroll volumes for his collection, he goes to Sewell's Bookstore with Keith, however, the store is closed. He breaks in with Keith, and they begin searching the bookshelves for Lewis Carroll's volumes. The light goes out, and Philip is murdered. While Keith is chloroformed. Sewell realizes he needs to invite an old friend, Detective Fleming Stone to solve the murder mystery.",suspenseful
If You're Out There,"After Zan’s best friend moves to California, she is baffled and crushed when Priya suddenly ghosts. Worse, Priya’s social media has turned into a stream of ungrammatical posts chronicling a sunny, vapid new life that doesn’t sound like her at all. Everyone tells Zan not to be an idiot: Let Priya do her reinvention thing and move on. But until Zan hears Priya say it, she won’t be able to admit that their friendship is finished. It’s only when she meets Logan, the compelling new guy in Spanish class, that Zan begins to open up about her sadness, her insecurity, her sense of total betrayal. And he’s just as willing as she is to throw himself into the investigation when everyone else thinks her suspicions are crazy. Then a clue hidden in Priya’s latest selfie introduces a new, deeply disturbing possibility: Maybe Priya isn’t just not answering Zan’s emails. Maybe she can’t.",suspenseful
"Autobiography of Mark Twain, Volume 1","""I've struck it!"" Mark Twain wrote in a 1904 letter to a friend. ""And I will give it away—to you. You will never know how much enjoyment you have lost until you get to dictating your autobiography."" Thus, after dozens of false starts and hundreds of pages, Twain embarked on his ""Final (and Right) Plan"" for telling the story of his life. His innovative notion—to ""talk only about the thing which interests you for the moment""—meant that his thoughts could range freely. The strict instruction that many of these texts remain unpublished for 100 years meant that when they came out, he would be ""dead, and unaware, and indifferent,"" and that he was therefore free to speak his ""whole frank mind."" The year 2010 marks the 100th anniversary of Twain's death. In celebration of this important milestone and in honor of the cherished tradition of publishing Mark Twain's works, UC Press is proud to offer for the first time Mark Twain's uncensored autobiography in its entirety and exactly as he left it. This major literary event brings to readers, admirers, and scholars the first of three volumes and presents Mark Twain's authentic and unsuppressed voice, brimming with humor, ideas, and opinions, and speaking clearly from the grave as he intended. Editors: Harriet E. Smith, Benjamin Griffin, Victor Fischer, Michael B. Frank, Sharon K. Goetz, Leslie Myrick",informative
Waking Gods,"As a child, Rose Franklin made an astonishing discovery: a giant metallic hand, buried deep within the earth. As an adult, she’s dedicated her brilliant scientific career to solving the mystery that began that fateful day: Why was a titanic robot of unknown origin buried in pieces around the world? Years of investigation have produced intriguing answers—and even more perplexing questions. But the truth is closer than ever before when a second robot, more massive than the first, materializes and lashes out with deadly force. Now humankind faces a nightmare invasion scenario made real, as more colossal machines touch down across the globe. But Rose and her team at the Earth Defense Corps refuse to surrender. They can turn the tide if they can unlock the last secrets of an advanced alien technology. The greatest weapon humanity wields is knowledge in a do-or-die battle to inherit the Earth . . . and maybe even the stars. ",suspenseful
The Saving Mysteries of Jesus Christ,"Jesus is Lord! This scandalous confession is an act of worship, a pledge of allegiance, a call to service, and a saving act. Yet who is Jesus Christ? How should we understand his life, his death, his resurrection, and his work of salvation? This book offers a perspective from the Wesleyan tradition on these vital questions. It introduces readers to christology, the study of Christ. The authors encourage readers to ponder the mystery of salvation at work in Christ's entire life and to make the confession ""Jesus is Lord"" their own.",poetic
The Cruel Prince,"Of course I want to be like them. They're beautiful as blades forged in some divine fire. They will live forever. And Cardan is even more beautiful than the rest. I hate him more than all the others. I hate him so much that sometimes when I look at him, I can hardly breathe. Jude was seven years old when her parents were murdered and she and her two sisters were stolen away to live in the treacherous High Court of Faerie. Ten years later, Jude wants nothing more than to belong there, despite her mortality. But many of the fey despise humans. Especially Prince Cardan, the youngest and wickedest son of the High King. To win a place at the Court, she must defy him--and face the consequences. In doing so, she becomes embroiled in palace intrigues and deceptions, discovering her own capacity for bloodshed. But as civil war threatens to drown the Courts of Faerie in violence, Jude will need to risk her life in a dangerous alliance to save her sisters, and Faerie itself.",suspenseful
Landslide,"There ought to be a law that Gabe Shaw - hippie lumberjack, Viking with a man bun - should never be allowed to hold tiny infants against his broad, muscular chest. Celebrity makeup artist Josie Torres has three rules when it comes to men: No spending the night. No second dates. No falling in love. Her rules protect her still-healing heart and leave Josie free to chase her true love: the electric nights of Los Angeles. But when she arrives in funky, bohemian Big Sur for a photo shoot, those rules are no match for the small town's sexy bar owner. Gabe Shaw has a good life in Big Sur. Surrounded by family and friends, he's the third-generation-owner of The Bar, the only place where quirky locals can escape the tourists and drink in peace. He's in love with his hometown and its verdant beauty, but he still yearns for one thing: his soul mate. After one night of searing passion, Josie intends to run... like she always does. But a storm as strong as their attraction unleashes on Big Sur, leaving her trapped. Gabe has the funniest feeling he's found what he was missing. But it's only been a week - and the last person that made Josie feel this much destroyed her world. She can't-she won't-make the sacrifices Gabe is asking her to make.",optimistic
Tracing the Autobiographical,"The essays in Tracing the Autobiographical work with the literatures of several nations to reveal the intersections of broad agendas (for example, national ones) with the personal, the private, and the individual. Attending to ethics, exile, tyranny, and hope, the contributors listen for echoes and murmurs as well as authoritative declarations. They also watch for the appearance of auto/biography in unexpected places, tracing patterns from materials that have been left behind. Many of the essays return to the question of text or traces of text, demonstrating that the language of autobiography, as well as the textualized identities of individual persons, can be traced in multiple media and sometimes unlikely documents, each of which requires close textual examination. These “unlikely documents” include a deportation list, an art exhibit, reality TV, Web sites and chat rooms, architectural spaces, and government memos, as well as the more familiar literary genres—a play, the long poem, or the short story. Interdisciplinary in scope and contemporary in outlook, Tracing the Autobiographical is a welcome addition to autobiography scholarship, focusing on non-traditional genres and on the importance of location and place in life writing. Read the chapter “Gender, Nation, and Self-Narration: Three Generations of Dayan Women in Palestine/Israel” by Bina Freiwald on the Concordia University Library Spectrum Research Repository website.",informative
Master Lists for Writers,"Write faster...write more! Master Lists for Writers makes ""show, don't tell"" a lot easier and helps you figure out your story more quickly. In this book, you'll find: - lists of phrases for describing facial expressions, body language, gestures, physical appearance, and emotions- 175 master plot ideas, including romance, high-stakes, family, and workplace stories- lists of words for writing action scenes and love scenes - inspiration for figuring out character traits and quirks, backstories, occupations, motivations, and goals- lists for describing settings and writing dialogue- lists of good character names for contemporary stories...plus medieval England, Regency England, Wild West, and WWII settings- and more! Whether you're writing novels or short fiction, screenwriting, or any other kind of storytelling, Master Lists for Writers is a rich source of inspiration you'll turn to again and again.This book contains adult language.",informative
Handbook of the American Novel of the Nineteenth Century,"This handbook offers students and researchers a compact introduction to the nineteenth-century American novel in the light of current debates, theoretical concepts, and critical methodologies. The volume turns to the nineteenth century as a formative era in American literary history, a time that saw both the rise of the novel as a genre, and the emergence of an independent, confident American culture. A broad range of concise essays by European and American scholars demonstrates how some of America‘s most well-known and influential novels responded to and participated in the radical transformations that characterized American culture between the early republic and the age of imperial expansion. Part I consists of 7 systematic essays on key historical and critical frameworks ― including debates aboutrace and citizenship, transnationalism, environmentalism and print culture, as well as sentimentalism, romance and the gothic, realism and naturalism. Part II provides 22 essays on individual novels, each combining an introduction to relevant cultural contexts with a fresh close reading and the discussion of critical perspectives shaped by literary and cultural theory.",informative
Legacy of Ash,"Legacy of Ash is an unmissable fantasy debut--an epic tale of intrigue and revolution, soldiers and assassins, ancient magic and the eternal clash of empires. A shadow has fallen over the Tressian Republic. Ruling families -- once protectors of justice and democracy -- now plot against one another with sharp words and sharper knives. Blinded by ambition, they remain heedless of the threat posed by the invading armies of the Hadari Empire. Yet as Tressia falls, heroes rise. Viktor Akadra is the Republic's champion. A warrior without equal, he hides a secret that would see him burned as a heretic. Josiri Trelan is Viktor's sworn enemy. A political prisoner, he dreams of reigniting his mother's failed rebellion. And yet Calenne Trelan, Josiri's sister, seeks only to break free of their tarnished legacy; to escape the expectation and prejudice that haunts the family name. As war spreads across the Republic, these three must set aside their differences in order to save their home. Yet decades of bad blood are not easily set aside. And victory -- if it comes at all -- will demand a darker price than any of them could have imagined.",informative
The Purpose of Fantasy,"Good fantasy literature is far more than a bunch of elves, dwarves, hobbits or other imaginary creatures running around fighting dragons, ogres, or orcs and having adventures. The Purpose of Fantasy looks at some of the core spiritual values of a dozen beloved fantasy books. With an introduction about fantasy literature in general, it holds up to the light a key purpose of fantasy: to ask spiritual or philosophical questions and explore creative approaches to matters of faith and belief, good and bad, right and wrong, and other deeply held, intangible values. With its succinct discussion of twelve great books, from classics like The Little Prince and The Wind in the Willows to more contemporary novels by modern masters of fantasy like Ursula K. Le Guin, Neil Gaiman, Peter S. Beagle, and Natalie Babbitt, this book offers good ideas for literary book clubs or for individual reading and insight. ",humorous
The Stone Knife ,"For generations, the forests of Ixachipan have echoed with the clash of weapons, as nation after nation has fallen to the Empire of Songs – and to the unending, magical music that binds its people together. Now, only two free tribes remain. The Empire is not their only enemy. Monstrous, scaled predators lurk in rivers and streams, with a deadly music of their own. As battle looms, fighters on both sides must decide how far they will go for their beliefs and for the ones they love – a veteran general seeks peace through war, a warrior and a shaman set out to understand their enemies, and an ambitious noble tries to bend ancient magic to her will.",suspenseful
Deep Lake Mystery,"This novel is set in a resort, Deep Lake, in Wisconsin. The story revolves around Sampson Tracy's murder. It is the weirdest of all murders. He died from a nail driven into his skull in a locked room. Who was the perpetrator? And how did the crime take place in a locked room?",suspenseful
Postcolonial Francophone Autobiographies,"Bringing a comparative perspective to the study of autobiography, Edgard Sankara considers a cross-section of postcolonial francophone writing from Africa and the Caribbean in order to examine and compare for the first time their transnational reception. Sankara not only compares the ways in which a wide selection of autobiographies were received locally (as well as in France) but also juxtaposes reception by the colonized and the colonizer to show how different meanings were assigned to the works after publication. Sankara’s geographical and cultural coverage of Africa and its diaspora is rich, with separate chapters devoted to the autobiographies of Hampâté Bâ, Valentin Mudimbé, Kesso Barry, Patrick Chamoiseau, Raphaël Confiant, and Maryse Condé. The author combines close reading, reception study, and postcolonial theory to present an insightful survey of the literary connections among these autobiographers as well as a useful point of departure for further exploration of the genre itself, of the role of reception studies in postcolonial criticism, and of the stance that postcolonial francophone writers choose to take regarding their communities of origin. Modern Language Initiative",informative
The Self-Help Myth,"The Self-Help Myth reveals how philanthropy maintains systems of inequality by attracting attention to the behaviors and responsibilities of poor people while shifting the focus away from structural inequities and relationships of power that produce poverty. The book features foundation investments in addressing migrant poverty in California's Central Valley, simultaneously one of the wealthiest agricultural production regions in the world and home to the poorest people in the United States. The case studies show how compromises between foundation staff and community organizers produce programs that ask farmworkers to help themselves while excluding strategies that address the role of industrial agriculture in creating and maintaining regional poverty. Through archival and ethnographic case studies of foundation investments leading up to the historic Farm Worker Movement, to large scale foundation-driven initiatives to improve conditions in agricultural communities during the 1990s and 2000s, foundations set firm boundaries around definitions of self-help - excluding labor organizing, immigrant rights, and advocacy approaches that hold industry accountable for the enduring abuses of farmworkers and immigrants. Processes of professionalization and institutionalization required to maintain philanthropic relationships further frustrate nonprofit organizational staff increasingly accountable to foundations and not to the people they aim to represent and serve.",informative
The No-Self Help Book,"It’s time to get over your self! Written by a clinical psychologist and student of Eastern philosophy, this handy little guide offers a radical solution to anyone struggling with self-doubt, self-esteem, and self-defeating thoughts: “no-self help.” By breaking free of your own self-limiting beliefs, you’ll discover your infinite potential. There is an insidious, global identity theft occurring that has robbed people of their very recognition of their true selves. The culprit—indeed the mastermind of this crisis—has committed the inside job of creating and promoting the idea that we are all a separate self, which is the chief source of our daily distress and dissatisfaction. No more than a narrative of personhood pieced together from disparate neural activations, the self we believe ourselves to be in our own minds—although quite capable of being affirming, inspiring, and constructive—often spews forth a distressing flow of worry and second-guessing, blaming and shaming, regret and guilt. This book offers an antidote to this epidemic of stolen identity, isolation, and self-deprecation: no-self (a concept known in Buddhist philosophy as anatta or anatman). The No-Self Help Book turns the idea of self-improvement on its head, arguing that the key to well-being lies not in the relentless pursuit of bettering one’s self but in the recognition of the self as a false identity born in the mind. Rather than identifying with a small, relative sense of self, this book encourages you to embrace a liberating alternative—an expansive awareness that is flexible and open to experiencing life as an ongoing and ever-changing process, without attachment to personal outcomes or storylines. To help you make this leap from self to no-self, the book provides forty bite-sized chapters full of clever and inspiring insights based in positive psychology and non-duality—a philosophy that asserts there is no real separation between any of us. So, if you’re tired of “self-help” and you’re ready to explore who you are beyond the self, let The No-Self Help Book be your guide.",inspirational
Dolly: : My Life and Other Unfinished Business,"The successful country singer reveals her life since leaving home at the age of eighteen to pursue a singing career, while discussing her personal philosophies, her marriage, her friendships, and her achievements. In concerts, movies and on TV, Dolly Parton's singing and honest-to-God personality has charmed millions. She has never before talked openly about her life, until now. In her unique Tennessee twang, Dolly tells her rags-to-riches story, as only she can--with integrity, insight and her unfailing sense of humor. ",inspirational
Therapeutic Dimensions of Autobiography in Creative Writing,"Dimensions of Autobiography in Creative Writing brings together theory and practice from psychoanalysis, literary and cultural studies and the growing field of creative writing studies. It highlights the importance of autobiographical writing not only as an opening into fiction writing, but also as a powerful therapeutic tool. Celia Hunt discusses how autobiographical fiction can be used in therapeutic work by art therapists, psychotherapists and creative writing tutors, as well as in personal development by writers of any kind. She draws up guidelines for a successful course on autobiography and creative writing, and presents case studies and practical ideas for writing about the self. She shows how writing autobiographical fiction can help people to explore significant events and relationships in their lives. Finding a writing voice in this way clarifies and strengthens the writer's sense of identity, leading to a fuller realisation of his or her potential in life.",informative
Don Quixote as Children's Literature,"Cervantes is regarded as the author of the first novel and the inventor of fiction. From its publication in 1605, Don Quixote--recently named the world's best book by authors from 54 countries--has been widely translated and imitated. Among its less acknowledged imitations are stories in children's literature. In context of English adaptation and critical response this book explores the noble and ""mad"" adventures retold for children by distinguished writers and artists in Edwardian books, collections, home libraries, schoolbooks and picture books. More recent adaptations including comics and graphic novels deviate from traditional retellings. All speak to the knight-errant's lasting influence and appeal to children.",informative
How to Be Fine,"In each episode of their podcast By the Book, Jolenta Greenberg and Kristen Meinzer take a deep dive into a different self-help book, following its specific instructions, rules, and advice to the letter. From diet and productivity to decorating to social interactions, they try it all, record themselves along the way, then share what they’ve learned with their devoted audience. In this funny, revealing book, Jolenta and Kristen synthesize the lessons and insights they’ve learned and tell their stories. How to Be Fine is a thoughtful look at the books and practices that have worked, real talk on those that didn’t, and a list of philosophies they want to see explored in-depth. ",humorous
How to Help Yourself With Self-Help,"Are Self-Help Books Good for Anything? Have you ever bought a self-help book, read it cover to cover, only to find that nothing changed for you? How many hours have you wasted this way, expecting to improve your life by simply being inspired by something you read? The hard truth is that it’s easy to read self-help, but difficult to implement it in real life. First you need to figure out what exactly to read, and then you need to know what exactly to do with the advice you find inside. The world of self-help has a lot of traps, and throughout my years as a voracious reader, I’ve fallen into probably all of them. Now, as both a reader and an author of self-help books, I’d like to share with you some advice on how to use self-help books in a way that will actually help you achieve real-world results. Here are some of the topics I cover in my short guide How to Help Yourself With Self-Help: - The 5 most common pitfalls of self-help and how to avoid them (you’ve probably fallen victim to most of them). - Tips on how to identify what specific area of your life you should target first in order to benefit the most from reading self-help. - What confirmation bias is, why it’s dangerous, and how to escape it to stay flexible and enjoy consistent personal growth. - How to interpret the advice you get from a book and tailor it to your life circumstances (cookie-cutter approaches don’t work). - Why it’s sometimes better to skip self-help books and what to read instead to help you achieve your goals and become a better person. Don’t let another self-help title become just another book on your shelf. Learn how to read in a more strategic way and, more importantly, act on the advice you get. This short guide can be your first step toward the new you.",inspirational
Saturn's Children,"Sometime in the twenty-third century, humanity went extinct, leaving only androids behind to fulfill humanity’s dreams. And, having learned well from their long-dead masters, they’ve established a hierarchical society—one with humanoid aristo rulers at the top and slave-chipped workers at the bottom, performing the lowly tasks all androids were originally created to do. Designed as a concubine for a species that hasn’t existed for two hundred years, femmebot Freya Nakamichi-47—one of the last of her kind still functioning—accepts a job from a stranger to deliver a package from mercury to Mars. Unfortunately, she’s just made herself a moving target for some very powerful, very determined humanoids desperate to retrieve the package’s contents…",suspenseful
Chasing Slow,"Chasing Slow models HGTV star Erin Loechner's journey to help you break out of the faster-better-stronger trap and make small changes to refresh your perspective, renew your priorities, and shift your focus to what matters most. You're here, but you want to be there. So you spend your life narrowing this divide, and you call this your race, your journey, your path. You live your days tightening your boot straps, wiping the sweat from your brow, chasing undiscovered happiness just around the bend. And on and on you run. Viral sensation and HGTV.com star Erin Loechner knows about the chase. Before turning 30, she'd earned the title ""The Nicest Girl Online"" as she was praised for her authentic voice and effortless style. Her HGTV web show garnered over one million fans worldwide, and her client list includes Walt Disney World, IKEA, Martha Stewart and Home Depot. The New York Times applauded her, her friends and church admired her, and her husband and baby adored her. She had arrived at the ultimate destination. So why did she feel so lost? Through a series of steep climbs--her husband's brain tumor, bankruptcy, family loss, and public criticism--Erin learns just how much strength it takes to surrender it all, and to veer right into grace. In Chasing Slow, Erin upgrades her life through downsizing--her stuff, her obligations, her fears, her personal metric of ""perfect."" And ultimately, her invitation becomes yours: to turn away from the fast and frenzy, and find freedom in a new-fashioned lifestyle defined by grace. Life's answers are not always hidden where they seem. It's time to venture off the beaten path to see that we’ve already been given everything we need. We've already arrived. You see? You'll see.",inspirational
I Know Why the Caged Bird Sings,"Here is a book as joyous and painful, as mysterious and memorable, as childhood itself. I Know Why the Caged Bird Sings captures the longing of lonely children, the brute insult of bigotry, and the wonder of words that can make the world right. Maya Angelou’s debut memoir is a modern American classic beloved worldwide. Sent by their mother to live with their devout, self-sufficient grandmother in a small Southern town, Maya and her brother, Bailey, endure the ache of abandonment and the prejudice of the local “powhitetrash.” At eight years old and back at her mother’s side in St. Louis, Maya is attacked by a man many times her age—and has to live with the consequences for a lifetime. Years later, in San Francisco, Maya learns that love for herself, the kindness of others, her own strong spirit, and the ideas of great authors (“I met and fell in love with William Shakespeare”) will allow her to be free instead of imprisoned. Poetic and powerful, I Know Why the Caged Bird Sings will touch hearts and change minds for as long as people read. ",optimistic
Let All the Children Boogie,"As the Cold War stalls and the threat of nuclear warfare dominates the news, small-town misfits Laurie and Fell bond over a shared love of music and the mystery of the erratic radio messages that hint at the existence of a future worth reaching out for. ",optimistic
The Joy of Being Selfish,"A practical guide that will reclaim your time, energy and self-belief' —Stylist '[A] smart guide to setting boundaries...While the wise counsel will be tough love for some, those willing to put in the work will get much out of this.'—Publishers Weekly Do you frequently say 'yes' to people and events to keep those around you happy? Do you often find yourself emotionally exhausted and physically drained? Do people describe you as a pushover or 'too nice'? It's time to discover the joy of being selfish and reclaim your life through the art of boundaries! Life coach and influencer @scarrednotscared Michelle Elman is here to teach you the practical side of self-love. Creating and upholding strong boundaries will teach others how to treat you, rid your life of drama and toxic relationships and allow you to love yourself and others in the best way you can.",inspirational
Mystery," Why is mystery so compelling? What draws us to the unknown? Jonah Lehrer sets out to answer these questions in a vividly entertaining and surprisingly profound journey through the science of suspense. He finds that nothing can capture a person’s attention as strongly as mystery, and that mystery is the key principle in how humans view and understand the world. Whenever patterns are broken, we are hard-wired to find out why. Without our curiosity driving us to pursue new discoveries and solve stubborn problems, we would never have achieved the breakthroughs that have revolutionized human medicine, technology—and culture. From Shakespeare’s plays to the earliest works of the detective genre, our entertainment and media have continually reinvented successful forms of mystery to hook audiences. Here, Lehrer interviews individuals in unconventional fields—from dedicated small-business owners to innovative schoolteachers—who use mystery to challenge themselves and to motivate others to reach to new heights. He also examines the indelible role of mystery in our culture, revealing how the magical world of Harry Potter triggers the magic of dopamine in our brains, why the baseball season is ten times longer than the football season, and when the suspect is introduced in each episode of Law & Order. Fascinating, illuminating, and fun, Mystery explores the many surprising ways in which embracing a sense of awe and curiosity can enrich our lives.",informative
Guiding Autobiography Groups for Older Adults,"""Guided autobiography,"" write the authors, ""is ideally suited to foster in the older adult a belief that his or her life is meaningful and something of which to be proud."" This book helps professionals—at senior centers, community centers, and other service facilities—guide older adults and others in preparing their autobiographies.Many older adults, the authors explain, have limited social networks. Widowhood, retirement, and other ""involuntary transitions"" create a loss of roles, which can damage the older adult's sense of identity and self-worth. Guided autobiography can be used very effectively with such persons—to promote their general well- being, develop friendships, and create increased feelings of self-sufficiency.The book's chapters treat such topics as eliciting themes from people's lives, promoting creative thinking, facilitating group interaction, and mastering obstacles in the group process. Based on the authors' fourteen years of experience leading groups in guided autobiography, this book will be of special interest to gerontologists, psychologists, social workers, and other professionals who conduct activity programs for older people.",informative
Autobiographical Writing by Early Modern Hispanic Women,"Women’s life writing in general has too often been ignored, dismissed, or relegated to a separate category in those few studies of the genre that include it. The present work addresses these issues and offers a countervailing argument that focuses on the contributions of women writers to the study of autobiography in Spanish during the early modern period, both in Spain and in Mexico.",inspirational
American Mystery and Detective Novels,A guide to research on American mystery and detective novels emphasizing the historical development of the genre and major critical approaches to the literature.,informative
The Technique of the Mystery Story Illustrated,"All the world loves a mystery; perhaps that is why Emerson declared the same to be true of a lover. Since time out of mind, a clear and open page has ever lacked the fascination of the veiled meaning.",poetic
Haunted Waters,"A crazy, wild ride from a deserted mining town makes it clear that someone's after Bryce and Ashley Timberline. Will they survive long enough to find out who it is? Watch out! The Timberline twins are on the loose. Bryce and Ashley are ATV-riding tweens from Colorado who unearth action-packed mystery and adventure wherever they go. From clearing the name of a local miscreant to thwarting a gold-stealing heist, the twins' growing faith and the strong example of their parents guide them through even the most life-threatening situations. ",suspenseful
The Punch Escrow,"When he’s accidentally duplicated while teleporting, Joel Byram must outrun the most powerful corporation on the planet and find a way back to his wife in a world that now has two of him. ",suspenseful
The Subtle Art of Not Giving a F*ck,"For decades, we’ve been told that positive thinking is the key to a happy, rich life. ""F**k positivity,"" Mark Manson says. ""Let’s be honest, shit is f**ked and we have to live with it."" In his wildly popular Internet blog, Manson doesn’t sugarcoat or equivocate. He tells it like it is—a dose of raw, refreshing, honest truth that is sorely lacking today. The Subtle Art of Not Giving a F**k is his antidote to the coddling, let’s-all-feel-good mindset that has infected American society and spoiled a generation, rewarding them with gold medals just for showing up. Manson makes the argument, backed both by academic research and well-timed poop jokes, that improving our lives hinges not on our ability to turn lemons into lemonade, but on learning to stomach lemons better. Human beings are flawed and limited—""not everybody can be extraordinary, there are winners and losers in society, and some of it is not fair or your fault."" Manson advises us to get to know our limitations and accept them. Once we embrace our fears, faults, and uncertainties, once we stop running and avoiding and start confronting painful truths, we can begin to find the courage, perseverance, honesty, responsibility, curiosity, and forgiveness we seek. There are only so many things we can give a f**k about so we need to figure out which ones really matter, Manson makes clear. While money is nice, caring about what you do with your life is better, because true wealth is about experience. A much-needed grab-you-by-the-shoulders-and-look-you-in-the-eye moment of real-talk, filled with entertaining stories and profane, ruthless humor, The Subtle Art of Not Giving a F**k is a refreshing slap for a generation to help them lead contented, grounded lives.",humorous
The Fellowship of the Ring,"One Ring to rule them all, One Ring to find them, One Ring to bring them all and in the darkness bind them. In ancient times the Rings of Power were crafted by the Elven-smiths, and Sauron, the Dark Lord, forged the One Ring, filling it with his own power so that he could rule all others. But the One Ring was taken from him, and though he sought it throughout Middle-earth, it remained lost to him. After many ages it fell into the hands of Bilbo Baggins, as told in The Hobbit. In a sleepy village in the Shire, young Frodo Baggins finds himself faced with an immense task, as his elderly cousin Bilbo entrusts the Ring to his care. Frodo must leave his home and make a perilous journey across Middle-earth to the Cracks of Doom, there to destroy the Ring and foil the Dark Lord in his evil purpose.",suspenseful
Ariah,"Ariah's magical training has been interrupted. Forced to rely on a mentor, Dirva, who is not who he claims to be, and a teacher who is foreign and powerful, Ariah is drawn into a culture wholly different from the elven one that raised him. As his friendship with Dirva's brother blossoms into a surprising romance, and he slowly learns how to control the dangerous magic in his blood, life finally appears to be coming together for Ariah-but love and security are cut short by a tyrannical military empire bent on expanding its borders. War, betrayal, passion, and confusion follow Ariah as his perilous journey leads him beyond the walls of the Empire, and into unfamiliar territory within himself. Along the way, he'll discover just how much he's willing to give up to find his place in the world, and he'll learn what it means to sacrifice himself for freedom-and for love.",inspirational
Assata,"In 2013 Assata Shakur, founding member of the Black Liberation Army, former Black Panther and godmother of Tupac Shakur, became the first ever woman to make the FBI's most wanted terrorist list. Assata Shakur's trial and conviction for the murder of a white state trooper in the spring of 1973 divided America. Her case quickly became emblematic of race relations and police brutality in the USA. While Assata's detractors continue to label her a ruthless killer, her defenders cite her as the victim of a systematic, racist campaign to criminalize and suppress black nationalist organizations. This intensely personal and political autobiography reveals a sensitive and gifted woman. With wit and candour Assata recounts the formative experiences that led her to embrace a life of activism. With pained awareness she portrays the strengths, weaknesses and eventual demise of black and white revolutionary groups at the hands of the state. A major contribution to the history of black liberation, destined to take its place alongside The Autobiography of Malcolm X and the works of Maya Angelou.",optimistic
Building Self-esteem,"Building Self-Esteem brings you easy-to-follow techniques for improving your self-image, so you can achieve a realistic and positive view of yourself and live a happier and more successful life. A positive self-image can help you to improve your relationships and focus on what matters to you, whether that's dealing with feelings of inadequacy, exploring your creativity, or improving physical fitness. Based on psychological assessments and practical journaling exercises, Building Self-Esteem enables you to uncover your needs, preferences and concerns, and to move away from whatever is holding you back.",optimistic
The Science Fiction Handbook,"As we move through the 21st century, the importance of science fiction to the study of English Literature is becoming increasingly apparent. The Science Fiction Handbook provides a comprehensive guide to the genre and how to study it for students new to the field. In particular, it provides detailed entries on major writers in the SF field who might be encountered on university-level English Literature courses, ranging from H.G. Wells and Philip K. Dick, to Doris Lessing and Geoff Ryman. Other features include an historical timeline, sections on key writers, critics and critical terms, and case studies of both literary and critical works. In the later sections of the book, the changing nature of the science fiction canon and its growing role in relation to the wider categories of English Literature are discussed in depth introducing the reader to the latest critical thinking on the field.",optimistic
The Autobiography of Gucci Mane,"For the first time Gucci Mane tells his story in his own words. It is the captivating life of an artist who forged an unlikely path to stardom and personal rebirth. Gucci Mane began writing his memoir in a maximum-security federal prison. Released in 2016, he emerged radically transformed. He was sober, smiling, focused, and positive—a far cry from the Gucci Mane of years past. Born in rural Bessemer, Alabama, Radric Delantic Davis became Gucci Mane in East Atlanta, where the rap scene is as vibrant as the dope game. His name was made as a drug dealer first, rapper second. His influential mixtapes and street anthems pioneered the sound of trap music. He inspired and mentored a new generation of artists and producers: Migos, Young Thug, Nicki Minaj, Zaytoven, Mike Will Made-It, Metro Boomin. Yet every success was followed by setback. Too often, his erratic behavior threatened to end it all. Incarceration, violence, rap beefs, drug addiction. But Gucci Mane has changed, and he’s decided to tell his story. In his extraordinary autobiography, the legend takes us to his roots in Alabama, the streets of East Atlanta, the trap house, and the studio where he found his voice as a peerless rapper. He reflects on his inimitable career and in the process confronts his dark past—years behind bars, the murder charge, drug addiction, career highs and lows—the making of a trap god. It is one of the greatest comeback stories in the history of music.",inspirational
The 48 Laws of Power,"In the book that People magazine proclaimed “beguiling” and “fascinating,” Robert Greene and Joost Elffers have distilled three thousand years of the history of power into 48 essential laws by drawing from the philosophies of Machiavelli, Sun Tzu, and Carl Von Clausewitz and also from the lives of figures ranging from Henry Kissinger to P.T. Barnum. Some laws teach the need for prudence (“Law 1: Never Outshine the Master”), others teach the value of confidence (“Law 28: Enter Action with Boldness”), and many recommend absolute self-preservation (“Law 15: Crush Your Enemy Totally”). Every law, though, has one thing in common: an interest in total domination. In a bold and arresting two-color package, The 48 Laws of Power is ideal whether your aim is conquest, self-defense, or simply to understand the rules of the game.",inspirational
Rod,"The extraordinary life and career of music legend Rod Stewart, in his own words for the first time. With his soulful and singular voice, narrative songwriting, and passionate live performances Rod Stewart has paved one of the most iconic and successful music careers of all time. He was the charismatic lead singer for the trailblazing rock and roll bands The Jeff Beck Group and The Faces, and as a solo artist, the author of such beloved songs as ""Maggie May,"" ""Tonight’s the Night,"" ""Hot Legs,"" ""Da Ya Think I’m Sexy?,"" ""Young Turks,"" ""Forever Young,"" and ""You Wear It Well."" Now after more than five decades in the spotlight, he is finally ready to take a candid and romping look back at his life both on and off the stage. From his humble British roots to his hell-raising years on tour with his bandmates, not forgetting his great loves (including three marriages and eight children) and decades touring the world, Rod delivers a riveting ride through one of rock's most remarkable lives.",inspirational
Makeup and Murder,"Beauty consultant Ziva Diaz is a girl boss who doesn't back down from anyone. When she's attacked inside a client's home and wakes to find a dead body, she gives up the safety of selling lipsticks for the dangerous role of detective. The dead man was her top client's husband, and it turns out he used his money to buy more than happiness. With suspects piling up, a killer on the loose and her own life threatened, Ziva vows to solve the case and digs her high heels in even deeper. The last thing she expected is finding another dead body - or befriending the murderer!",suspenseful
A Fantasy Writers' Handbook,"""...by using a light touch and conversational style Richie Billing has probably produced the seminal work on the subject."" -- Charles Remington, Readers Favorite.'A Fantasy Writers' Handbook' provides detailed guidance on the pillars of storytelling, as well as aspects of writing that rarely feature in other books, such as writing fight scenes and world-building. At times the focus shifts away from the technical elements and considers the philosophies behind writing, ways to help you maintain focus, and methods of battling the demons of doubt that forever loom over our shoulders.Section two explores the thriving genre of fantasy and the many facets that make it what it is, before looking at the histories of our world that so often inspire our fantasy tales.The final part looks at the things that come after you've finished your story-formatting, peer reviewing, finding publishers-and other things the contemporary writer can do to enhance their careers, such as making and maintaining a website, blogging, and marketing methods.By the end, you'll have a sound foundation upon which to build as well as the tools to venture on alone with courage and confidence. To reach that point, all you need is a commitment to work hard and the determination to overcome the challenges ahead.",optimistic
Autobiographical Inscriptions,"By engaging current approaches to the genre, Autobiographical Inscriptions breaks new ground in the field of autobiography studies. The book is centered in a discussion of the ways that innovations of form and structure contain and bolster arguments for personhood articulated by Harriet Jacobs, Zora Neale Hurston, Hisaye Yamamoto, Maxine Hong Kingston, Leslie Marmon Silko, Adrienne Kennedy, and Cecile Pineda. Organized thematically, with each chapter focusing on central questions of form, this work pairs canonized texts with less well-known works, reading autobiographical works across cultural contexts, historical periods, and artistic media, and illustrating the stunning range of formal strategies available to and adopted by the American woman writer of color.",informative
Ash,"For the beautiful young woman Ash, life has always been arquebuses and artillery, swords and armour and the true horrors of hand-to-hand combat. War is her job. She has fought her way to the command of a mercenary company, and on her unlikely shoulders lies the destiny of a Europe threatened by the depredations of an Infidel army more terrible than any nightmare. ",pessimistic
Shared Fantasy,"This classic study still provides one of the most acute descriptions available of an often misunderstood subculture: that of fantasy role playing games like Dungeons & Dragons. Gary Alan Fine immerses himself in several different gaming systems, offering insightful details on the nature of the games and the patterns of interaction among players—as well as their reasons for playing.",informative
Home Game,"He's a professional hockey player trying to survive on his new team. I'm just trying to survive. I'm down to my last dollar.I live day-to-day in a world that doesn't care. Despite my bad luck, I'm a fighter. I never give up. I never stop trying. Ryan Parker's wealth and generosity, sets him apart from anyone I know.Yet, I don't trust him. It's nothing personal. I trust no one.But when my bad luck takes a turn for the worse, one person shows up.Ryan Parker. I do not understand why he bothered because the guy has enough of his own issues to deal with.But I don't have a choice.I need him. It's a matter of survival.His friendship changed everything. It changed me. I started to believe in myself.I allowed myself to trust. And for the first time, in a long time, I felt my heart beat again. In the game of love, winning is harder than it looks.I don't know the rules.I don't know how to win.But I'll play my heart out until the whistle blows.",inspirational
"Jordan Peterson, God, and Christianity","Jordan Peterson's lectures and writings on psychology, philosophy, and religion have been a cultural phenomenon. Yet Peterson's own thought is marked by a tensive suspension between archetype and reality--between the ideal of Christ and the God who acts in history. Jordan Peterson, God, and Christianity: The Search for a Meaningful Life is the first systematic analysis, from a Christian perspective, of both Peterson's biblical series on YouTube and his bestselling book 12 Rules for Life, with an epilogue examining its sequel, Beyond Order. Christopher Kaczor and Matthew R. Petrusek draw readers into the depths of Peterson's thought on Scripture, suffering, and meaning, exploring both the points of contact with Christianity and the ways in which faith fulfills Peterson's project.",informative
How To Write An Autobiographical Novel," As a novelist, Alexander Chee has been described as “masterful” by Roxane Gay, “incendiary” by the New York Times, and ""brilliant"" by the Washington Post. With his first collection of nonfiction, he’s sure to secure his place as one of the finest essayists of his generation as well. How to Write an Autobiographical Novel is the author’s manifesto on the entangling of life, literature, and politics, and how the lessons learned from a life spent reading and writing fiction have changed him. In these essays, he grows from student to teacher, reader to writer, and reckons with his identities as a son, a gay man, a Korean American, an artist, an activist, a lover, and a friend. He examines some of the most formative experiences of his life and the nation’s history, including his father’s death, the AIDS crisis, 9/11, the jobs that supported his writing ​— ​Tarot-reading, bookselling, cater-waiting for William F. Buckley ​— ​the writing of his first novel, Edinburgh, and the election of Donald Trump. By turns commanding, heartbreaking, and wry, How to Write an Autobiographical Novel asks questions about how we create ourselves in life and in art, and how to fight when our dearest truths are under attack. ",informative
Educated,"Tara Westover was seventeen when she first set foot in a classroom. Instead of traditional lessons, she grew up learning how to stew herbs into medicine, scavenging in the family scrap yard and helping her family prepare for the apocalypse. She had no birth certificate and no medical records and had never been enrolled in school. Westover’s mother proved a marvel at concocting folk remedies for many ailments. As Tara developed her own coping mechanisms, little by little, she started to realize that what her family was offering didn’t have to be her only education. Her first day of university was her first day in school—ever—and she would eventually win an esteemed fellowship from Cambridge and graduate with a PhD in intellectual history and political thought.",inspirational
Kushiel's Dart,"A world of cunning poets, deadly courtiers, deposed rulers and a besieged Queen, a warrior-priest, the Prince of Travelers, barbarian warlords, heroic traitors, and a truly Machiavellian villainess...all seen through the unflinching eyes of an unforgettable heroine. A nation born of angels, vast and intricate and surrounded by danger... a woman born to servitude, unknowingly given access to the secrets of the realm... Born with a scarlet mote in her left eye, Phédre nó Delaunay is sold into indentured servitude as a child. When her bond is purchased by an enigmatic nobleman, she is trained in history, theology, politics, foreign languages, the arts of pleasure. And above all, the ability to observe, remember, and analyze. Exquisite courtesan, talented spy...and unlikely heroine. But when Phédre stumbles upon a plot that threatens her homeland, Terre d'Ange, she has no choice. Betrayed into captivity in the barbarous northland of Skaldia and accompanied only by a disdainful young warrior-priest, Phédre makes a harrowing escape and an even more harrowing journey to return to her people and deliver a warning of the impending invasion. And that proves only the first step in a quest that will take her to the edge of despair and beyond. Phédre nó Delaunay is the woman who holds the keys to her realm's deadly secrets, and whose courage will decide the very future of her world. ",suspenseful
The Monk Who Sold His Ferrari: Special 25th Anniversary Edition,"Twenty-five years ago, a book was published that has transformed millions of lives. Sharing the astounding story of Julian Mantle, the superstar trial lawyer whose stunning material success masked unhappiness within, The Monk Who Sold His Ferrari was initially self-published in a small quantity but quickly became a word-of-mouth inspirational phenomenon that spread across the entire world. Now, with millions of copies sold, the life-changing wisdom contained in this #1 bestselling classic is even more relevant, as we seek happiness, fearlessness and a life that truly matters in these times of deep uncertainty. This limited 25th anniversary edition features a new introduction from the author and a special journal to help you materialize your highest desires. So you lead a life that electrifies your genius.",inspirational
Love and Other Puzzles,"Rory's life is perfectly predictable, ordered and on track – just the way she likes it. She walks her 12,000 steps a day, writes her to-do list and each night she prepares her breakfast chia pods and lays out her clothes for the next day. She's doing everything right. So why does everything feel so wrong? Deep down, she knows her life and career – not to mention her relationship – are going nowhere, and so Rory, in a moment of desperation, takes an uncharacteristic step: letting the clues of The New York Times crossword puzzle dictate all her decisions for a week. Just for a week, she reasons. Just to shake things up a bit. What's the worst that could happen? ",humorous
Manta's Gift,"When Matt Raimey had his accident, he thought his life was over. He never dreamed, in his wildest fantasies, that he'd end up in a spot like this. In the toxic atmosphere of Jupiter, born into the body of an enormous creature that looked like a cross between a manta ray and a dolphin, he is living a new life, unlike any humankind had previously experienced. An unbelievable turn of events, it gave him a reason to live, to survive, no matter what happened . . . but every second chance comes with conditions and responsibilities. And as those who brought him to this strange destiny have their authority stripped from them and he discovers the truth that only he can know about the giant alien creatures he now calls family, this man reborn as the one they now call Manta suddenly isn't sure he wasn't better off before. . . .",suspenseful
How to Win Friends and Influence People,"You can go after the job you want…and get it! You can take the job you have…and improve it! You can take any situation you’re in…and make it work for you! Since its release in 1936, How to Win Friends and Influence People has sold more than 30 million copies. Dale Carnegie’s first book is a timeless bestseller, packed with rock-solid advice that has carried thousands of now famous people up the ladder of success in their business and personal lives. As relevant as ever before, Dale Carnegie’s principles endure, and will help you achieve your maximum potential in the complex and competitive modern age. Learn the six ways to make people like you, the twelve ways to win people to your way of thinking, and the nine ways to change people without arousing resentment.",inspirational
Becoming Selfish,"ELI This is it. My senior year. My last shot to get called up to play in the National Hockey League. This season is about me. Though every season is about me. I'm the captain of my university's hockey team-the top scorer both on and off the ice-and everyone on campus knows my name. I feel the pressure every single day. I can't afford to get distracted. At least, that's what I keep reminding myself because my mind keeps straying to a certain redhead-my brother's best friend. She is nothing like I had expected. She's beautiful, smart, and too sweet for her own good. But I can't think about her. This is the year to focus on myself and my dream. I need to be selfish like I always am. So, why can't I get her out of my head? LOGAN This year is all about me. I've never put myself first, but for once, I'm going to. I'm in a new city, at a new school, and with my best friend. Everything will be different here. Minnesota is a fresh start for me-I can finally leave my past behind. I don't have to think about anyone else. I shouldn't be thinking about anyone else. Except I've finally met my best friend's brother. He's tall, athletic, and the most gorgeous man I've ever laid eyes on. He's sex on legs and charming as hell. His reputation, though? A glaring red flag, telling me to stay away. But no matter what I do, I just can't stop thinking about him...",humorous
The Road Less Travelled,"Life is difficult. This is a great truth, one of the greatest truths.' A timeless classic in personal development, The Road Less Travelled is a landmark work that has inspired millions. Drawing on the experiences of his career as a psychiatrist, Scott Peck combines scientific and spiritual views to guide us through the difficult, painful times in life by showing us how to confront our problems through the key principles of discipline, love and grace. Teaching us how to distinguish dependency from love, how to become a more sensitive parent and how to connect with your true self, this incredible book is the key to accepting and overcoming life's challenges and achieving a higher level of self-understanding.",inspirational
Anathem,"Fraa Erasmas is a young avout living in the Concent of Saunt Edhar, a sanctuary for mathematicians, scientists, and philosophers, protected from the corrupting influences of the outside ""saecular"" world by ancient stone, honored traditions, and complex rituals. Over the centuries, cities and governments have risen and fallen beyond the concent's walls. Three times during history's darkest epochs violence born of superstition and ignorance has invaded and devastated the cloistered mathic community. Yet the avout have always managed to adapt in the wake of catastrophe, becoming out of necessity even more austere and less dependent on technology and material things. And Erasmas has no fear of the outside—the Extramuros—for the last of the terrible times was long, long ago. Now, in celebration of the week-long, once-in-a-decade rite of Apert, the fraas and suurs prepare to venture beyond the concent's gates—at the same time opening them wide to welcome the curious ""extras"" in. During his first Apert as a fraa, Erasmas eagerly anticipates reconnecting with the landmarks and family he hasn't seen since he was ""collected."" But before the week is out, both the existence he abandoned and the one he embraced will stand poised on the brink of cataclysmic change. Powerful unforeseen forces jeopardize the peaceful stability of mathic life and the established ennui of the Extramuros—a threat that only an unsteady alliance of saecular and avout can oppose—as, one by one, Erasmas and his colleagues, teachers, and friends are summoned forth from the safety of the concent in hopes of warding off global disaster. Suddenly burdened with a staggering responsibility, Erasmas finds himself a major player in a drama that will determine the future of his world—as he sets out on an extraordinary odyssey that will carry him to the most dangerous, inhospitable corners of the planet . . . and beyond.",suspenseful
A Self-Help Guide for Copywriters,"From aspiring to expiring copywriters, this book will help you become a more efficient, more confident creative. In other words, you'll make more money. And friends. It's a little about the creative process and a lot about the craft of writing headlines, with over two hundred example ads. If you're looking for ""killer headline formulas that can't fail,"" ""data-driven headline conversion hacks,"" ""SEO secrets (Google doesn't want you to know),"" or ""can't-miss clickbait headlines,"" you can find everything you need in a search bar. If you want to learn how to come up with a crap ton of ideas and turn them into headlines that bring personality to your writing, click add to cart. Oh, and as much as the title of this book, A Self-Help Guide for Copywriters, was meant to be a little tongue-in-cheek, it's the only book on creativity in advertising that takes on the subject of creative self-doubt. It will help you whack-a-mole self-doubting thoughts before they can even get a word in. Note: This is also a great resource for people who dislike copywriters. Read this book and soon you'll be able to casually point out flaws in their work, making the fragile copywriter in your life feel even more insecure.",informative
How to Stay Sane,"There is no simple set of instructions that can guarantee sanity, but if you want to overcome emotional difficulties and become happier, psychotherapist Philippa Perry, author of The Book You Wish Your Parents Had Read, argues that there are four cornerstones to sanity you can influence to bring about change. By developing your self-observation skills, examining how you relate to others, breaking out of your comfort zone and exploring new ways of defining yourself, Philippa demonstrates that it is possible to become a little less tortured and a little more fulfilled. How to Stay Sane is at once a brilliant explanation of our minds and a profoundly useful guide to facing up to the many challenges life throws our way. The School of Life looks at new ways of thinking about life’s biggest questions. Discover more fascinating books from the series with How to Be Alone and How to Think More About Sex.",informative
Real Frank Zappa Book,"The Real Frank Zappa Bookis the real story of how he became the state of the art in weirdness, as only he can tell it: wild rock 'n' roll road stories, confrontations with bureaucratic idiocy, and more.",humorous
The Nowhere Emporium,"When the mysterious Nowhere Emporium arrives in Glasgow, orphan Daniel Holmes stumbles upon it quite by accident. Before long, the 'shop from nowhere' -- and its owner, Mr Silver -- draw Daniel into a breathtaking world of magic and enchantment. Recruited as Mr Silver's apprentice, Daniel learns the secrets of the Emporium's vast labyrinth of passageways and rooms -- rooms that contain wonders beyond anything Daniel has ever imagined. But when Mr Silver disappears, and a shadow from the past threatens everything, the Emporium and all its wonders begin to crumble. Can Daniel save his home, and his new friends, before the Nowhere Emporium is destroyed forever? ",suspenseful
Outwitting the Devil,"Originally written in 1938 but never published due to its controversial nature, an insightful guide reveals the seven principles of good that will allow anyone to triumph over the obstacles that must be faced in reaching personal goals. Using his legendary ability to get to the root of human potential, Napoleon Hill digs deep to identify the greatest obstacles we face in reaching personal fear, procrastination, anger, and jealousy, as tools of the Devil. These hidden methods of control can lead us to ruin, and Hill reveals the seven principles of good that will allow us to triumph over them and succeed.",inspirational
The Worm Ouroboros,"""The Worm Ouroboros"" by Eric Rücker Eddison is a classic fantasy novel that transports readers to the enchanting world of Mercury, where two rival kingdoms, Witchland and Demonland, engage in a timeless struggle for power and supremacy. Set against a backdrop of epic battles, intricate political intrigues, and mythical creatures, the novel follows the adventures of heroes and villains alike as they navigate a landscape fraught with magic and danger. Eddison's rich prose and vivid imagination create a captivating tale that explores themes of honor, loyalty, and the eternal conflict between good and evil. ",poetic
The Shadow of the Wind,"Barcelona, 1945: A city slowly heals in the aftermath of the Spanish Civil War, and Daniel, an antiquarian book dealer’s son who mourns the loss of his mother, finds solace in a mysterious book entitled The Shadow of the Wind, by one Julián Carax. But when he sets out to find the author’s other works, he makes a shocking discovery: someone has been systematically destroying every copy of every book Carax has written. In fact, Daniel may have the last of Carax’s books in existence. Soon Daniel’s seemingly innocent quest opens a door into one of Barcelona’s darkest secrets—an epic story of murder, madness, and doomed love.",suspenseful
Reference and Research Guide to Mystery and Detective Fiction,"This new edition of Bleiler's popular and award-winning guide is a superb reference and research tool, as well as an invaluable aid to collection development. Evaluative reviews of approximately 1,000 reference works on mystery and detective fiction provide in-depth discussions of their contents, strengths, weaknesses, and usefulness, often comparing titles to similar or competing works. Encyclopedias, biographical dictionaries, genre guides, national bibliographies, media studies, general reader's guides, web sites, and organizations are just some of the information sources covered in this thorough source. All annotations from the previous edition have been reviewed, revised, and updated; and complete critical reviews of works published since the last edition have been added, including titles released in the present year (2003). More than one third of monographic citations are new to this edition. In a feature new to this edition, Bleiler indexes reference works that provide biographical information on mystery writers, and lists the key websites on these authors. More than 2,500 bio-bibliographic citations to individual mystery writers are given-information that will be particularly useful to those researching specific authors. Organized by publication type for easy access, this work also features a detailed index, making it an essential guide for scholars, researchers, educators, readers' advisors, reference librarians, collection development specialists, and fans.",informative
Neil Patrick Harris,"Seeking an exciting read that puts the “u” back in “aUtobiography”? Look no further than Neil Patrick Harris: Choose Your Own Autobiography! In this entertaining and innovative memoir, Neil Patrick Harris shares intimate and hilarious stories about everything from his early days in LA, life on the How I Met Your Mother set, secrets from backstage at award shows, and family life with David, Harper, and Gideon. In a fresh spin on the typical celebrity narrative, he lets you, the reader, choose which path you want him to follow. All this plus magic tricks, cocktail recipes, embarrassing pictures from his time as a child actor, and even a closing song!",humorous
Class Fictions,"Many recent discussions of working-class culture in literary and cultural studies have tended to present an oversimplified view of resistance. In this groundbreaking work, Pamela Fox offers a far more complex theory of working-class identity, particularly as reflected in British novels of the late nineteenth and early twentieth centuries. Through the concept of class shame, she produces a model of working-class subjectivity that understands resistance in a more accurate and useful way—as a complicated kind of refusal, directed at both dominated and dominant culture. With a focus on certain classics in the working-class literary ""canon,"" such as The Ragged Trousered Philanthropists and Love on the Dole, as well as lesser-known texts by working-class women, Fox uncovers the anxieties that underlie representations of class and consciousness. Shame repeatedly emerges as a powerful counterforce in these works, continually unsettling the surface narrative of protest to reveal an ambivalent relation toward the working-class identities the novels apparently champion. Class Fictions offers an equally rigorous analysis of cultural studies itself, which has historically sought to defend and value the radical difference of working-class culture. Fox also brings to her analysis a strong feminist perspective that devotes considerable attention to the often overlooked role of gender in working-class fiction. She demonstrates that working-class novels not only expose master narratives of middle-class culture that must be resisted, but that they also reveal to us a need to create counter narratives or formulas of working-class life. In doing so, this book provides a more subtle sense of the role of resistance in working class culture. While of interest to scholars of Victorian and working-class fiction, Pamela Fox’s argument has far-reaching implications for the way literary and cultural studies will be defined and practiced.",informative
Power That Preserves,"Twice before Thomas Covenant had been summoned to the strange otherworld where magic worked. Twice before he had been forced to join with the Lords of Revelstone in their war against Lord Foul, the ancient enemy of the Land. Now he was back—to a Land ravaged by the armies of Lord Foul. The Lords were besieged and helpless. No place was safe, and Foul's victory seemed certain. Only Covenant could avert it. Desperately and without hope, he set out to confront the might of the Enemy. Along with him traveled a Giant, a Bloodguard, and the madwoman he had wronged. And in Foul's Creche, Lord Foul grew in power with each new defeat for the Land.",pessimistic
Lud-in-the-Mist,"Lud-in-the-Mist, the capital city of the small country Dorimare, is a port at the conﬂuence of two rivers, the Dapple and the Dawl. The Dapple has its origin beyond the Debatable Hills to the west of Lud-in-the-Mist, in Fairyland. In the days of Duke Aubrey, some centuries earlier, fairy things had been looked upon with reverence, and fairy fruit was brought down the Dapple and enjoyed by the people of Dorimare. But after Duke Aubrey had been expelled from Dorimare by the burghers, the eating of fairy fruit came to be regarded as a crime, and anything related to Fairyland was unspeakable. Now, when his son Ranulph is believed to have eaten fairy fruit, Nathaniel Chanticleer, the mayor of Lud-in-the-Mist, finds himself looking into old mysteries in order to save his son and the people of his city.",poetic
Telling the Stories of Life through Guided Autobiography Groups,"Telling the Stories of Life through Guided Autobiography Groups, based on James Birren's 25 years of conducting autobiography groups, discusses all the topics an organizer faces while developing a program for adults who want to recall and write down their life histories. This book is ideal for adult education programs, church groups, social workers, psychologists, gerontologists, and others who work with adults who might be interested in exploring, recording, or sharing their personal histories. It helps professionals and trained workshop leaders at community centers, senior centers, schools and other settings guide group participants in exploring major themes of their lives so that they can organize and write their stories and share them in a group with others on the same journey. This exercise is rewarding for adults of any age in a period of transition or with interest in gaining insight from their own stories. Personal development and a feeling of connection to other participants and their stories is a natural outcome of this process. This book provides background material and detailed lesson plans for those who wish to develop and lead an autobiography group. The authors explain the concept of guided autobiography, discuss the benefits to the group participants, and provide logistical information on how to plan, organize, and set up a group. An appendix provides exercises, handouts, and suggested adaptations for specific groups. The book also explains a systematic method of priming memories, including the history of family and of one's life work, the role of money, health and the body, and ideas about death. At a time when rapid change has created a widespread yearning to write down and exchange personal accounts, sharing life stories can reveal a great deal about how we have come to be the persons we are. Telling the Stories of Life through Guided Autobiography Groups shows how to organize, record, and share life experiences through a proven and effective technique.",informative
Science Fiction beyond Borders,"Since the turn of the previous century, science fiction and its native tropes have been used by authors, artists, filmmakers and critics in order to challenge boundaries – whether these be conceptual, literary or metaphorical. Uniquely inherent to the genre is its ability to explore, as a form of thought experiment, different ways of crossing and subverting borders previously thought to be inviolable; these transgressions and their effects on popular culture have in turn led to an increased presence of science fiction studies in academia. This volume features papers presented at the 2014 and 2015 Science Fiction Symposia, held at Tel-Aviv University. These essays, submitted by an eclectic mix of scholars from different disciplines, institutes and walks of life, demonstrate the diversity and adaptability of science fiction as a tool for asking – and answering – impossible questions.",informative
Mystery of the Night Watchers,"MAY, 1910. As the blazing Halley's comet draws close to the earth, Nancy is uprooted to start a new life in Suffolk with a grandfather she has never met. With every curtain drawn shut, Nancy is forbidden from leaving her grandfather's house: no one must know that her or her mother are there. Yet, when Nancy discovers the house's secret observatory, she watches her mother and grandfather creep out every night... Where are they going? And why mustn't any of them be seen? As the mysteries pile up, Nancy has to bring dark secrets from the past to light - even if doing so will put her own life at risk.",suspenseful
Waylon: An Autobiography,"Waylon Jennings relates the story of his life as a country music star. His beginnings were poor but he became Buddy Holly's protege before sinking into drug abuse and 3 failed marriages. His success came when he met his present wife, Jessi Colter.",informative
Hurricanes,"The highly anticipated memoir from hip-hop icon Rick Ross chronicles his coming of age amid Miami’s crack epidemic, his star-studded controversies and his unstoppable rise to fame. Rick Ross is an indomitable presence in the music industry, but few people know his full story. Now, for the first time, Ross offers a vivid, dramatic and unexpectedly candid account of his early childhood, his tumultuous adolescence and his dramatic ascendancy in the world of hip-hop. Born William Leonard Roberts II, Ross grew up “across the bridge,” in a Miami at odds with the glitzy beaches, nightclubs and yachts of South Beach. In the aftermath of the 1980 race riots and the Mariel boatlift, Ross came of age at the height of the city’s crack epidemic, when home invasions and execution-style killings were commonplace. Still, in the midst of the chaos and danger that surrounded him, Ross flourished, first as a standout high school football player and then as a dope boy in Carol City’s notorious Matchbox housing projects. All the while he honed his musical talent, overcoming setback after setback until a song called “Hustlin’” changed his life forever. From the making of “Hustlin’” to his first major label deal with Def Jam, to the controversy surrounding his past as a correctional officer and the numerous health scares, arrests and feuds he had to transcend along the way, Hurricanes is a revealing portrait of one of the biggest stars in the rap game, and an intimate look at the birth of an artist.",optimistic
The Autobiography of a Transgender Scientist,"A leading scientist describes his life, his gender transition, his scientific work, and his advocacy for gender equality in science. Ben Barres was known for his groundbreaking scientific work and for his groundbreaking advocacy for gender equality in science. In this book, completed shortly before his death from pancreatic cancer in December 2017, Barres (born in 1954) describes a life full of remarkable accomplishments—from his childhood as a precocious math and science whiz to his experiences as a female student at MIT in the 1970s to his female-to-male transition in his forties, to his scientific work and role as teacher and mentor at Stanford. Barres recounts his early life—his interest in science, first manifested as a fascination with the mad scientist in Superman; his academic successes; and his gender confusion. Barres felt even as a very young child that he was assigned the wrong gender. After years of being acutely uncomfortable in his own skin, Barres transitioned from female to male. He reports he felt nothing but relief on becoming his true self. He was proud to be a role model for transgender scientists. As an undergraduate at MIT, Barres experienced discrimination, but it was after transitioning that he realized how differently male and female scientists are treated. He became an advocate for gender equality in science, and later in life responded pointedly to Larry Summers's speculation that women were innately unsuited to be scientists. Privileged white men, Barres writes, “miss the basic point that in the face of negative stereotyping, talented women will not be recognized.” At Stanford, Barres made important discoveries about glia, the most numerous cells in the brain, and he describes some of his work. “The most rewarding part of his job,” however, was mentoring young scientists. That, and his advocacy for women and transgender scientists, ensures his legacy.",inspirational
The War of the Worlds,"At the turn of the twentieth century, few would believe that mankind is being watched from above. But millions of miles from Earth, the lords of the Red Planet prepare their armies for invasion, waiting for the moment to strike. When they land in the English countryside, baffled humans approach, waving white flags, and the Martians burn them to a crisp. The war has begun, and mankind doesn’t stand a chance. As Martian armies roll across England, one man fights to keep his family safe, risking his life—and his sanity—on the front lines of the greatest war in galactic history. ",suspenseful
Intertextuality and Victorian Studies,"This book explores the recall of the Victorians, displayed by select novels ranging in time from Rhys s Wide Sargasso Sea (1996) to A. S. Byatt s Possession: A Romance (1990). These Victorianist novels are complex studies of Victorian literature, society and modes of representation.",informative
The Manatee,"A story of Nantucket whaling days. Searing hatred and vibrant love vie for the possession of captain Jabez Folger’s soul. This stemmed from his first voyage when he had an experience so evil that it changed his life. Now and then a warm and gentle spirit would emerge, his old self. Under this influence he married a lovely Quaker girl but now he had turned against dry land. His love centered on the mermaid figure head on his boat, a symbol of the beauty and indifference of the sea. A powerful book, vivid characters, a plot breathtaking in scope.",poetic
Pele: The Autobiography,"Even people who don't know football know Pelé. The best of a generation of Brazilian players universally acknowledged as the most accomplished and attractive group of footballers ever to play the game, he won the World Cup three times and is Brazil's all-time record goalscorer. But how did this man -- a sportsman, a mere footballer, like many others -- become a global icon? Was it just by being the best at what he did, or do people respond to some other quality? The world's greatest footballer now gives us the full story of his incredible life and career. Told with his characteristic grace and modesty, but covering all aspects of his playing days and his subsequent careers as politician, international sporting ambassador and cultural icon, PELE: THE AUTOBIOGRAPHY is an essential volume for all sports fans, and anyone who admires true rarity of spirit.",optimistic
Consuming Autobiographies,"""Since 1975, French literary writing has been marked by an autobiographical turn which has seen authors increasingly often tap into the vein of what the French term ecriture de soi. This coincides, paradoxically, with the 'death of autobiography', as these authors self-consciously distance themselves and their writings from conventional autobiography, founding a 'nouvelle autobiographie' where the very possibility of autobiographical expression is questioned. In the first book-length study in English to address this phenomenon, Claire Boyle sheds a new light on this hostility toward autobiography through a series of ground-breaking studies of estrangement in autobiographical works by major post-war authors Nathalie Sarraute, Georges Perec, Jean Genet and Helene Cixous. She identifies autobiography as a site of conflict between writer and reader, as authors struggle to assert the unknowableness of their identity in the face of a readership resolutely desiring privileged knowledge. Autobiography emerges as a deeply troubling genre for authors, with the reader as an antagonistic consumer of the autobiographical self.""",informative
The Silent Patient,"Alicia Berenson’s life is seemingly perfect. A famous painter married to an in-demand fashion photographer, she lives in a grand house with big windows overlooking a park in one of London’s most desirable areas. One evening her husband Gabriel returns home late from a fashion shoot, and Alicia shoots him five times in the face, and then never speaks another word. Alicia’s refusal to talk, or give any kind of explanation, turns a domestic tragedy into something far grander, a mystery that captures the public imagination and casts Alicia into notoriety. The price of her art skyrockets, and she, the silent patient, is hidden away from the tabloids and spotlight at the Grove, a secure forensic unit in North London. Theo Faber is a criminal psychotherapist who has waited a long time for the opportunity to work with Alicia. His determination to get her to talk and unravel the mystery of why she shot her husband takes him down a twisting path into his own motivations—a search for the truth that threatens to consume him....",suspenseful
The Happiness Mindset,"There are some things in life nobody ever tells you. Things that you somehow just figure out on your own as you grow up, through life experience or observations of how other people handle things, or otherwise through seeking professional help. For example, dealing with a relationship breakup; facing rejection at school or at job interviews; being betrayed by a friend or a lover; suffering a financial loss; or falling seriously ill. These are universal experiences that everyone goes through. No one is immune to them. Do you sometimes wish someone had told you how to prevent these negative events, or at least shown you how to recover quickly from setbacks, losses or pain so you could quickly bounce back, focus on the things you love and live a happier, more successful life? This book includes 12 life strategies designed to guarantee a happier and more rewarding life and teach you how to create a ""winning"" mind set so that no matter what life throws at you, you can experience happiness and success and go from strength to strength.",informative
Fantasy Baseball,"The Wizard of Oz meets America's favorite pastime! Alex Metcalf must be dreaming. What else would explain why he's playing baseball for the Oz Cyclones, with Dorothy as his captain, in the Ever After Baseball Tournament? But Alex isn't dreaming; he's just from the real world. And winning the tournament might be his only chance to get back there, because the champions get a wish granted by the Wizard. Too bad Ever After's most notorious criminal, the Big Bad Wolf, is also after the wishes. And anyone who gets in his way gets eaten! From beloved baseball author Alan Gratz comes a novel in which classic literary characters are baseball crazy, and one real-world boy must face his fears and discover the surprising truth about himself.",optimistic
Digital Minimalism,"Minimalism is the art of knowing how much is just enough. Digital minimalism applies this idea to our personal technology. It's the key to living a focused life in an increasingly noisy world. In this timely and enlightening book, the bestselling author of Deep Work introduces a philosophy for technology use that has already improved countless lives. Digital minimalists are all around us. They're the calm, happy people who can hold long conversations without furtive glances at their phones. They can get lost in a good book, a woodworking project, or a leisurely morning run. They can have fun with friends and family without the obsessive urge to document the experience. They stay informed about the news of the day, but don't feel overwhelmed by it. They don't experience ""fear of missing out"" because they already know which activities provide them meaning and satisfaction. Now, Newport gives us a name for this quiet movement, and makes a persuasive case for its urgency in our tech-saturated world. Common sense tips, like turning off notifications, or occasional rituals like observing a digital sabbath, don't go far enough in helping us take back control of our technological lives, and attempts to unplug completely are complicated by the demands of family, friends and work. What we need instead is a thoughtful method to decide what tools to use, for what purposes, and under what conditions. Drawing on a diverse array of real-life examples, from Amish farmers to harried parents to Silicon Valley programmers, Newport identifies the common practices of digital minimalists and the ideas that underpin them. He shows how digital minimalists are rethinking their relationship to social media, rediscovering the pleasures of the offline world, and reconnecting with their inner selves through regular periods of solitude. He then shares strategies for integrating these practices into your life, starting with a thirty-day ""digital declutter"" process that has already helped thousands feel less overwhelmed and more in control. Technology is intrinsically neither good nor bad. The key is using it to support your goals and values, rather than letting it use you. This book shows the way.",optimistic
Fahrenheit 451,"Guy Montag is a fireman. His job is to destroy the most illegal of commodities, the printed book, along with the houses in which they are hidden. Montag never questions the destruction and ruin his actions produce, returning each day to his bland life and wife, Mildred, who spends all day with her television “family.” But when he meets an eccentric young neighbor, Clarisse, who introduces him to a past where people didn’t live in fear and to a present where one sees the world through the ideas in books instead of the mindless chatter of television, Montag begins to question everything he has ever known.",suspenseful
Start Where You Are,"The perennially helpful guide to transforming our pains and difficulties into opportunities for genuine joy and personal growth, from the beloved Buddhist nun and author of When Things Fall Apart We all want to be fearless, joyful, and fully alive. And we all know that it’s not so easy. We’re bombarded every day with false promises of ways to make our lives better—buy this, go here, eat this, don’t do that; the list goes on and on. But Pema Chödrön shows that, until we get to the heart of who we are and really make friends with ourselves, everything we do will always be superficial. In this perennial self-help bestseller, Pema offers down-to-earth guidance on how we can go beyond the fleeting attempts to “fix” our pain and, instead, to take our lives as they are as the only path to achieve what we all yearn for most deeply—to embrace rather than deny the difficulties of our lives. These teachings, framed around fifty-nine traditional Tibetan Buddhist maxims, point us directly to our own hearts and minds, such as “Always meditate on whatever provokes resentment,” “Be grateful to everyone,” and “Don’t expect applause.” By working with these slogans as everyday meditations, Start Where You Are shows how we can all develop the courage to work with our own inner pain and discover true joy, holistic well-being, and unshakeable confidence.",informative
Low Town,"Drug dealers, hustlers, brothels, dirty politics, corrupt cops . . . and sorcery. Welcome to Low Town. In the forgotten back alleys and flophouses that lie in the shadows of Rigus, the finest city of the Thirteen Lands, you will find Low Town. It is an ugly place, and its cham­pion is an ugly man. Disgraced intelligence agent. Forgotten war hero. Independent drug dealer. After a fall from grace five years ago, a man known as the Warden leads a life of crime, addicted to cheap violence and expensive drugs. Every day is a constant hustle to find new customers and protect his turf from low-life competition like Tancred the Harelip and Ling Chi, the enigmatic crime lord of the heathens. The Warden’s life of drugged iniquity is shaken by his dis­covery of a murdered child down a dead-end street . . . set­ting him on a collision course with the life he left behind. As a former agent with Black House—the secret police—he knows better than anyone that murder in Low Town is an everyday thing, the kind of crime that doesn’t get investi­gated. To protect his home, he will take part in a dangerous game of deception between underworld bosses and the psy­chotic head of Black House, but the truth is far darker than he imagines. In Low Town, no one can be trusted. ",pessimistic
Gender and Women's Leadership,"These volumes provide an authoritative reference resource on leadership issues specific to women and gender, with a focus on positive aspects and opportunities for leadership in various domains.",informative
Fantasy Life,"Includes new chapters with small, easy-to-understand words. Bestselling words! Fantasy football, fantasy baseball, fantasy basketball, even fantasy sumo wrestling: the world of fantasy sports is huge, and still growing. Today, more than 35 million people in the United States and Canada spend hours upon hours each week on their fantasy sports teams. And as the Senior Fantasy Sports Analyst for ESPN, Matthew Berry is on the front lines of what has grown from a niche subculture into a national pastime. In his New York Times-bestselling Fantasy Life, Berry celebrates every aspect of the fantasy sports world. Brilliant trash talk. Unbelievable trophies. Insane draft day locations. Shake-your-head-in-disbelief punishments. Ingenious attempts at cheating. And surprisingly uplifting stories that remind us why we play these games in the first place. Written with the same award-winning style that has made Berry one of the most popular columnists on ESPN.com, Fantasy Life is a book for both hard-core fantasy players and people who have never played before. Between tales of love and hate, birth and death, tattoos and furry animal costumes, the White House Situation Room and a 126-pound golden pelican, Matthew chronicles his journey from a fourteen-year-old fantasy player to the face of fantasy sports for the largest sports media company in the world. Fantasy will save your life. Fantasy will set you free. And fantasy life is most definitely better than real life. You’ll see.",humorous
